Año,Semana,Ceco,FHW
2026,1,38209,0.2%
2026,1,38317,2.7%
2026,1,38489,0.2%
2026,1,38589,3.8%
2026,1,38843,1.4%
2026,1,38872,4.1%
2026,1,38950,0.4%
2026,1,38989,3.9%
2026,1,43029,0.1%
2026,1,38101,0.6%
2026,1,38240,0.2%
2026,1,38272,1.1%
2026,1,38285,0.4%
2026,1,38291,1.0%
2026,1,38389,3.8%
2026,1,38404,6.2%
2026,1,38422,4.4%
2026,1,38433,1.7%
2026,1,38555,1.6%
2026,1,38613,14.4%
2026,1,38654,4.4%
2026,1,38681,5.8%
2026,1,38183,0.6%
2026,1,38387,4.1%
2026,1,38577,0.1%
2026,1,38721,0.5%
2026,1,38732,0.5%
2026,1,38736,0.1%
2026,1,38813,0.1%
2026,1,38821,0.2%
2026,1,38857,2.5%
2026,1,43008,4.7%
2026,1,43124,0.2%
2026,1,38344,8.9%
2026,1,38635,12.7%
2026,1,38858,2.6%
2026,1,38109,5.0%
2026,1,38173,0.5%
2026,1,38378,3.3%
2026,1,38423,1.5%
2026,1,38432,4.5%
2026,1,38440,1.5%
2026,1,38483,5.5%
2026,1,38498,1.9%
2026,1,38504,3.4%
2026,1,38554,0.3%
2026,1,38556,2.0%
2026,1,38558,7.5%
2026,1,38602,4.3%
2026,1,38658,1.8%
2026,1,38752,3.3%
2026,1,38850,4.6%
2026,1,38113,4.9%
2026,1,38139,5.9%
2026,1,38152,12.6%
2026,1,38208,8.0%
2026,1,38239,5.6%
2026,1,38365,4.2%
2026,1,38417,5.6%
2026,1,38430,2.8%
2026,1,38484,15.0%
2026,1,38585,5.6%
2026,1,38620,2.0%
2026,1,38663,10.7%
2026,1,43025,7.1%
2026,1,38111,2.8%
2026,1,38118,6.1%
2026,1,38194,9.5%
2026,1,38219,0.9%
2026,1,38349,14.7%
2026,1,38399,3.8%
2026,1,38405,1.6%
2026,1,38470,5.5%
2026,1,38557,2.9%
2026,1,38581,6.1%
2026,1,38600,0.1%
2026,1,38612,4.4%
2026,1,38676,6.3%
2026,1,38982,7.9%
2026,1,38107,2.0%
2026,1,38116,6.1%
2026,1,38124,5.3%
2026,1,38129,5.5%
2026,1,38169,5.6%
2026,1,38398,7.2%
2026,1,38428,12.7%
2026,1,38447,4.5%
2026,1,38544,4.1%
2026,1,38571,6.3%
2026,1,38580,3.8%
2026,1,38615,4.6%
2026,1,38691,9.7%
2026,1,38226,11.2%
2026,1,38279,0.1%
2026,1,38289,7.6%
2026,1,38418,0.8%
2026,1,38419,1.1%
2026,1,38468,0.6%
2026,1,38477,0.9%
2026,1,38496,5.1%
2026,1,38611,10.5%
2026,1,38645,0.2%
2026,1,38725,2.8%
2026,1,43070,7.3%
2026,1,38131,3.4%
2026,1,38172,4.9%
2026,1,38402,2.1%
2026,1,38406,0.4%
2026,1,38543,5.5%
2026,1,38560,2.0%
2026,1,38605,5.3%
2026,1,38625,12.6%
2026,1,38771,0.1%
2026,1,38784,2.5%
2026,1,38791,0.1%
2026,1,38806,3.7%
2026,1,38866,0.7%
2026,1,38133,0.2%
2026,1,38190,0.2%
2026,1,38192,0.0%
2026,1,38280,0.2%
2026,1,38634,0.0%
2026,1,38638,0.2%
2026,1,38804,0.1%
2026,1,38949,0.1%
2026,1,43069,0.3%
2026,1,43074,0.4%
2026,1,43166,0.3%
2026,1,38146,1.8%
2026,1,38157,0.3%
2026,1,38519,0.3%
2026,1,38698,0.9%
2026,1,38761,1.0%
2026,1,38819,1.2%
2026,1,38831,0.3%
2026,1,38840,3.2%
2026,1,38897,3.8%
2026,1,43009,2.3%
2026,1,38114,5.6%
2026,1,38360,10.8%
2026,1,38367,3.3%
2026,1,38379,0.7%
2026,1,38393,6.5%
2026,1,38469,3.6%
2026,1,38471,4.5%
2026,1,38472,9.0%
2026,1,38494,5.6%
2026,1,38637,1.0%
2026,1,38164,0.4%
2026,1,38222,0.6%
2026,1,38264,0.1%
2026,1,38599,0.8%
2026,1,38690,1.9%
2026,1,38731,0.1%
2026,1,38756,0.0%
2026,1,38787,0.2%
2026,1,38942,0.7%
2026,1,43100,2.5%
2026,1,38204,0.5%
2026,1,38359,0.9%
2026,1,38876,1.6%
2026,1,38917,4.6%
2026,1,43021,2.7%
2026,1,38217,0.6%
2026,1,38257,1.0%
2026,1,38516,0.2%
2026,1,38610,0.2%
2026,1,38993,1.1%
2026,1,43086,1.4%
2026,1,43146,0.7%
2026,1,38211,1.2%
2026,1,38214,5.7%
2026,1,38354,6.7%
2026,1,38370,3.1%
2026,1,38639,1.4%
2026,1,38711,0.4%
2026,1,38723,1.1%
2026,1,38889,0.1%
2026,1,38972,2.0%
2026,1,38990,8.7%
2026,1,43001,2.3%
2026,1,38134,2.8%
2026,1,38260,5.0%
2026,1,38340,9.4%
2026,1,38464,10.3%
2026,1,38482,5.8%
2026,1,38501,4.8%
2026,1,38513,1.9%
2026,1,38526,7.0%
2026,1,38569,4.5%
2026,1,38570,2.5%
2026,1,38579,10.1%
2026,1,38619,10.6%
2026,1,38888,2.0%
2026,1,38941,0.5%
2026,1,38296,0.6%
2026,1,38328,4.9%
2026,1,38435,0.8%
2026,1,38488,2.8%
2026,1,38712,2.3%
2026,1,38744,0.6%
2026,1,38805,0.2%
2026,1,38828,1.9%
2026,1,38928,1.0%
2026,1,38975,7.6%
2026,1,38408,2.3%
2026,1,38525,1.4%
2026,1,38738,0.2%
2026,1,38781,0.7%
2026,1,38839,2.0%
2026,1,38946,1.5%
2026,1,38966,3.8%
2026,1,38967,0.4%
2026,1,38267,3.6%
2026,1,38503,2.9%
2026,1,38760,0.2%
2026,1,38825,0.2%
2026,1,38842,2.2%
2026,1,38923,1.3%
2026,1,38979,0.6%
2026,1,38991,2.0%
2026,1,43190,0.9%
2026,1,38273,0.6%
2026,1,38275,0.1%
2026,1,38335,0.2%
2026,1,38454,0.3%
2026,1,38593,0.2%
2026,1,38921,0.1%
2026,1,38956,0.2%
2026,1,38983,1.0%
2026,1,43114,0.3%
2026,1,43115,1.3%
2026,1,43138,0.0%
2026,1,38436,0.1%
2026,1,38491,1.0%
2026,1,38782,4.2%
2026,1,38890,0.5%
2026,1,43010,1.5%
2026,1,38236,2.8%
2026,1,38309,3.6%
2026,1,38397,0.4%
2026,1,38413,0.5%
2026,1,38566,1.6%
2026,1,38614,0.3%
2026,1,38636,2.5%
2026,1,38648,1.7%
2026,1,38696,0.1%
2026,1,38838,4.0%
2026,1,43118,1.1%
2026,1,43137,1.7%
2026,1,38159,1.2%
2026,1,38338,0.1%
2026,1,38345,1.3%
2026,1,38479,5.1%
2026,1,38647,4.2%
2026,1,38868,0.6%
2026,1,38881,0.4%
2026,1,38931,0.9%
2026,1,38938,0.7%
2026,1,38969,0.5%
2026,1,38137,2.5%
2026,1,38143,5.5%
2026,1,38144,0.8%
2026,1,38153,5.1%
2026,1,38195,1.6%
2026,1,38229,10.4%
2026,1,38624,8.5%
2026,1,38640,3.7%
2026,1,38660,4.0%
2026,1,38994,12.1%
2026,1,43172,9.3%
2026,1,38210,1.1%
2026,1,38242,0.4%
2026,1,38288,2.3%
2026,1,38346,0.9%
2026,1,38381,0.3%
2026,1,38517,0.2%
2026,1,38523,1.6%
2026,1,38713,0.7%
2026,1,38863,0.2%
2026,1,38879,0.8%
2026,1,38162,7.4%
2026,1,38177,6.5%
2026,1,38213,0.8%
2026,1,38352,0.9%
2026,1,38356,2.3%
2026,1,38449,3.9%
2026,1,38542,2.0%
2026,1,38575,7.2%
2026,1,38588,6.7%
2026,1,38861,2.0%
2026,1,43046,3.0%
2026,1,43051,6.8%
2026,1,38409,2.4%
2026,1,38448,1.8%
2026,1,38486,0.8%
2026,1,38551,3.0%
2026,1,38583,0.1%
2026,1,38675,2.2%
2026,1,38702,0.4%
2026,1,38703,3.0%
2026,1,43057,0.4%
2026,1,43084,0.9%
2026,1,43148,0.8%
2026,1,38147,3.7%
2026,1,38163,1.7%
2026,1,38174,1.9%
2026,1,38407,1.4%
2026,1,38672,0.0%
2026,1,38699,0.1%
2026,1,38700,0.0%
2026,1,38733,0.3%
2026,1,38753,0.1%
2026,1,38754,0.1%
2026,1,43047,1.3%
2026,1,38121,8.1%
2026,1,38366,2.8%
2026,1,38386,0.5%
2026,1,38461,3.6%
2026,1,38538,16.3%
2026,1,38709,26.8%
2026,1,38717,15.9%
2026,1,38722,11.2%
2026,1,38727,7.8%
2026,1,43041,15.3%
2026,1,38103,7.5%
2026,1,38104,4.8%
2026,1,38106,5.9%
2026,1,38112,3.4%
2026,1,38188,6.9%
2026,1,38227,3.4%
2026,1,38617,12.2%
2026,1,38646,5.7%
2026,1,38692,8.0%
2026,1,38730,4.5%
2026,1,38746,3.0%
2026,1,43142,7.7%
2026,1,38115,5.9%
2026,1,38119,9.3%
2026,1,38142,15.8%
2026,1,38149,8.8%
2026,1,38266,17.6%
2026,1,38270,16.3%
2026,1,38363,2.5%
2026,1,38394,9.6%
2026,1,38507,3.8%
2026,1,38535,11.0%
2026,1,38925,9.9%
2026,1,43043,9.7%
2026,1,43130,5.7%
2026,1,38108,7.3%
2026,1,38110,1.0%
2026,1,38128,0.6%
2026,1,38187,2.2%
2026,1,38191,2.8%
2026,1,38202,2.9%
2026,1,38220,2.3%
2026,1,38382,0.9%
2026,1,38415,0.7%
2026,1,38481,1.2%
2026,1,38522,3.7%
2026,1,38541,4.0%
2026,1,38597,9.5%
2026,1,38627,1.2%
2026,1,38136,2.8%
2026,1,38186,8.4%
2026,1,38374,10.0%
2026,1,38442,8.3%
2026,1,38460,4.7%
2026,1,38606,7.5%
2026,1,38661,12.4%
2026,1,38674,7.4%
2026,1,38694,2.4%
2026,1,38792,5.9%
2026,1,38845,2.8%
2026,1,38138,0.2%
2026,1,38141,3.5%
2026,1,38319,0.3%
2026,1,38441,2.4%
2026,1,38547,5.7%
2026,1,38668,3.6%
2026,1,38841,0.9%
2026,1,38896,11.3%
2026,1,38987,1.8%
2026,1,43059,2.9%
2026,1,43068,0.2%
2026,1,38158,2.6%
2026,1,38166,3.9%
2026,1,38390,4.0%
2026,1,38400,0.2%
2026,1,38445,2.6%
2026,1,38512,12.7%
2026,1,38532,8.2%
2026,1,38751,6.3%
2026,1,38755,0.3%
2026,1,38777,0.9%
2026,1,38798,5.1%
2026,1,38810,3.5%
2026,1,38184,0.2%
2026,1,38540,0.6%
2026,1,38564,0.4%
2026,1,38765,0.4%
2026,1,38788,0.4%
2026,1,38865,0.3%
2026,1,38968,1.5%
2026,1,38196,1.1%
2026,1,38254,1.7%
2026,1,38263,0.6%
2026,1,38336,2.9%
2026,1,38830,0.1%
2026,1,38883,1.6%
2026,1,38898,0.1%
2026,1,38935,0.9%
2026,1,38958,0.6%
2026,1,38963,0.4%
2026,1,43005,0.1%
2026,1,38205,9.3%
2026,1,38207,1.2%
2026,1,38371,9.2%
2026,1,38411,20.5%
2026,1,38527,7.2%
2026,1,38546,17.3%
2026,1,38651,11.6%
2026,1,38677,17.7%
2026,1,38719,12.3%
2026,1,38837,17.9%
2026,1,43111,18.8%
2026,1,43132,14.4%
2026,1,43195,2.1%
2026,1,38248,0.3%
2026,1,38680,0.0%
2026,1,38875,0.3%
2026,1,43007,0.1%
2026,1,43019,0.2%
2026,1,43154,0.1%
2026,1,38258,1.9%
2026,1,38313,0.5%
2026,1,38322,0.3%
2026,1,38380,0.1%
2026,1,38545,0.3%
2026,1,38582,0.0%
2026,1,38836,1.1%
2026,1,38874,0.9%
2026,1,43143,0.2%
2026,1,38122,0.2%
2026,1,38148,1.5%
2026,1,38150,2.1%
2026,1,38189,3.0%
2026,1,38225,0.1%
2026,1,38233,5.7%
2026,1,38361,9.0%
2026,1,38438,4.4%
2026,1,38485,1.0%
2026,1,38508,1.4%
2026,1,38534,1.2%
2026,1,38578,0.2%
2026,1,38607,2.8%
2026,1,38633,0.5%
2026,1,38749,14.7%
2026,1,38769,3.9%
2026,1,38829,0.6%
2026,1,38847,4.1%
2026,1,38957,2.5%
2026,1,43011,1.3%
2026,1,43147,9.7%
2026,1,38243,21.9%
2026,1,38252,5.6%
2026,1,38271,2.0%
2026,1,38274,4.2%
2026,1,38277,2.4%
2026,1,38307,2.8%
2026,1,38326,0.5%
2026,1,38383,9.3%
2026,1,38446,2.5%
2026,1,38509,2.3%
2026,1,38539,0.9%
2026,1,38664,2.8%
2026,1,38740,1.0%
2026,1,38763,2.5%
2026,1,38778,1.1%
2026,1,38779,15.6%
2026,1,38922,3.6%
2026,1,38933,1.0%
2026,1,38948,0.4%
2026,1,38952,1.2%
2026,1,43016,6.4%
2026,1,43060,1.9%
2026,1,43106,9.9%
2026,1,43156,1.9%
2026,1,38245,6.1%
2026,1,38247,1.6%
2026,1,38251,1.2%
2026,1,38453,6.1%
2026,1,38552,0.7%
2026,1,38673,6.5%
2026,1,38884,10.5%
2026,1,38904,1.9%
2026,1,43027,13.5%
2026,1,43032,9.8%
2026,1,43089,2.1%
2026,1,38268,13.7%
2026,1,38286,5.0%
2026,1,38601,4.6%
2026,1,38642,1.1%
2026,1,38729,7.5%
2026,1,38809,0.1%
2026,1,38812,2.8%
2026,1,38899,0.5%
2026,1,38997,4.4%
2026,1,38262,9.7%
2026,1,38355,1.5%
2026,1,38392,5.1%
2026,1,38473,1.8%
2026,1,38506,2.9%
2026,1,38563,6.8%
2026,1,38630,2.1%
2026,1,38734,16.0%
2026,1,38891,5.0%
2026,1,38912,3.0%
2026,1,38974,0.9%
2026,1,43063,8.8%
2026,1,43185,9.4%
2026,1,38265,6.1%
2026,1,38412,0.9%
2026,1,38450,3.1%
2026,1,38737,4.2%
2026,1,38848,4.6%
2026,1,38934,2.3%
2026,1,38999,3.0%
2026,1,43076,2.6%
2026,1,38683,0.4%
2026,1,38743,0.1%
2026,1,38873,1.4%
2026,1,43003,0.1%
2026,1,43042,1.3%
2026,1,43096,0.0%
2026,1,38283,0.0%
2026,1,38342,3.1%
2026,1,38353,0.8%
2026,1,38524,1.2%
2026,1,38591,0.6%
2026,1,38666,0.0%
2026,1,38685,10.5%
2026,1,38693,0.1%
2026,1,38797,1.1%
2026,1,38985,0.2%
2026,1,43110,7.8%
2026,1,43168,0.1%
2026,1,38305,0.8%
2026,1,38860,1.9%
2026,1,38895,2.0%
2026,1,43036,4.0%
2026,1,43040,2.7%
2026,1,43125,5.3%
2026,1,43149,4.2%
2026,1,43155,4.8%
2026,1,38306,3.3%
2026,1,38315,5.3%
2026,1,38520,8.6%
2026,1,38631,2.1%
2026,1,38665,0.1%
2026,1,38669,1.5%
2026,1,38735,7.4%
2026,1,38818,3.9%
2026,1,38953,0.8%
2026,1,43050,1.1%
2026,1,43071,2.5%
2026,1,38331,3.6%
2026,1,38459,3.6%
2026,1,38565,5.9%
2026,1,38650,2.0%
2026,1,38820,6.6%
2026,1,38947,5.9%
2026,1,38959,3.0%
2026,1,43031,2.5%
2026,1,43056,3.5%
2026,1,38457,5.7%
2026,1,38492,2.7%
2026,1,38618,0.4%
2026,1,38776,6.6%
2026,1,38986,6.9%
2026,1,38320,13.6%
2026,1,38323,2.4%
2026,1,38334,5.2%
2026,1,38350,1.8%
2026,1,38362,1.5%
2026,1,38373,3.4%
2026,1,38388,11.7%
2026,1,38518,2.9%
2026,1,38573,12.3%
2026,1,38574,1.7%
2026,1,38598,3.7%
2026,1,38609,5.4%
2026,1,38705,3.4%
2026,1,38759,15.2%
2026,1,38786,6.8%
2026,1,38826,3.5%
2026,1,38955,1.8%
2026,1,38988,8.1%
2026,1,43054,7.4%
2026,1,43088,7.4%
2026,1,43098,3.6%
2026,1,43133,5.1%
2026,1,43134,4.2%
2026,1,38250,2.2%
2026,1,38295,1.2%
2026,1,38467,4.3%
2026,1,38728,1.4%
2026,1,38757,1.7%
2026,1,38864,1.0%
2026,1,38871,0.1%
2026,1,38916,0.3%
2026,1,38944,1.2%
2026,1,38976,2.5%
2026,1,43033,5.2%
2026,1,38351,2.1%
2026,1,38375,2.9%
2026,1,38429,1.7%
2026,1,38511,0.8%
2026,1,38567,2.7%
2026,1,38678,3.8%
2026,1,38684,6.3%
2026,1,38716,2.4%
2026,1,38718,5.3%
2026,1,38996,2.7%
2026,1,43034,5.7%
2026,1,38357,0.2%
2026,1,38358,4.4%
2026,1,38790,2.1%
2026,1,38793,3.2%
2026,1,38893,12.0%
2026,1,38908,2.2%
2026,1,38939,2.4%
2026,1,43064,9.7%
2026,1,43170,2.7%
2026,1,38502,0.1%
2026,1,38594,0.6%
2026,1,38657,0.4%
2026,1,38659,0.0%
2026,1,38800,0.6%
2026,1,38801,0.7%
2026,1,38855,0.4%
2026,1,43026,0.7%
2026,1,43163,1.3%
2026,1,43169,0.4%
2026,1,38193,0.1%
2026,1,38372,2.5%
2026,1,38416,1.9%
2026,1,38499,0.8%
2026,1,38530,1.8%
2026,1,38549,1.8%
2026,1,38587,6.0%
2026,1,38715,2.4%
2026,1,43105,1.2%
2026,1,38117,2.9%
2026,1,38176,10.4%
2026,1,38197,10.8%
2026,1,38427,3.2%
2026,1,38458,4.1%
2026,1,38475,9.6%
2026,1,38561,3.0%
2026,1,38590,3.8%
2026,1,38656,10.5%
2026,1,38695,5.6%
2026,1,38770,12.5%
2026,1,38859,2.8%
2026,1,43152,7.0%
2026,1,38126,4.9%
2026,1,38185,6.2%
2026,1,38292,10.5%
2026,1,38439,2.2%
2026,1,38452,9.6%
2026,1,38466,0.6%
2026,1,38568,0.6%
2026,1,38799,2.0%
2026,1,38815,1.5%
2026,1,38918,4.2%
2026,1,43107,3.0%
2026,1,38199,0.6%
2026,1,38244,0.2%
2026,1,38276,0.3%
2026,1,38510,1.4%
2026,1,38603,0.2%
2026,1,38739,0.2%
2026,1,38970,0.2%
2026,1,38333,10.3%
2026,1,38339,8.7%
2026,1,38368,3.8%
2026,1,38401,9.6%
2026,1,38456,12.7%
2026,1,38515,11.9%
2026,1,38604,5.8%
2026,1,38862,6.2%
2026,1,38894,2.5%
2026,1,43193,2.7%
2026,1,38377,6.8%
2026,1,38480,2.2%
2026,1,38559,3.8%
2026,1,38629,1.5%
2026,1,38846,6.5%
2026,1,38882,16.6%
2026,1,43055,10.1%
2026,1,43135,6.8%
2026,1,38154,1.2%
2026,1,38221,3.1%
2026,1,38228,10.3%
2026,1,38241,1.3%
2026,1,38314,4.1%
2026,1,38324,2.5%
2026,1,38384,0.5%
2026,1,38592,7.6%
2026,1,38679,4.0%
2026,1,43151,11.4%
2026,1,38348,2.3%
2026,1,38396,0.8%
2026,1,38410,4.1%
2026,1,38451,1.1%
2026,1,38536,4.0%
2026,1,38550,0.7%
2026,1,38649,0.8%
2026,1,38682,1.1%
2026,1,43044,0.5%
2026,1,43157,0.4%
2026,1,38255,8.4%
2026,1,38302,16.1%
2026,1,38311,17.2%
2026,1,38434,6.7%
2026,1,38714,3.5%
2026,1,38745,4.9%
2026,1,38814,16.8%
2026,1,38980,3.0%
2026,1,43092,10.3%
2026,1,43145,21.6%
2026,1,43171,18.1%
2026,1,43174,15.7%
2026,1,38300,1.3%
2026,1,38316,0.6%
2026,1,38329,0.0%
2026,1,38655,0.7%
2026,1,38758,0.1%
2026,1,38867,0.4%
2026,1,43000,0.1%
2026,1,38318,0.1%
2026,1,38476,0.2%
2026,1,38621,0.1%
2026,1,38707,0.2%
2026,1,38892,0.1%
2026,1,38971,0.1%
2026,1,38973,0.3%
2026,1,38321,0.9%
2026,1,38325,0.3%
2026,1,38341,0.7%
2026,1,38490,0.1%
2026,1,38708,0.2%
2026,1,38909,0.5%
2026,1,38932,0.9%
2026,1,38960,0.4%
2026,1,38170,6.0%
2026,1,38218,0.9%
2026,1,38237,1.4%
2026,1,38249,14.2%
2026,1,38287,2.5%
2026,1,38290,0.7%
2026,1,38304,7.5%
2026,1,38330,11.5%
2026,1,38905,5.5%
2026,1,38978,6.0%
2026,1,38431,5.6%
2026,1,38529,5.4%
2026,1,38811,12.3%
2026,1,38903,4.3%
2026,1,38924,10.5%
2026,1,38930,8.2%
2026,1,38937,7.4%
2026,1,38965,0.1%
2026,1,38992,11.7%
2026,1,38995,6.6%
2026,1,38123,5.9%
2026,1,38155,2.2%
2026,1,38203,0.5%
2026,1,38234,0.4%
2026,1,38376,2.9%
2026,1,38463,0.9%
2026,1,38465,0.1%
2026,1,38497,6.2%
2026,1,38632,0.1%
2026,1,38762,0.0%
2026,1,38785,3.0%
2026,1,43123,5.4%
2026,1,38201,0.2%
2026,1,38223,0.2%
2026,1,38224,0.3%
2026,1,38584,0.2%
2026,1,38907,0.3%
2026,1,38278,0.4%
2026,1,38282,0.8%
2026,1,38310,1.2%
2026,1,38443,0.1%
2026,1,38531,1.6%
2026,1,38537,2.3%
2026,1,38643,0.2%
2026,1,38870,0.9%
2026,1,38920,0.1%
2026,1,43018,2.0%
2026,1,38168,
2026,1,38182,
2026,1,38297,
2026,1,38298,
2026,1,38299,
2026,1,38395,
2026,1,38478,
2026,1,38576,
2026,1,38641,
2026,1,38766,
2026,1,38767,
2026,1,38789,
2026,1,38803,
2026,1,38833,
2026,1,38877,
2026,1,38910,
2026,1,38911,
2026,1,38929,
2026,1,38943,
2026,1,43082,
2026,1,43083,
2026,1,43162,
2026,1,43176,
2026,2,38209,0.30%
2026,2,38317,3.70%
2026,2,38489,0.10%
2026,2,38589,6.00%
2026,2,38843,1.90%
2026,2,38872,5.80%
2026,2,38950,0.50%
2026,2,38989,6.10%
2026,2,43029,0.30%
2026,2,38101,0.70%
2026,2,38240,1.40%
2026,2,38272,1.60%
2026,2,38285,0.50%
2026,2,38291,0.70%
2026,2,38389,4.20%
2026,2,38404,5.30%
2026,2,38422,3.80%
2026,2,38433,2.30%
2026,2,38555,2.90%
2026,2,38613,12.10%
2026,2,38654,5.00%
2026,2,38681,3.00%
2026,2,38183,0.70%
2026,2,38387,2.80%
2026,2,38577,0.30%
2026,2,38721,0.20%
2026,2,38732,0.20%
2026,2,38736,0.30%
2026,2,38813,0.10%
2026,2,38821,0.10%
2026,2,38857,3.30%
2026,2,43008,5.90%
2026,2,43124,0.30%
2026,2,38344,5.80%
2026,2,38635,12.20%
2026,2,38858,1.60%
2026,2,38109,6.50%
2026,2,38173,0.30%
2026,2,38312,4.00%
2026,2,38378,3.20%
2026,2,38423,1.00%
2026,2,38432,4.60%
2026,2,38440,0.50%
2026,2,38483,4.10%
2026,2,38498,1.60%
2026,2,38504,5.10%
2026,2,38554,0.30%
2026,2,38556,1.20%
2026,2,38558,10.60%
2026,2,38602,5.10%
2026,2,38658,1.10%
2026,2,38752,2.20%
2026,2,38850,3.60%
2026,2,38113,7.50%
2026,2,38139,6.40%
2026,2,38152,15.10%
2026,2,38208,10.90%
2026,2,38239,4.30%
2026,2,38365,5.00%
2026,2,38417,8.00%
2026,2,38430,1.40%
2026,2,38484,14.00%
2026,2,38585,9.50%
2026,2,38620,1.90%
2026,2,38663,8.10%
2026,2,43025,5.30%
2026,2,38111,4.50%
2026,2,38118,3.60%
2026,2,38194,6.00%
2026,2,38219,1.20%
2026,2,38349,9.90%
2026,2,38399,3.70%
2026,2,38405,1.10%
2026,2,38470,6.30%
2026,2,38557,3.90%
2026,2,38581,6.30%
2026,2,38600,0.20%
2026,2,38612,5.10%
2026,2,38676,37.50%
2026,2,38982,5.60%
2026,2,38107,4.30%
2026,2,38116,5.20%
2026,2,38124,2.90%
2026,2,38129,4.40%
2026,2,38169,5.10%
2026,2,38398,6.10%
2026,2,38428,9.40%
2026,2,38447,1.50%
2026,2,38544,5.20%
2026,2,38571,5.00%
2026,2,38580,4.60%
2026,2,38615,6.20%
2026,2,38691,6.40%
2026,2,38226,9.30%
2026,2,38279,0.30%
2026,2,38289,6.20%
2026,2,38418,1.50%
2026,2,38419,1.20%
2026,2,38468,1.30%
2026,2,38477,1.30%
2026,2,38496,4.40%
2026,2,38611,8.80%
2026,2,38645,0.30%
2026,2,38725,3.90%
2026,2,43070,10.70%
2026,2,38131,6.20%
2026,2,38172,4.60%
2026,2,38402,3.20%
2026,2,38406,0.10%
2026,2,38543,6.20%
2026,2,38560,2.80%
2026,2,38605,5.70%
2026,2,38625,11.10%
2026,2,38771,0.70%
2026,2,38784,3.40%
2026,2,38791,0.10%
2026,2,38806,4.90%
2026,2,38866,1.00%
2026,2,38133,0.10%
2026,2,38190,0.30%
2026,2,38192,0.10%
2026,2,38280,0.80%
2026,2,38638,0.10%
2026,2,38804,0.50%
2026,2,38949,0.20%
2026,2,43069,1.50%
2026,2,43074,0.50%
2026,2,43166,0.40%
2026,2,38146,2.20%
2026,2,38157,0.40%
2026,2,38519,0.50%
2026,2,38698,0.60%
2026,2,38761,1.30%
2026,2,38768,9.90%
2026,2,38819,1.50%
2026,2,38831,0.80%
2026,2,38840,4.80%
2026,2,38897,7.40%
2026,2,43009,6.20%
2026,2,38114,6.80%
2026,2,38360,11.50%
2026,2,38367,3.60%
2026,2,38379,0.60%
2026,2,38393,6.10%
2026,2,38469,5.10%
2026,2,38471,5.20%
2026,2,38472,10.90%
2026,2,38494,7.30%
2026,2,38637,1.40%
2026,2,38817,4.80%
2026,2,38964,6.60%
2026,2,38164,0.60%
2026,2,38222,0.40%
2026,2,38264,0.50%
2026,2,38599,1.30%
2026,2,38690,2.40%
2026,2,38731,0.30%
2026,2,38756,0.00%
2026,2,38787,0.60%
2026,2,38942,2.10%
2026,2,43100,4.20%
2026,2,38204,0.90%
2026,2,38359,1.00%
2026,2,38876,1.30%
2026,2,38917,4.60%
2026,2,43021,3.50%
2026,2,38217,0.50%
2026,2,38257,1.30%
2026,2,38516,0.40%
2026,2,38610,0.10%
2026,2,38993,1.20%
2026,2,43086,1.60%
2026,2,43146,1.50%
2026,2,38211,1.50%
2026,2,38212,0.10%
2026,2,38214,1.40%
2026,2,38354,12.60%
2026,2,38370,3.60%
2026,2,38639,2.30%
2026,2,38711,0.50%
2026,2,38723,2.50%
2026,2,38889,0.40%
2026,2,38972,1.50%
2026,2,38990,9.00%
2026,2,43001,3.40%
2026,2,38134,2.90%
2026,2,38260,4.30%
2026,2,38340,7.80%
2026,2,38464,8.10%
2026,2,38482,6.20%
2026,2,38501,5.00%
2026,2,38513,6.30%
2026,2,38526,7.00%
2026,2,38569,5.40%
2026,2,38570,3.60%
2026,2,38579,7.50%
2026,2,38619,9.00%
2026,2,38888,1.90%
2026,2,38941,0.60%
2026,2,38296,0.80%
2026,2,38328,4.20%
2026,2,38435,0.60%
2026,2,38488,2.60%
2026,2,38712,1.30%
2026,2,38744,0.60%
2026,2,38805,0.50%
2026,2,38828,2.50%
2026,2,38928,0.80%
2026,2,38975,9.30%
2026,2,43186,1.00%
2026,2,38408,1.80%
2026,2,38525,0.70%
2026,2,38738,0.20%
2026,2,38781,1.00%
2026,2,38839,2.20%
2026,2,38946,0.50%
2026,2,38966,4.60%
2026,2,38967,0.10%
2026,2,38267,3.40%
2026,2,38503,2.20%
2026,2,38760,0.30%
2026,2,38825,0.30%
2026,2,38842,3.10%
2026,2,38919,1.10%
2026,2,38923,1.20%
2026,2,38979,1.30%
2026,2,38991,1.70%
2026,2,43190,1.20%
2026,2,38273,1.10%
2026,2,38335,0.40%
2026,2,38454,0.10%
2026,2,38593,0.10%
2026,2,38887,0.10%
2026,2,38921,0.20%
2026,2,38983,1.20%
2026,2,43114,0.20%
2026,2,43115,2.80%
2026,2,43138,0.10%
2026,2,38436,0.20%
2026,2,38491,1.10%
2026,2,38782,6.10%
2026,2,38890,0.50%
2026,2,43010,4.20%
2026,2,38236,3.10%
2026,2,38309,5.30%
2026,2,38397,1.00%
2026,2,38413,0.90%
2026,2,38566,2.20%
2026,2,38614,1.00%
2026,2,38636,2.50%
2026,2,38648,2.30%
2026,2,38696,0.30%
2026,2,38838,3.50%
2026,2,43118,1.90%
2026,2,43137,1.80%
2026,2,38159,0.80%
2026,2,38338,0.80%
2026,2,38345,1.20%
2026,2,38479,8.00%
2026,2,38647,5.10%
2026,2,38868,0.50%
2026,2,38881,0.40%
2026,2,38931,1.70%
2026,2,38938,2.30%
2026,2,38969,0.70%
2026,2,38137,4.00%
2026,2,38143,4.40%
2026,2,38144,0.60%
2026,2,38153,4.60%
2026,2,38195,1.90%
2026,2,38229,9.50%
2026,2,38624,5.40%
2026,2,38640,4.80%
2026,2,38660,5.40%
2026,2,38994,8.20%
2026,2,43172,19.30%
2026,2,38210,1.30%
2026,2,38242,0.60%
2026,2,38288,2.60%
2026,2,38346,1.10%
2026,2,38381,0.40%
2026,2,38517,0.50%
2026,2,38523,2.00%
2026,2,38713,1.10%
2026,2,38863,0.40%
2026,2,38879,1.30%
2026,2,38162,5.50%
2026,2,38177,12.20%
2026,2,38213,0.40%
2026,2,38332,1.70%
2026,2,38352,1.90%
2026,2,38356,2.60%
2026,2,38449,6.10%
2026,2,38542,3.20%
2026,2,38575,5.40%
2026,2,38588,7.70%
2026,2,38861,4.10%
2026,2,43046,2.90%
2026,2,43051,9.80%
2026,2,38409,2.80%
2026,2,38448,4.60%
2026,2,38486,1.50%
2026,2,38551,3.00%
2026,2,38583,0.50%
2026,2,38675,1.80%
2026,2,38702,0.70%
2026,2,38703,4.40%
2026,2,43057,0.90%
2026,2,43084,1.60%
2026,2,43148,1.30%
2026,2,38147,3.40%
2026,2,38163,2.80%
2026,2,38174,1.80%
2026,2,38407,1.20%
2026,2,38672,0.00%
2026,2,38699,0.10%
2026,2,38700,0.10%
2026,2,38733,0.50%
2026,2,38753,0.50%
2026,2,38754,0.00%
2026,2,43047,2.10%
2026,2,43129,0.00%
2026,2,38121,7.00%
2026,2,38366,6.90%
2026,2,38386,0.30%
2026,2,38461,3.90%
2026,2,38538,11.90%
2026,2,38644,1.40%
2026,2,38709,23.50%
2026,2,38717,12.80%
2026,2,38722,8.40%
2026,2,38727,5.90%
2026,2,38773,6.20%
2026,2,43041,12.00%
2026,2,38103,9.00%
2026,2,38104,6.70%
2026,2,38106,4.30%
2026,2,38112,4.10%
2026,2,38188,8.20%
2026,2,38227,5.00%
2026,2,38617,15.30%
2026,2,38646,4.70%
2026,2,38692,7.60%
2026,2,38730,3.30%
2026,2,38746,1.90%
2026,2,38954,2.30%
2026,2,43142,8.20%
2026,2,38115,6.10%
2026,2,38119,10.20%
2026,2,38142,13.10%
2026,2,38149,13.10%
2026,2,38266,23.20%
2026,2,38270,16.50%
2026,2,38363,4.80%
2026,2,38394,12.40%
2026,2,38507,3.50%
2026,2,38535,13.60%
2026,2,38925,8.20%
2026,2,43043,13.70%
2026,2,43130,6.30%
2026,2,38108,7.90%
2026,2,38110,1.10%
2026,2,38128,0.30%
2026,2,38187,2.30%
2026,2,38191,3.10%
2026,2,38202,3.10%
2026,2,38220,3.10%
2026,2,38382,0.30%
2026,2,38415,0.90%
2026,2,38481,1.40%
2026,2,38522,3.30%
2026,2,38541,4.10%
2026,2,38597,11.80%
2026,2,38627,5.50%
2026,2,38136,4.00%
2026,2,38186,8.20%
2026,2,38230,28.40%
2026,2,38374,13.20%
2026,2,38442,8.20%
2026,2,38460,8.10%
2026,2,38606,10.50%
2026,2,38661,14.50%
2026,2,38674,9.20%
2026,2,38694,2.10%
2026,2,38792,6.00%
2026,2,38845,4.20%
2026,2,38138,0.30%
2026,2,38141,3.40%
2026,2,38319,0.30%
2026,2,38441,2.10%
2026,2,38547,5.20%
2026,2,38668,2.40%
2026,2,38841,0.90%
2026,2,38896,12.10%
2026,2,38987,5.20%
2026,2,43059,7.30%
2026,2,43068,0.00%
2026,2,38158,1.70%
2026,2,38166,3.80%
2026,2,38390,1.50%
2026,2,38400,0.30%
2026,2,38445,4.00%
2026,2,38512,14.30%
2026,2,38532,10.00%
2026,2,38751,7.30%
2026,2,38755,0.30%
2026,2,38777,1.00%
2026,2,38780,10.90%
2026,2,38798,2.90%
2026,2,38810,2.20%
2026,2,38184,0.30%
2026,2,38533,0.10%
2026,2,38540,0.40%
2026,2,38564,0.50%
2026,2,38741,0.60%
2026,2,38765,0.60%
2026,2,38788,0.10%
2026,2,38865,0.90%
2026,2,38968,0.80%
2026,2,38196,1.50%
2026,2,38246,0.20%
2026,2,38254,1.10%
2026,2,38263,0.20%
2026,2,38336,1.40%
2026,2,38830,0.10%
2026,2,38883,0.60%
2026,2,38898,0.20%
2026,2,38935,1.00%
2026,2,38958,0.10%
2026,2,38963,0.10%
2026,2,43005,0.20%
2026,2,38205,12.10%
2026,2,38207,1.40%
2026,2,38371,7.60%
2026,2,38411,19.80%
2026,2,38527,6.60%
2026,2,38546,19.00%
2026,2,38651,6.80%
2026,2,38677,15.20%
2026,2,38719,18.90%
2026,2,38837,17.10%
2026,2,43111,19.20%
2026,2,43132,14.20%
2026,2,43195,2.20%
2026,2,38248,0.20%
2026,2,38680,0.30%
2026,2,38816,0.10%
2026,2,38875,0.20%
2026,2,43007,0.10%
2026,2,38258,0.30%
2026,2,38313,0.20%
2026,2,38322,0.10%
2026,2,38380,0.40%
2026,2,38545,0.10%
2026,2,38582,0.10%
2026,2,38670,0.10%
2026,2,38836,1.40%
2026,2,38869,0.50%
2026,2,38874,0.90%
2026,2,43143,0.10%
2026,2,38122,0.20%
2026,2,38148,3.30%
2026,2,38150,1.20%
2026,2,38189,3.00%
2026,2,38225,0.30%
2026,2,38233,3.20%
2026,2,38361,12.90%
2026,2,38414,0.10%
2026,2,38438,3.60%
2026,2,38485,1.10%
2026,2,38508,1.90%
2026,2,38534,3.70%
2026,2,38578,0.00%
2026,2,38607,6.50%
2026,2,38633,1.70%
2026,2,38704,0.10%
2026,2,38747,0.00%
2026,2,38749,4.80%
2026,2,38769,4.90%
2026,2,38829,2.10%
2026,2,38847,3.00%
2026,2,38957,5.50%
2026,2,43011,1.70%
2026,2,43147,10.30%
2026,2,38243,3.60%
2026,2,38252,8.00%
2026,2,38271,2.30%
2026,2,38274,3.70%
2026,2,38277,5.00%
2026,2,38307,4.20%
2026,2,38326,1.70%
2026,2,38383,11.40%
2026,2,38446,2.90%
2026,2,38509,3.80%
2026,2,38539,2.10%
2026,2,38664,1.60%
2026,2,38740,4.60%
2026,2,38763,4.90%
2026,2,38778,2.30%
2026,2,38779,21.90%
2026,2,38922,4.10%
2026,2,38933,0.80%
2026,2,38948,1.10%
2026,2,38952,2.00%
2026,2,43016,7.20%
2026,2,43060,1.40%
2026,2,43106,12.40%
2026,2,43156,2.10%
2026,2,38245,4.20%
2026,2,38247,1.60%
2026,2,38251,8.00%
2026,2,38453,1.50%
2026,2,38552,0.70%
2026,2,38673,4.90%
2026,2,38884,15.50%
2026,2,38904,2.00%
2026,2,43027,20.20%
2026,2,43032,7.80%
2026,2,43089,2.40%
2026,2,38268,9.30%
2026,2,38286,8.00%
2026,2,38601,5.30%
2026,2,38642,1.80%
2026,2,38729,9.10%
2026,2,38809,0.30%
2026,2,38812,3.20%
2026,2,38832,0.90%
2026,2,38899,0.20%
2026,2,38997,4.20%
2026,2,38262,6.70%
2026,2,38355,2.30%
2026,2,38392,6.40%
2026,2,38473,2.70%
2026,2,38506,4.70%
2026,2,38563,8.00%
2026,2,38630,9.70%
2026,2,38734,9.60%
2026,2,38891,6.90%
2026,2,38912,3.20%
2026,2,38974,3.40%
2026,2,43063,6.70%
2026,2,43185,6.70%
2026,2,38265,14.40%
2026,2,38412,0.60%
2026,2,38450,3.80%
2026,2,38737,1.30%
2026,2,38848,5.40%
2026,2,38934,3.40%
2026,2,38999,3.70%
2026,2,43076,3.70%
2026,2,38683,0.10%
2026,2,38743,0.30%
2026,2,38873,1.80%
2026,2,43042,2.00%
2026,2,38283,0.10%
2026,2,38342,2.20%
2026,2,38353,0.20%
2026,2,38524,2.00%
2026,2,38591,0.20%
2026,2,38666,0.10%
2026,2,38685,5.80%
2026,2,38693,0.30%
2026,2,38797,1.90%
2026,2,38985,0.10%
2026,2,38998,0.10%
2026,2,43110,2.80%
2026,2,43168,0.30%
2026,2,38305,0.90%
2026,2,38860,3.90%
2026,2,38895,6.90%
2026,2,43036,3.90%
2026,2,43040,4.30%
2026,2,43125,9.50%
2026,2,43149,6.40%
2026,2,43155,11.20%
2026,2,38306,3.70%
2026,2,38315,5.20%
2026,2,38520,10.40%
2026,2,38631,2.00%
2026,2,38665,0.20%
2026,2,38669,2.30%
2026,2,38689,0.40%
2026,2,38735,4.90%
2026,2,38818,4.50%
2026,2,38953,1.30%
2026,2,43050,1.20%
2026,2,43071,3.00%
2026,2,38331,2.70%
2026,2,38459,5.60%
2026,2,38565,12.30%
2026,2,38650,1.50%
2026,2,38820,3.10%
2026,2,38947,8.90%
2026,2,38959,3.90%
2026,2,43031,4.10%
2026,2,43056,1.90%
2026,2,38457,7.80%
2026,2,38492,3.10%
2026,2,38618,0.20%
2026,2,38776,10.20%
2026,2,38986,11.90%
2026,2,38320,18.00%
2026,2,38323,3.90%
2026,2,38334,6.30%
2026,2,38350,2.60%
2026,2,38362,7.10%
2026,2,38373,4.10%
2026,2,38388,12.00%
2026,2,38518,3.70%
2026,2,38573,14.20%
2026,2,38574,1.60%
2026,2,38598,5.50%
2026,2,38609,4.10%
2026,2,38705,6.20%
2026,2,38759,22.20%
2026,2,38786,12.70%
2026,2,38826,4.50%
2026,2,38955,2.00%
2026,2,38988,13.90%
2026,2,43054,9.10%
2026,2,43088,7.60%
2026,2,43098,5.00%
2026,2,43133,6.80%
2026,2,43134,9.10%
2026,2,38250,2.30%
2026,2,38295,0.70%
2026,2,38467,7.30%
2026,2,38728,2.80%
2026,2,38757,1.20%
2026,2,38864,1.30%
2026,2,38871,0.50%
2026,2,38916,0.30%
2026,2,38944,1.50%
2026,2,38976,2.40%
2026,2,43033,5.10%
2026,2,38351,2.40%
2026,2,38375,3.00%
2026,2,38429,2.60%
2026,2,38511,0.80%
2026,2,38567,4.20%
2026,2,38678,5.00%
2026,2,38684,6.80%
2026,2,38716,2.50%
2026,2,38718,5.20%
2026,2,38996,2.60%
2026,2,43034,5.20%
2026,2,38357,0.10%
2026,2,38358,5.70%
2026,2,38790,4.00%
2026,2,38793,3.60%
2026,2,38893,12.20%
2026,2,38908,3.10%
2026,2,38939,8.20%
2026,2,43064,11.00%
2026,2,43170,5.60%
2026,2,38502,0.30%
2026,2,38594,2.40%
2026,2,38657,0.40%
2026,2,38659,0.30%
2026,2,38800,0.80%
2026,2,38801,1.30%
2026,2,38855,0.10%
2026,2,43026,1.30%
2026,2,43163,2.80%
2026,2,43169,0.60%
2026,2,38193,0.10%
2026,2,38372,2.30%
2026,2,38416,2.90%
2026,2,38499,1.10%
2026,2,38530,2.40%
2026,2,38549,2.50%
2026,2,38587,6.30%
2026,2,38715,0.80%
2026,2,38764,0.10%
2026,2,38951,2.20%
2026,2,43105,0.90%
2026,2,38117,10.50%
2026,2,38176,9.70%
2026,2,38197,10.80%
2026,2,38427,4.20%
2026,2,38458,2.80%
2026,2,38475,12.70%
2026,2,38561,4.40%
2026,2,38590,5.90%
2026,2,38656,12.90%
2026,2,38695,6.30%
2026,2,38770,16.10%
2026,2,38859,2.20%
2026,2,43152,7.00%
2026,2,38126,6.10%
2026,2,38179,0.40%
2026,2,38185,5.40%
2026,2,38292,8.30%
2026,2,38439,5.60%
2026,2,38452,8.30%
2026,2,38466,0.50%
2026,2,38553,0.10%
2026,2,38568,1.00%
2026,2,38799,2.80%
2026,2,38815,1.90%
2026,2,38918,4.10%
2026,2,43107,2.70%
2026,2,38178,0.10%
2026,2,38199,1.60%
2026,2,38238,0.30%
2026,2,38244,0.30%
2026,2,38276,0.30%
2026,2,38510,1.00%
2026,2,38603,0.20%
2026,2,38844,0.20%
2026,2,38849,1.40%
2026,2,38970,0.40%
2026,2,38333,11.10%
2026,2,38339,10.80%
2026,2,38368,2.80%
2026,2,38401,6.30%
2026,2,38456,12.80%
2026,2,38515,13.60%
2026,2,38604,7.00%
2026,2,38862,8.70%
2026,2,38894,2.00%
2026,2,43193,3.20%
2026,2,38377,11.20%
2026,2,38480,2.80%
2026,2,38559,4.30%
2026,2,38629,1.30%
2026,2,38846,10.40%
2026,2,38882,18.00%
2026,2,43055,17.90%
2026,2,43135,8.70%
2026,2,38154,1.40%
2026,2,38221,2.70%
2026,2,38228,11.20%
2026,2,38241,1.20%
2026,2,38314,2.80%
2026,2,38324,2.80%
2026,2,38384,0.60%
2026,2,38592,5.20%
2026,2,38679,4.30%
2026,2,43030,2.30%
2026,2,43151,12.40%
2026,2,38348,0.70%
2026,2,38396,0.60%
2026,2,38410,6.40%
2026,2,38451,1.80%
2026,2,38536,4.20%
2026,2,38550,0.20%
2026,2,38649,1.60%
2026,2,38682,2.90%
2026,2,43044,0.50%
2026,2,43157,0.50%
2026,2,38255,7.90%
2026,2,38302,15.90%
2026,2,38311,16.90%
2026,2,38434,6.30%
2026,2,38714,4.90%
2026,2,38745,6.10%
2026,2,38814,20.60%
2026,2,38980,2.10%
2026,2,43092,15.00%
2026,2,43145,25.40%
2026,2,43171,19.00%
2026,2,43174,19.00%
2026,2,38300,1.20%
2026,2,38316,0.30%
2026,2,38329,0.10%
2026,2,38655,0.60%
2026,2,38758,0.10%
2026,2,43000,0.30%
2026,2,38318,0.10%
2026,2,38476,0.10%
2026,2,38621,0.10%
2026,2,38707,0.20%
2026,2,38971,0.10%
2026,2,38973,0.30%
2026,2,38321,0.90%
2026,2,38325,0.30%
2026,2,38341,1.00%
2026,2,38490,0.70%
2026,2,38708,0.20%
2026,2,38909,0.20%
2026,2,38927,0.10%
2026,2,38932,1.00%
2026,2,38960,0.90%
2026,2,38170,8.90%
2026,2,38218,1.70%
2026,2,38237,1.40%
2026,2,38249,19.00%
2026,2,38287,1.70%
2026,2,38290,0.80%
2026,2,38304,9.10%
2026,2,38330,17.30%
2026,2,38905,0.50%
2026,2,38978,4.60%
2026,2,38431,5.70%
2026,2,38529,8.20%
2026,2,38811,14.70%
2026,2,38903,6.30%
2026,2,38924,13.90%
2026,2,38930,7.90%
2026,2,38937,9.40%
2026,2,38965,0.00%
2026,2,38992,12.00%
2026,2,38995,6.90%
2026,2,38123,5.50%
2026,2,38155,3.20%
2026,2,38203,1.00%
2026,2,38234,1.50%
2026,2,38376,4.10%
2026,2,38463,2.30%
2026,2,38465,0.20%
2026,2,38487,0.00%
2026,2,38497,7.00%
2026,2,38632,0.10%
2026,2,38762,0.00%
2026,2,38785,2.80%
2026,2,43123,7.00%
2026,2,38201,0.10%
2026,2,38224,0.20%
2026,2,38584,0.70%
2026,2,38907,0.70%
2026,2,38278,0.60%
2026,2,38282,1.50%
2026,2,38310,0.70%
2026,2,38443,0.70%
2026,2,38531,1.30%
2026,2,38537,3.60%
2026,2,38643,0.40%
2026,2,38870,0.80%
2026,2,38920,3.80%
2026,2,43018,4.60%
2026,2,38168,
2026,2,38171,
2026,2,38182,
2026,2,38206,
2026,2,38215,
2026,2,38297,
2026,2,38299,
2026,2,38420,
2026,2,38478,
2026,2,38576,
2026,2,38626,
2026,2,38641,
2026,2,38652,
2026,2,38789,
2026,2,38795,
2026,2,38803,
2026,2,38877,
2026,2,38901,
2026,2,38910,
2026,2,38911,
2026,2,38929,
2026,2,38943,
2026,2,43082,
2026,2,43083,
2026,2,43162,
2026,3,38209,0.20%
2026,3,38317,4.90%
2026,3,38489,0.10%
2026,3,38589,7.40%
2026,3,38843,1.40%
2026,3,38872,9.00%
2026,3,38950,2.30%
2026,3,38989,5.40%
2026,3,38101,1.00%
2026,3,38240,1.20%
2026,3,38272,1.60%
2026,3,38285,0.40%
2026,3,38291,0.50%
2026,3,38389,4.80%
2026,3,38404,5.40%
2026,3,38422,2.00%
2026,3,38433,2.50%
2026,3,38555,1.90%
2026,3,38613,14.10%
2026,3,38654,4.90%
2026,3,38681,2.40%
2026,3,38183,0.80%
2026,3,38387,4.40%
2026,3,38577,0.20%
2026,3,38721,0.60%
2026,3,38732,0.70%
2026,3,38736,0.20%
2026,3,38813,0.10%
2026,3,38821,0.10%
2026,3,38857,3.00%
2026,3,43008,3.70%
2026,3,43124,0.70%
2026,3,38344,6.50%
2026,3,38635,11.10%
2026,3,38858,1.90%
2026,3,38109,4.70%
2026,3,38173,0.40%
2026,3,38312,4.90%
2026,3,38378,4.80%
2026,3,38423,0.80%
2026,3,38432,4.50%
2026,3,38440,0.30%
2026,3,38483,6.30%
2026,3,38498,1.90%
2026,3,38504,4.20%
2026,3,38554,0.30%
2026,3,38556,1.60%
2026,3,38558,7.80%
2026,3,38602,3.80%
2026,3,38658,1.90%
2026,3,38752,3.20%
2026,3,38850,3.80%
2026,3,38113,9.90%
2026,3,38139,6.90%
2026,3,38152,12.30%
2026,3,38208,9.50%
2026,3,38239,7.90%
2026,3,38365,4.20%
2026,3,38417,7.90%
2026,3,38430,1.10%
2026,3,38484,14.60%
2026,3,38585,14.40%
2026,3,38620,3.60%
2026,3,38663,9.40%
2026,3,43025,3.90%
2026,3,38111,4.20%
2026,3,38118,3.00%
2026,3,38194,5.20%
2026,3,38219,2.20%
2026,3,38349,8.00%
2026,3,38399,5.00%
2026,3,38405,1.30%
2026,3,38470,15.40%
2026,3,38557,4.90%
2026,3,38581,4.30%
2026,3,38612,3.90%
2026,3,38676,25.80%
2026,3,38982,5.90%
2026,3,38107,3.20%
2026,3,38116,6.20%
2026,3,38124,2.60%
2026,3,38129,6.40%
2026,3,38169,6.20%
2026,3,38398,8.40%
2026,3,38428,9.30%
2026,3,38447,1.40%
2026,3,38544,5.00%
2026,3,38571,11.40%
2026,3,38580,4.70%
2026,3,38615,6.80%
2026,3,38691,10.00%
2026,3,38226,10.00%
2026,3,38279,0.70%
2026,3,38289,9.20%
2026,3,38418,1.80%
2026,3,38419,1.10%
2026,3,38468,0.80%
2026,3,38477,0.60%
2026,3,38496,5.20%
2026,3,38611,10.00%
2026,3,38645,0.10%
2026,3,38725,7.60%
2026,3,43070,9.20%
2026,3,38131,7.40%
2026,3,38172,4.30%
2026,3,38402,4.10%
2026,3,38406,0.10%
2026,3,38543,6.10%
2026,3,38560,2.40%
2026,3,38605,7.30%
2026,3,38625,12.90%
2026,3,38771,0.60%
2026,3,38784,2.90%
2026,3,38791,0.20%
2026,3,38806,3.80%
2026,3,38866,1.50%
2026,3,38133,0.10%
2026,3,38190,0.50%
2026,3,38192,0.00%
2026,3,38280,1.80%
2026,3,38638,0.10%
2026,3,38804,0.20%
2026,3,38949,0.80%
2026,3,43069,0.40%
2026,3,43074,0.50%
2026,3,43166,0.50%
2026,3,38146,2.20%
2026,3,38157,0.30%
2026,3,38444,0.00%
2026,3,38519,0.50%
2026,3,38698,1.00%
2026,3,38761,0.70%
2026,3,38768,4.30%
2026,3,38819,1.20%
2026,3,38831,0.30%
2026,3,38840,5.10%
2026,3,38897,7.20%
2026,3,43009,7.60%
2026,3,38114,8.10%
2026,3,38360,11.60%
2026,3,38367,3.30%
2026,3,38379,1.00%
2026,3,38393,8.40%
2026,3,38469,5.10%
2026,3,38471,5.30%
2026,3,38472,13.20%
2026,3,38494,7.50%
2026,3,38637,1.10%
2026,3,38817,1.90%
2026,3,38964,3.20%
2026,3,38164,0.30%
2026,3,38222,0.60%
2026,3,38264,0.90%
2026,3,38599,1.70%
2026,3,38690,3.90%
2026,3,38731,0.10%
2026,3,38756,0.10%
2026,3,38787,0.90%
2026,3,38942,1.50%
2026,3,43100,2.90%
2026,3,38204,1.10%
2026,3,38359,0.80%
2026,3,38876,1.10%
2026,3,38917,4.70%
2026,3,43021,4.60%
2026,3,38217,0.80%
2026,3,38257,2.00%
2026,3,38516,0.30%
2026,3,38610,0.10%
2026,3,38993,1.00%
2026,3,43086,0.80%
2026,3,43146,0.90%
2026,3,38211,3.30%
2026,3,38212,0.20%
2026,3,38214,2.40%
2026,3,38354,10.60%
2026,3,38370,4.00%
2026,3,38639,3.40%
2026,3,38711,0.30%
2026,3,38723,2.80%
2026,3,38889,0.90%
2026,3,38972,3.20%
2026,3,38990,12.60%
2026,3,43001,3.70%
2026,3,38134,3.00%
2026,3,38260,5.80%
2026,3,38340,9.20%
2026,3,38464,8.70%
2026,3,38482,10.30%
2026,3,38501,7.20%
2026,3,38513,9.90%
2026,3,38526,7.70%
2026,3,38569,5.30%
2026,3,38570,4.40%
2026,3,38579,7.90%
2026,3,38619,6.90%
2026,3,38888,1.80%
2026,3,38941,0.70%
2026,3,38296,1.40%
2026,3,38328,3.20%
2026,3,38435,0.50%
2026,3,38488,4.80%
2026,3,38712,2.30%
2026,3,38744,0.90%
2026,3,38805,0.40%
2026,3,38828,2.40%
2026,3,38928,1.10%
2026,3,38975,12.60%
2026,3,43186,1.70%
2026,3,38408,1.50%
2026,3,38525,0.70%
2026,3,38738,0.20%
2026,3,38781,2.60%
2026,3,38839,2.40%
2026,3,38946,2.20%
2026,3,38966,6.30%
2026,3,38967,1.10%
2026,3,38267,3.80%
2026,3,38503,3.70%
2026,3,38760,0.40%
2026,3,38825,0.30%
2026,3,38842,2.40%
2026,3,38919,0.10%
2026,3,38923,1.30%
2026,3,38979,1.40%
2026,3,38991,1.50%
2026,3,43190,1.10%
2026,3,38273,0.80%
2026,3,38275,0.00%
2026,3,38335,0.20%
2026,3,38454,0.20%
2026,3,38593,0.20%
2026,3,38887,0.20%
2026,3,38921,0.30%
2026,3,38956,0.10%
2026,3,38983,1.30%
2026,3,43114,0.20%
2026,3,43115,2.70%
2026,3,43138,0.30%
2026,3,38436,0.50%
2026,3,38491,1.20%
2026,3,38782,6.10%
2026,3,38890,1.90%
2026,3,43010,5.70%
2026,3,38236,6.10%
2026,3,38309,3.10%
2026,3,38397,0.70%
2026,3,38413,1.40%
2026,3,38566,3.00%
2026,3,38614,0.80%
2026,3,38636,2.60%
2026,3,38648,2.00%
2026,3,38696,0.30%
2026,3,38838,5.00%
2026,3,43118,4.80%
2026,3,43137,1.50%
2026,3,38159,1.80%
2026,3,38338,0.50%
2026,3,38345,1.20%
2026,3,38479,6.50%
2026,3,38647,3.50%
2026,3,38868,0.60%
2026,3,38881,0.80%
2026,3,38931,1.60%
2026,3,38938,1.00%
2026,3,38969,1.60%
2026,3,38137,7.10%
2026,3,38143,5.60%
2026,3,38144,1.80%
2026,3,38153,5.90%
2026,3,38195,2.40%
2026,3,38229,9.40%
2026,3,38624,6.80%
2026,3,38640,4.50%
2026,3,38660,5.80%
2026,3,38994,7.70%
2026,3,43172,9.70%
2026,3,38210,1.80%
2026,3,38242,1.40%
2026,3,38288,3.80%
2026,3,38346,4.00%
2026,3,38381,1.30%
2026,3,38517,0.50%
2026,3,38523,3.90%
2026,3,38713,1.80%
2026,3,38863,1.00%
2026,3,38879,0.90%
2026,3,38162,6.20%
2026,3,38177,9.70%
2026,3,38213,1.10%
2026,3,38332,0.80%
2026,3,38352,0.40%
2026,3,38356,2.10%
2026,3,38449,3.90%
2026,3,38542,2.10%
2026,3,38575,9.10%
2026,3,38588,8.20%
2026,3,38861,0.80%
2026,3,43046,3.10%
2026,3,43051,11.40%
2026,3,38409,2.30%
2026,3,38448,3.70%
2026,3,38486,2.00%
2026,3,38551,4.00%
2026,3,38583,0.40%
2026,3,38675,3.10%
2026,3,38702,0.30%
2026,3,38703,4.40%
2026,3,43057,2.00%
2026,3,43084,1.50%
2026,3,43148,1.30%
2026,3,38147,4.20%
2026,3,38163,1.30%
2026,3,38174,1.80%
2026,3,38407,1.50%
2026,3,38672,0.20%
2026,3,38699,0.10%
2026,3,38700,0.20%
2026,3,38733,1.00%
2026,3,38753,0.90%
2026,3,38754,0.10%
2026,3,43047,1.40%
2026,3,38121,8.00%
2026,3,38366,6.90%
2026,3,38386,2.30%
2026,3,38461,2.70%
2026,3,38538,10.30%
2026,3,38644,1.10%
2026,3,38709,22.30%
2026,3,38717,17.60%
2026,3,38722,8.70%
2026,3,38727,6.40%
2026,3,38773,4.70%
2026,3,43041,15.40%
2026,3,38103,8.30%
2026,3,38104,5.60%
2026,3,38106,6.40%
2026,3,38112,4.00%
2026,3,38188,9.30%
2026,3,38227,4.10%
2026,3,38617,18.40%
2026,3,38646,4.50%
2026,3,38692,12.40%
2026,3,38730,4.80%
2026,3,38746,1.00%
2026,3,38954,2.90%
2026,3,43142,8.40%
2026,3,38115,9.40%
2026,3,38119,11.20%
2026,3,38142,13.80%
2026,3,38149,14.80%
2026,3,38266,19.30%
2026,3,38270,18.00%
2026,3,38363,9.60%
2026,3,38394,10.30%
2026,3,38507,8.50%
2026,3,38535,14.30%
2026,3,38925,8.80%
2026,3,43043,12.60%
2026,3,43130,7.30%
2026,3,38108,7.30%
2026,3,38110,0.90%
2026,3,38128,0.30%
2026,3,38187,1.40%
2026,3,38191,1.90%
2026,3,38202,2.90%
2026,3,38220,3.60%
2026,3,38382,0.70%
2026,3,38415,1.10%
2026,3,38481,1.80%
2026,3,38522,2.00%
2026,3,38541,3.80%
2026,3,38597,11.00%
2026,3,38627,1.70%
2026,3,38136,6.80%
2026,3,38186,9.60%
2026,3,38230,11.10%
2026,3,38374,11.20%
2026,3,38442,8.90%
2026,3,38460,7.20%
2026,3,38606,8.60%
2026,3,38661,13.80%
2026,3,38674,14.00%
2026,3,38694,3.40%
2026,3,38792,7.00%
2026,3,38845,5.50%
2026,3,38138,0.30%
2026,3,38141,1.90%
2026,3,38319,0.20%
2026,3,38441,2.70%
2026,3,38547,7.70%
2026,3,38668,2.80%
2026,3,38841,0.80%
2026,3,38896,2.60%
2026,3,38987,7.80%
2026,3,43059,3.40%
2026,3,43068,0.50%
2026,3,38158,2.10%
2026,3,38166,5.50%
2026,3,38390,1.70%
2026,3,38400,0.30%
2026,3,38445,3.30%
2026,3,38512,14.00%
2026,3,38532,9.40%
2026,3,38751,6.60%
2026,3,38755,0.40%
2026,3,38777,1.30%
2026,3,38780,5.40%
2026,3,38798,2.50%
2026,3,38810,3.60%
2026,3,38184,0.20%
2026,3,38198,0.20%
2026,3,38533,0.70%
2026,3,38540,0.30%
2026,3,38564,0.20%
2026,3,38741,0.70%
2026,3,38765,0.70%
2026,3,38788,0.20%
2026,3,38865,2.70%
2026,3,38968,1.10%
2026,3,38196,2.30%
2026,3,38246,0.30%
2026,3,38254,1.40%
2026,3,38263,0.10%
2026,3,38336,1.50%
2026,3,38596,0.20%
2026,3,38830,0.10%
2026,3,38883,1.30%
2026,3,38898,0.70%
2026,3,38935,1.70%
2026,3,38958,1.40%
2026,3,38963,0.10%
2026,3,38981,0.00%
2026,3,43005,0.10%
2026,3,38205,11.10%
2026,3,38207,1.80%
2026,3,38371,17.20%
2026,3,38411,22.50%
2026,3,38527,8.10%
2026,3,38546,18.90%
2026,3,38651,10.60%
2026,3,38677,14.80%
2026,3,38719,15.00%
2026,3,38837,23.90%
2026,3,43111,20.50%
2026,3,43132,14.10%
2026,3,43195,2.90%
2026,3,38248,0.10%
2026,3,38680,0.50%
2026,3,38808,0.10%
2026,3,38816,0.00%
2026,3,38875,0.40%
2026,3,38984,0.00%
2026,3,43007,0.10%
2026,3,43019,0.30%
2026,3,43154,0.60%
2026,3,38258,0.90%
2026,3,38313,0.40%
2026,3,38322,0.30%
2026,3,38380,0.10%
2026,3,38545,0.00%
2026,3,38582,0.10%
2026,3,38670,0.10%
2026,3,38836,2.00%
2026,3,38869,0.10%
2026,3,38874,0.70%
2026,3,43143,0.10%
2026,3,38122,1.10%
2026,3,38148,3.80%
2026,3,38150,0.50%
2026,3,38189,2.80%
2026,3,38225,0.40%
2026,3,38233,4.80%
2026,3,38361,10.80%
2026,3,38414,0.20%
2026,3,38438,5.30%
2026,3,38485,0.70%
2026,3,38508,3.20%
2026,3,38534,2.90%
2026,3,38578,0.00%
2026,3,38607,8.70%
2026,3,38633,0.30%
2026,3,38704,0.30%
2026,3,38747,0.40%
2026,3,38749,11.40%
2026,3,38769,4.20%
2026,3,38829,1.40%
2026,3,38847,3.20%
2026,3,38957,6.60%
2026,3,43011,1.40%
2026,3,43147,11.50%
2026,3,38243,5.60%
2026,3,38252,6.50%
2026,3,38271,3.00%
2026,3,38274,3.90%
2026,3,38277,7.50%
2026,3,38307,7.20%
2026,3,38326,0.70%
2026,3,38383,11.30%
2026,3,38446,2.40%
2026,3,38509,2.60%
2026,3,38539,0.80%
2026,3,38664,0.60%
2026,3,38667,0.10%
2026,3,38740,2.00%
2026,3,38763,4.40%
2026,3,38778,3.90%
2026,3,38779,13.50%
2026,3,38922,8.90%
2026,3,38933,0.20%
2026,3,38948,0.80%
2026,3,38952,0.90%
2026,3,43016,4.80%
2026,3,43060,6.70%
2026,3,43106,10.60%
2026,3,43156,6.30%
2026,3,38245,2.70%
2026,3,38247,2.00%
2026,3,38251,7.00%
2026,3,38453,1.20%
2026,3,38552,1.80%
2026,3,38673,7.10%
2026,3,38884,14.60%
2026,3,38904,2.30%
2026,3,43027,15.80%
2026,3,43032,9.60%
2026,3,43089,2.20%
2026,3,38268,10.00%
2026,3,38286,10.20%
2026,3,38601,6.10%
2026,3,38642,1.70%
2026,3,38729,9.20%
2026,3,38809,0.10%
2026,3,38812,3.80%
2026,3,38832,1.80%
2026,3,38899,1.10%
2026,3,38997,2.70%
2026,3,38262,9.10%
2026,3,38355,2.50%
2026,3,38392,4.40%
2026,3,38473,3.80%
2026,3,38506,6.90%
2026,3,38563,10.50%
2026,3,38630,6.50%
2026,3,38734,11.10%
2026,3,38891,7.90%
2026,3,38912,1.50%
2026,3,38974,8.00%
2026,3,43063,5.40%
2026,3,43185,8.70%
2026,3,38265,13.50%
2026,3,38412,1.30%
2026,3,38450,1.40%
2026,3,38737,3.10%
2026,3,38848,7.60%
2026,3,38934,3.90%
2026,3,38999,1.80%
2026,3,43076,4.00%
2026,3,38683,0.20%
2026,3,38726,0.10%
2026,3,38743,0.10%
2026,3,38873,0.90%
2026,3,43042,0.90%
2026,3,38283,0.10%
2026,3,38342,2.20%
2026,3,38353,0.90%
2026,3,38524,1.30%
2026,3,38591,0.20%
2026,3,38666,0.10%
2026,3,38685,6.00%
2026,3,38693,0.30%
2026,3,38797,1.00%
2026,3,38985,0.20%
2026,3,43110,2.50%
2026,3,43168,0.10%
2026,3,38305,1.60%
2026,3,38860,4.70%
2026,3,38895,4.50%
2026,3,43036,7.10%
2026,3,43040,6.10%
2026,3,43125,8.60%
2026,3,43149,6.50%
2026,3,43155,8.80%
2026,3,38306,3.40%
2026,3,38315,4.60%
2026,3,38520,10.80%
2026,3,38631,4.80%
2026,3,38665,0.20%
2026,3,38669,2.70%
2026,3,38689,0.10%
2026,3,38735,8.40%
2026,3,38818,7.60%
2026,3,38953,1.20%
2026,3,43050,1.50%
2026,3,43071,3.10%
2026,3,38331,2.60%
2026,3,38459,7.40%
2026,3,38565,20.30%
2026,3,38650,4.20%
2026,3,38820,4.70%
2026,3,38947,7.30%
2026,3,38959,5.90%
2026,3,43031,15.50%
2026,3,43056,10.50%
2026,3,38457,6.90%
2026,3,38492,4.00%
2026,3,38618,0.50%
2026,3,38776,12.40%
2026,3,38986,8.90%
2026,3,38320,17.70%
2026,3,38323,4.10%
2026,3,38334,6.00%
2026,3,38350,2.90%
2026,3,38362,5.10%
2026,3,38373,5.60%
2026,3,38388,5.70%
2026,3,38518,4.00%
2026,3,38573,15.80%
2026,3,38574,2.10%
2026,3,38598,7.80%
2026,3,38609,3.60%
2026,3,38705,6.40%
2026,3,38759,24.10%
2026,3,38786,8.10%
2026,3,38826,4.20%
2026,3,38955,2.00%
2026,3,38988,3.50%
2026,3,43054,9.70%
2026,3,43088,7.40%
2026,3,43098,6.80%
2026,3,43133,6.90%
2026,3,43134,6.00%
2026,3,38250,3.40%
2026,3,38295,1.00%
2026,3,38467,9.40%
2026,3,38728,4.90%
2026,3,38757,1.30%
2026,3,38864,1.30%
2026,3,38871,1.50%
2026,3,38916,0.50%
2026,3,38944,0.60%
2026,3,38976,2.20%
2026,3,43033,5.70%
2026,3,38351,3.40%
2026,3,38375,5.60%
2026,3,38429,2.70%
2026,3,38511,1.80%
2026,3,38567,4.80%
2026,3,38678,5.10%
2026,3,38684,9.00%
2026,3,38716,3.30%
2026,3,38718,4.20%
2026,3,38996,2.40%
2026,3,43034,8.30%
2026,3,38357,0.20%
2026,3,38358,3.90%
2026,3,38790,3.40%
2026,3,38793,5.90%
2026,3,38893,16.30%
2026,3,38908,2.90%
2026,3,38939,6.20%
2026,3,43064,11.90%
2026,3,43170,6.90%
2026,3,38594,1.70%
2026,3,38657,0.60%
2026,3,38659,0.10%
2026,3,38800,1.30%
2026,3,38801,2.10%
2026,3,38855,0.40%
2026,3,43026,1.90%
2026,3,43163,2.90%
2026,3,43169,1.20%
2026,3,38193,0.10%
2026,3,38372,1.40%
2026,3,38416,1.80%
2026,3,38499,1.10%
2026,3,38530,2.50%
2026,3,38549,1.80%
2026,3,38587,9.00%
2026,3,38715,1.00%
2026,3,38764,0.10%
2026,3,38951,1.00%
2026,3,43105,1.50%
2026,3,38117,10.00%
2026,3,38176,9.50%
2026,3,38197,10.60%
2026,3,38427,4.80%
2026,3,38458,4.10%
2026,3,38475,14.30%
2026,3,38561,4.40%
2026,3,38590,5.80%
2026,3,38656,13.50%
2026,3,38695,5.40%
2026,3,38770,13.90%
2026,3,38859,1.40%
2026,3,43152,6.60%
2026,3,38126,5.60%
2026,3,38179,0.40%
2026,3,38185,7.80%
2026,3,38292,8.60%
2026,3,38439,5.90%
2026,3,38452,6.30%
2026,3,38466,0.80%
2026,3,38553,0.10%
2026,3,38568,0.80%
2026,3,38799,4.00%
2026,3,38815,1.10%
2026,3,38918,4.70%
2026,3,43107,3.50%
2026,3,38199,1.70%
2026,3,38238,0.30%
2026,3,38244,0.80%
2026,3,38276,0.50%
2026,3,38510,1.40%
2026,3,38603,0.10%
2026,3,38739,0.10%
2026,3,38844,0.30%
2026,3,38849,0.50%
2026,3,38970,0.30%
2026,3,38333,12.10%
2026,3,38339,9.40%
2026,3,38368,4.50%
2026,3,38401,7.50%
2026,3,38456,12.00%
2026,3,38515,11.80%
2026,3,38604,7.20%
2026,3,38862,14.60%
2026,3,38894,2.70%
2026,3,43193,3.90%
2026,3,38377,8.80%
2026,3,38480,3.60%
2026,3,38559,4.90%
2026,3,38629,11.10%
2026,3,38846,9.60%
2026,3,38882,18.20%
2026,3,43055,14.20%
2026,3,43135,9.20%
2026,3,38154,2.00%
2026,3,38221,5.10%
2026,3,38228,11.50%
2026,3,38241,1.10%
2026,3,38314,2.70%
2026,3,38324,2.10%
2026,3,38384,0.80%
2026,3,38592,4.70%
2026,3,38679,4.70%
2026,3,43030,4.30%
2026,3,43151,10.90%
2026,3,38348,1.50%
2026,3,38396,0.60%
2026,3,38410,7.20%
2026,3,38451,1.70%
2026,3,38536,3.80%
2026,3,38550,0.40%
2026,3,38649,1.70%
2026,3,38682,2.30%
2026,3,43044,0.40%
2026,3,43157,1.30%
2026,3,38255,9.60%
2026,3,38302,8.70%
2026,3,38311,19.60%
2026,3,38434,7.40%
2026,3,38714,6.60%
2026,3,38745,5.90%
2026,3,38814,14.40%
2026,3,38980,3.80%
2026,3,43092,13.30%
2026,3,43145,23.90%
2026,3,43171,12.80%
2026,3,43174,22.90%
2026,3,38300,1.00%
2026,3,38316,0.30%
2026,3,38329,0.00%
2026,3,38655,0.30%
2026,3,38867,0.10%
2026,3,38926,0.00%
2026,3,43000,0.50%
2026,3,38318,0.60%
2026,3,38337,0.10%
2026,3,38476,0.10%
2026,3,38621,0.00%
2026,3,38707,0.30%
2026,3,38892,0.00%
2026,3,38971,0.10%
2026,3,38973,0.30%
2026,3,38321,0.70%
2026,3,38325,0.30%
2026,3,38341,1.90%
2026,3,38490,0.10%
2026,3,38708,4.40%
2026,3,38927,0.60%
2026,3,38932,1.50%
2026,3,38960,3.60%
2026,3,38170,6.10%
2026,3,38218,3.60%
2026,3,38237,1.50%
2026,3,38249,19.10%
2026,3,38287,1.80%
2026,3,38290,1.10%
2026,3,38304,8.80%
2026,3,38330,15.80%
2026,3,38905,1.30%
2026,3,38978,3.20%
2026,3,38431,6.70%
2026,3,38529,7.50%
2026,3,38811,18.20%
2026,3,38903,8.20%
2026,3,38924,17.90%
2026,3,38930,11.00%
2026,3,38937,10.20%
2026,3,38992,12.00%
2026,3,38995,7.90%
2026,3,38123,8.80%
2026,3,38155,7.50%
2026,3,38203,2.90%
2026,3,38234,2.60%
2026,3,38376,7.90%
2026,3,38463,8.10%
2026,3,38465,3.10%
2026,3,38487,0.60%
2026,3,38497,9.70%
2026,3,38632,0.30%
2026,3,38762,4.90%
2026,3,38785,2.50%
2026,3,43123,9.70%
2026,3,38201,0.20%
2026,3,38223,0.10%
2026,3,38224,0.30%
2026,3,38584,0.50%
2026,3,38742,0.30%
2026,3,38907,0.40%
2026,3,38278,0.90%
2026,3,38282,4.60%
2026,3,38310,2.10%
2026,3,38443,0.70%
2026,3,38531,5.10%
2026,3,38537,15.10%
2026,3,38643,0.70%
2026,3,38870,9.80%
2026,3,38920,18.60%
2026,3,43018,9.30%
2026,3,38161,
2026,3,38167,
2026,3,38168,
2026,3,38171,
2026,3,38182,
2026,3,38206,
2026,3,38232,
2026,3,38297,
2026,3,38299,
2026,3,38385,
2026,3,38478,
2026,3,38641,
2026,3,38706,
2026,3,38789,
2026,3,38803,
2026,3,38827,
2026,3,38833,
2026,3,38877,
2026,3,38901,
2026,3,38910,
2026,3,38929,
2026,3,38943,
2026,3,43038,
2026,3,43082,
2026,3,43083,
2026,3,43122,
2026,3,43162,
2026,4,38209,0.10%
2026,4,38317,5.60%
2026,4,38589,8.00%
2026,4,38843,2.20%
2026,4,38872,8.60%
2026,4,38950,1.30%
2026,4,38989,4.00%
2026,4,43029,0.20%
2026,4,38101,0.80%
2026,4,38240,2.10%
2026,4,38272,0.90%
2026,4,38285,0.80%
2026,4,38291,0.70%
2026,4,38389,3.70%
2026,4,38404,5.80%
2026,4,38422,2.70%
2026,4,38433,1.40%
2026,4,38555,1.60%
2026,4,38613,15.30%
2026,4,38654,4.90%
2026,4,38681,3.60%
2026,4,38183,0.70%
2026,4,38387,4.00%
2026,4,38577,0.30%
2026,4,38721,0.70%
2026,4,38732,0.90%
2026,4,38736,0.30%
2026,4,38821,0.10%
2026,4,38857,3.40%
2026,4,43008,3.20%
2026,4,43124,1.00%
2026,4,38344,5.90%
2026,4,38635,11.00%
2026,4,38858,1.40%
2026,4,38109,5.40%
2026,4,38173,1.00%
2026,4,38312,4.30%
2026,4,38378,5.10%
2026,4,38423,1.00%
2026,4,38432,4.90%
2026,4,38440,0.40%
2026,4,38483,5.60%
2026,4,38498,2.00%
2026,4,38504,5.90%
2026,4,38554,0.10%
2026,4,38556,0.80%
2026,4,38558,12.00%
2026,4,38602,5.30%
2026,4,38658,4.60%
2026,4,38752,3.70%
2026,4,38850,4.00%
2026,4,38113,8.00%
2026,4,38139,7.40%
2026,4,38152,8.00%
2026,4,38208,13.10%
2026,4,38239,4.80%
2026,4,38365,5.50%
2026,4,38417,7.00%
2026,4,38430,2.70%
2026,4,38484,18.80%
2026,4,38585,10.30%
2026,4,38620,1.60%
2026,4,38663,10.40%
2026,4,43025,5.30%
2026,4,38111,3.50%
2026,4,38118,3.90%
2026,4,38194,5.60%
2026,4,38219,2.40%
2026,4,38349,11.00%
2026,4,38399,6.30%
2026,4,38405,1.80%
2026,4,38470,16.20%
2026,4,38557,3.20%
2026,4,38581,4.70%
2026,4,38612,5.20%
2026,4,38676,6.00%
2026,4,38982,4.90%
2026,4,38107,3.30%
2026,4,38116,5.30%
2026,4,38124,1.40%
2026,4,38129,5.50%
2026,4,38169,7.20%
2026,4,38398,9.90%
2026,4,38428,11.30%
2026,4,38447,1.30%
2026,4,38544,4.70%
2026,4,38571,6.10%
2026,4,38580,6.60%
2026,4,38615,5.40%
2026,4,38691,7.70%
2026,4,38226,11.70%
2026,4,38279,1.00%
2026,4,38289,7.40%
2026,4,38418,1.40%
2026,4,38419,1.80%
2026,4,38468,1.20%
2026,4,38477,2.40%
2026,4,38496,6.00%
2026,4,38611,11.10%
2026,4,38645,0.10%
2026,4,38725,7.00%
2026,4,43070,9.60%
2026,4,38131,6.10%
2026,4,38172,4.60%
2026,4,38402,4.20%
2026,4,38406,0.70%
2026,4,38543,6.10%
2026,4,38560,2.20%
2026,4,38605,3.30%
2026,4,38625,10.40%
2026,4,38771,0.30%
2026,4,38784,3.50%
2026,4,38791,0.40%
2026,4,38806,6.80%
2026,4,38866,1.80%
2026,4,38133,0.10%
2026,4,38190,0.60%
2026,4,38192,0.20%
2026,4,38280,1.10%
2026,4,38634,0.90%
2026,4,38638,0.10%
2026,4,38804,0.20%
2026,4,38949,1.30%
2026,4,43069,0.90%
2026,4,43074,0.20%
2026,4,43166,0.50%
2026,4,38146,2.20%
2026,4,38157,0.40%
2026,4,38519,0.40%
2026,4,38698,0.80%
2026,4,38761,1.90%
2026,4,38768,2.00%
2026,4,38819,2.40%
2026,4,38831,1.60%
2026,4,38840,7.50%
2026,4,38897,5.00%
2026,4,43009,5.20%
2026,4,38114,7.60%
2026,4,38360,12.60%
2026,4,38367,4.20%
2026,4,38379,1.00%
2026,4,38393,6.90%
2026,4,38469,5.60%
2026,4,38471,4.40%
2026,4,38472,21.90%
2026,4,38494,9.00%
2026,4,38637,1.00%
2026,4,38817,2.70%
2026,4,38964,4.50%
2026,4,38164,1.30%
2026,4,38222,0.60%
2026,4,38264,1.30%
2026,4,38599,2.40%
2026,4,38690,3.50%
2026,4,38731,0.50%
2026,4,38756,0.10%
2026,4,38787,0.70%
2026,4,38942,1.00%
2026,4,43100,4.00%
2026,4,38204,1.00%
2026,4,38359,1.20%
2026,4,38876,0.80%
2026,4,38917,8.90%
2026,4,43021,2.70%
2026,4,38217,0.60%
2026,4,38257,2.10%
2026,4,38516,0.60%
2026,4,38993,1.40%
2026,4,43086,1.70%
2026,4,43146,1.80%
2026,4,38211,2.60%
2026,4,38212,0.20%
2026,4,38214,2.60%
2026,4,38354,8.30%
2026,4,38370,3.90%
2026,4,38639,3.60%
2026,4,38711,0.70%
2026,4,38723,2.20%
2026,4,38889,0.80%
2026,4,38972,2.30%
2026,4,38990,8.80%
2026,4,43001,3.90%
2026,4,38134,3.00%
2026,4,38260,8.20%
2026,4,38340,12.10%
2026,4,38464,8.30%
2026,4,38482,11.80%
2026,4,38501,6.20%
2026,4,38513,5.40%
2026,4,38526,8.70%
2026,4,38569,5.70%
2026,4,38570,4.80%
2026,4,38579,6.50%
2026,4,38619,7.20%
2026,4,38888,2.20%
2026,4,38941,1.40%
2026,4,38296,2.10%
2026,4,38328,2.50%
2026,4,38435,0.90%
2026,4,38488,5.40%
2026,4,38712,2.10%
2026,4,38744,0.80%
2026,4,38805,0.20%
2026,4,38828,2.10%
2026,4,38928,0.60%
2026,4,38975,10.20%
2026,4,43186,3.40%
2026,4,38408,1.40%
2026,4,38525,0.90%
2026,4,38738,0.10%
2026,4,38781,3.30%
2026,4,38839,2.30%
2026,4,38946,2.70%
2026,4,38966,4.10%
2026,4,38967,4.10%
2026,4,38267,3.50%
2026,4,38503,4.10%
2026,4,38760,0.40%
2026,4,38825,0.80%
2026,4,38842,3.30%
2026,4,38919,0.30%
2026,4,38923,1.30%
2026,4,38979,1.90%
2026,4,38991,1.00%
2026,4,43190,1.20%
2026,4,38273,0.30%
2026,4,38275,0.00%
2026,4,38335,0.20%
2026,4,38454,0.30%
2026,4,38887,0.10%
2026,4,38921,0.10%
2026,4,38983,2.80%
2026,4,43114,2.10%
2026,4,43115,6.70%
2026,4,43138,3.00%
2026,4,38436,1.60%
2026,4,38491,1.30%
2026,4,38782,7.80%
2026,4,38890,1.40%
2026,4,43010,4.40%
2026,4,38236,5.70%
2026,4,38309,8.00%
2026,4,38397,3.40%
2026,4,38413,1.30%
2026,4,38566,3.90%
2026,4,38614,4.90%
2026,4,38636,3.20%
2026,4,38648,4.70%
2026,4,38696,3.10%
2026,4,38838,4.70%
2026,4,43118,5.20%
2026,4,43137,1.50%
2026,4,38159,0.80%
2026,4,38338,0.40%
2026,4,38345,0.90%
2026,4,38479,7.50%
2026,4,38647,8.00%
2026,4,38868,0.70%
2026,4,38881,0.40%
2026,4,38931,0.70%
2026,4,38938,2.30%
2026,4,38969,0.80%
2026,4,38137,7.80%
2026,4,38143,4.40%
2026,4,38144,4.60%
2026,4,38153,3.80%
2026,4,38195,1.60%
2026,4,38229,10.90%
2026,4,38624,5.80%
2026,4,38640,2.80%
2026,4,38660,7.00%
2026,4,38994,1.70%
2026,4,43172,7.10%
2026,4,38210,2.30%
2026,4,38242,2.20%
2026,4,38288,3.10%
2026,4,38346,3.40%
2026,4,38381,3.00%
2026,4,38517,2.80%
2026,4,38523,2.00%
2026,4,38713,5.50%
2026,4,38863,1.30%
2026,4,38879,1.00%
2026,4,38162,7.00%
2026,4,38177,10.90%
2026,4,38213,1.80%
2026,4,38332,0.70%
2026,4,38352,0.60%
2026,4,38356,1.80%
2026,4,38449,7.90%
2026,4,38542,1.90%
2026,4,38575,9.00%
2026,4,38588,7.80%
2026,4,38861,1.90%
2026,4,43046,3.80%
2026,4,43051,10.30%
2026,4,38409,3.60%
2026,4,38448,5.80%
2026,4,38486,1.80%
2026,4,38551,4.00%
2026,4,38583,0.40%
2026,4,38675,3.80%
2026,4,38702,1.30%
2026,4,38703,5.10%
2026,4,43057,2.20%
2026,4,43084,1.20%
2026,4,43148,0.90%
2026,4,38147,2.90%
2026,4,38163,3.00%
2026,4,38174,0.90%
2026,4,38407,0.80%
2026,4,38672,0.20%
2026,4,38699,0.30%
2026,4,38700,0.00%
2026,4,38733,1.70%
2026,4,38753,0.10%
2026,4,38754,0.10%
2026,4,43047,2.40%
2026,4,43129,2.80%
2026,4,38121,8.40%
2026,4,38366,3.20%
2026,4,38386,3.90%
2026,4,38461,4.10%
2026,4,38538,8.50%
2026,4,38644,1.50%
2026,4,38709,18.80%
2026,4,38717,16.10%
2026,4,38722,7.70%
2026,4,38727,6.60%
2026,4,38773,0.40%
2026,4,43041,12.90%
2026,4,38103,7.40%
2026,4,38104,5.00%
2026,4,38106,5.30%
2026,4,38112,4.50%
2026,4,38188,5.20%
2026,4,38227,5.20%
2026,4,38617,17.90%
2026,4,38646,6.20%
2026,4,38692,15.30%
2026,4,38730,3.60%
2026,4,38746,0.70%
2026,4,38954,3.30%
2026,4,43142,5.80%
2026,4,38115,10.60%
2026,4,38119,9.60%
2026,4,38142,12.10%
2026,4,38149,12.50%
2026,4,38266,18.20%
2026,4,38270,16.50%
2026,4,38363,9.50%
2026,4,38394,12.00%
2026,4,38507,10.40%
2026,4,38535,13.90%
2026,4,38925,9.80%
2026,4,43043,17.40%
2026,4,43130,10.80%
2026,4,38108,6.10%
2026,4,38110,0.60%
2026,4,38128,0.50%
2026,4,38187,1.60%
2026,4,38191,3.00%
2026,4,38202,4.60%
2026,4,38220,3.40%
2026,4,38382,0.50%
2026,4,38415,1.30%
2026,4,38481,2.60%
2026,4,38522,3.20%
2026,4,38541,3.20%
2026,4,38597,10.80%
2026,4,38627,1.10%
2026,4,38136,6.70%
2026,4,38186,10.00%
2026,4,38230,11.70%
2026,4,38374,12.20%
2026,4,38442,11.00%
2026,4,38460,8.60%
2026,4,38606,8.70%
2026,4,38661,16.50%
2026,4,38674,14.60%
2026,4,38694,2.10%
2026,4,38792,7.40%
2026,4,38845,6.80%
2026,4,38138,0.50%
2026,4,38141,2.00%
2026,4,38319,0.20%
2026,4,38441,4.20%
2026,4,38547,8.10%
2026,4,38668,2.30%
2026,4,38841,1.30%
2026,4,38896,3.20%
2026,4,38987,8.30%
2026,4,43059,4.20%
2026,4,43068,0.50%
2026,4,38158,2.90%
2026,4,38166,5.40%
2026,4,38390,1.60%
2026,4,38400,0.50%
2026,4,38445,3.40%
2026,4,38512,12.80%
2026,4,38532,9.90%
2026,4,38751,8.00%
2026,4,38755,0.20%
2026,4,38777,1.20%
2026,4,38780,5.80%
2026,4,38798,3.70%
2026,4,38810,2.80%
2026,4,38180,0.10%
2026,4,38184,0.30%
2026,4,38533,0.10%
2026,4,38540,0.10%
2026,4,38564,0.40%
2026,4,38741,2.20%
2026,4,38765,0.40%
2026,4,38788,0.70%
2026,4,38865,7.10%
2026,4,38968,1.00%
2026,4,38196,1.90%
2026,4,38246,0.10%
2026,4,38254,1.40%
2026,4,38263,0.30%
2026,4,38336,2.00%
2026,4,38596,0.10%
2026,4,38830,0.00%
2026,4,38883,2.60%
2026,4,38898,0.60%
2026,4,38935,1.90%
2026,4,38958,0.40%
2026,4,38963,0.20%
2026,4,38981,0.00%
2026,4,43005,0.20%
2026,4,38205,10.20%
2026,4,38207,1.70%
2026,4,38371,12.40%
2026,4,38411,24.40%
2026,4,38527,10.20%
2026,4,38546,17.10%
2026,4,38651,11.80%
2026,4,38677,15.70%
2026,4,38719,17.80%
2026,4,38837,18.90%
2026,4,43111,19.60%
2026,4,43132,17.30%
2026,4,43195,3.10%
2026,4,38248,0.10%
2026,4,38680,0.20%
2026,4,38808,0.20%
2026,4,38875,0.30%
2026,4,38984,0.10%
2026,4,43154,0.30%
2026,4,38258,3.60%
2026,4,38313,0.80%
2026,4,38322,0.40%
2026,4,38380,0.10%
2026,4,38545,0.00%
2026,4,38582,0.80%
2026,4,38670,0.20%
2026,4,38836,1.80%
2026,4,38869,0.60%
2026,4,38874,1.20%
2026,4,38977,0.40%
2026,4,43143,0.50%
2026,4,38122,1.00%
2026,4,38148,2.20%
2026,4,38150,1.50%
2026,4,38189,3.90%
2026,4,38225,0.30%
2026,4,38233,5.80%
2026,4,38361,15.70%
2026,4,38414,0.10%
2026,4,38438,5.80%
2026,4,38485,1.70%
2026,4,38508,2.60%
2026,4,38534,1.40%
2026,4,38578,0.00%
2026,4,38607,6.30%
2026,4,38633,4.30%
2026,4,38704,0.50%
2026,4,38747,0.40%
2026,4,38749,15.00%
2026,4,38769,5.60%
2026,4,38829,2.30%
2026,4,38847,3.90%
2026,4,38957,8.00%
2026,4,43011,1.20%
2026,4,43147,11.50%
2026,4,38243,13.80%
2026,4,38252,7.00%
2026,4,38271,2.80%
2026,4,38274,6.70%
2026,4,38277,10.90%
2026,4,38307,6.50%
2026,4,38326,1.40%
2026,4,38383,12.60%
2026,4,38446,2.20%
2026,4,38509,13.70%
2026,4,38539,2.80%
2026,4,38664,6.50%
2026,4,38667,1.20%
2026,4,38740,1.00%
2026,4,38763,8.30%
2026,4,38778,3.00%
2026,4,38779,17.90%
2026,4,38922,10.00%
2026,4,38933,1.00%
2026,4,38948,0.40%
2026,4,38952,2.90%
2026,4,43016,8.30%
2026,4,43060,11.80%
2026,4,43106,24.70%
2026,4,43156,6.20%
2026,4,38245,2.50%
2026,4,38247,2.00%
2026,4,38251,6.10%
2026,4,38453,1.80%
2026,4,38552,1.50%
2026,4,38673,10.80%
2026,4,38884,14.50%
2026,4,38904,2.00%
2026,4,43027,14.10%
2026,4,43032,6.90%
2026,4,43089,2.90%
2026,4,38268,9.40%
2026,4,38286,9.60%
2026,4,38601,5.10%
2026,4,38642,2.10%
2026,4,38729,8.90%
2026,4,38809,0.80%
2026,4,38812,4.50%
2026,4,38832,1.90%
2026,4,38899,0.60%
2026,4,38997,4.60%
2026,4,38262,9.30%
2026,4,38355,2.60%
2026,4,38392,4.50%
2026,4,38473,6.60%
2026,4,38506,7.90%
2026,4,38563,10.90%
2026,4,38630,6.10%
2026,4,38734,10.10%
2026,4,38891,13.20%
2026,4,38912,2.10%
2026,4,38974,5.20%
2026,4,43063,5.60%
2026,4,43185,8.70%
2026,4,38265,14.60%
2026,4,38412,0.70%
2026,4,38450,1.80%
2026,4,38737,1.10%
2026,4,38848,6.80%
2026,4,38934,3.50%
2026,4,38999,5.00%
2026,4,43076,4.40%
2026,4,38683,3.70%
2026,4,38726,5.00%
2026,4,38743,1.60%
2026,4,38873,3.50%
2026,4,43003,1.00%
2026,4,43042,2.40%
2026,4,43096,3.30%
2026,4,38283,0.10%
2026,4,38342,2.10%
2026,4,38353,0.60%
2026,4,38524,0.40%
2026,4,38666,0.10%
2026,4,38685,9.40%
2026,4,38693,0.60%
2026,4,38797,1.00%
2026,4,38985,0.30%
2026,4,43110,3.50%
2026,4,43168,0.20%
2026,4,38305,1.10%
2026,4,38860,5.60%
2026,4,38895,6.20%
2026,4,38945,0.10%
2026,4,43036,3.00%
2026,4,43040,7.00%
2026,4,43125,6.20%
2026,4,43149,5.80%
2026,4,43155,13.40%
2026,4,38306,5.20%
2026,4,38315,5.40%
2026,4,38520,9.40%
2026,4,38631,6.80%
2026,4,38665,0.10%
2026,4,38669,6.10%
2026,4,38689,0.20%
2026,4,38735,7.20%
2026,4,38818,8.40%
2026,4,38953,1.70%
2026,4,43050,2.10%
2026,4,43071,2.90%
2026,4,38331,5.00%
2026,4,38459,5.30%
2026,4,38565,9.30%
2026,4,38650,3.30%
2026,4,38820,4.00%
2026,4,38947,3.20%
2026,4,38959,5.90%
2026,4,43031,17.10%
2026,4,43056,10.90%
2026,4,38457,8.70%
2026,4,38492,3.50%
2026,4,38618,3.90%
2026,4,38776,10.70%
2026,4,38986,9.60%
2026,4,38320,20.10%
2026,4,38323,4.20%
2026,4,38334,5.80%
2026,4,38350,2.80%
2026,4,38362,4.20%
2026,4,38373,5.00%
2026,4,38388,8.10%
2026,4,38518,4.80%
2026,4,38573,17.80%
2026,4,38574,1.60%
2026,4,38598,4.90%
2026,4,38609,2.40%
2026,4,38705,6.30%
2026,4,38759,23.10%
2026,4,38786,9.70%
2026,4,38826,4.90%
2026,4,38955,2.80%
2026,4,38988,7.70%
2026,4,43054,5.50%
2026,4,43088,9.40%
2026,4,43098,5.50%
2026,4,43133,7.10%
2026,4,43134,6.50%
2026,4,38250,3.90%
2026,4,38295,1.00%
2026,4,38467,7.70%
2026,4,38728,5.30%
2026,4,38757,3.80%
2026,4,38864,0.70%
2026,4,38871,2.20%
2026,4,38886,0.80%
2026,4,38916,0.50%
2026,4,38944,0.90%
2026,4,38976,3.50%
2026,4,43033,4.40%
2026,4,38351,3.00%
2026,4,38375,8.30%
2026,4,38429,2.30%
2026,4,38511,1.10%
2026,4,38567,5.10%
2026,4,38678,7.60%
2026,4,38684,8.30%
2026,4,38716,3.40%
2026,4,38718,4.00%
2026,4,38996,1.10%
2026,4,43034,8.50%
2026,4,38357,0.50%
2026,4,38358,3.00%
2026,4,38790,4.50%
2026,4,38793,6.40%
2026,4,38893,16.90%
2026,4,38908,2.60%
2026,4,38939,3.60%
2026,4,43064,11.20%
2026,4,43170,8.80%
2026,4,38502,0.10%
2026,4,38594,2.70%
2026,4,38657,0.50%
2026,4,38659,0.10%
2026,4,38800,1.80%
2026,4,38801,3.70%
2026,4,38855,1.00%
2026,4,43026,1.40%
2026,4,43163,6.10%
2026,4,43169,0.80%
2026,4,38193,0.10%
2026,4,38372,2.00%
2026,4,38416,0.90%
2026,4,38499,0.60%
2026,4,38530,2.10%
2026,4,38549,2.70%
2026,4,38587,8.90%
2026,4,38715,1.20%
2026,4,38951,1.30%
2026,4,43105,0.60%
2026,4,38117,12.20%
2026,4,38176,14.80%
2026,4,38197,11.30%
2026,4,38427,5.00%
2026,4,38458,3.60%
2026,4,38475,12.70%
2026,4,38561,4.90%
2026,4,38590,6.50%
2026,4,38656,15.30%
2026,4,38695,6.40%
2026,4,38770,9.20%
2026,4,38859,2.60%
2026,4,43152,7.90%
2026,4,38126,5.70%
2026,4,38179,0.20%
2026,4,38185,4.70%
2026,4,38292,8.90%
2026,4,38439,3.90%
2026,4,38452,6.10%
2026,4,38466,0.90%
2026,4,38568,0.70%
2026,4,38799,4.10%
2026,4,38815,1.30%
2026,4,38918,6.00%
2026,4,43107,5.00%
2026,4,38199,1.80%
2026,4,38238,0.10%
2026,4,38244,0.60%
2026,4,38276,0.90%
2026,4,38510,2.20%
2026,4,38603,0.30%
2026,4,38739,0.20%
2026,4,38844,0.20%
2026,4,38849,0.90%
2026,4,38970,0.00%
2026,4,38333,10.40%
2026,4,38339,11.70%
2026,4,38368,5.10%
2026,4,38401,9.80%
2026,4,38456,16.50%
2026,4,38515,12.20%
2026,4,38604,10.20%
2026,4,38862,13.50%
2026,4,38894,4.80%
2026,4,43193,3.80%
2026,4,38377,8.00%
2026,4,38480,5.50%
2026,4,38559,7.40%
2026,4,38629,15.70%
2026,4,38846,9.20%
2026,4,38882,16.40%
2026,4,43055,16.40%
2026,4,43135,7.40%
2026,4,38154,2.20%
2026,4,38221,5.60%
2026,4,38228,6.80%
2026,4,38241,1.60%
2026,4,38314,2.40%
2026,4,38324,1.60%
2026,4,38384,0.90%
2026,4,38592,6.40%
2026,4,38679,2.80%
2026,4,43030,1.90%
2026,4,43151,19.30%
2026,4,38348,0.80%
2026,4,38396,0.30%
2026,4,38410,6.80%
2026,4,38451,2.00%
2026,4,38536,5.20%
2026,4,38550,1.30%
2026,4,38649,0.90%
2026,4,38682,2.80%
2026,4,43044,1.10%
2026,4,43157,1.80%
2026,4,38255,11.70%
2026,4,38302,11.00%
2026,4,38311,18.10%
2026,4,38434,7.60%
2026,4,38714,6.90%
2026,4,38745,9.40%
2026,4,38814,15.50%
2026,4,38980,3.70%
2026,4,43092,13.70%
2026,4,43145,28.90%
2026,4,43171,11.40%
2026,4,43174,21.30%
2026,4,38300,0.60%
2026,4,38316,0.30%
2026,4,38329,1.70%
2026,4,38655,0.70%
2026,4,38758,0.30%
2026,4,38867,0.10%
2026,4,43000,0.50%
2026,4,38318,0.30%
2026,4,38337,0.10%
2026,4,38476,0.40%
2026,4,38621,0.00%
2026,4,38707,0.30%
2026,4,38892,0.10%
2026,4,38971,0.10%
2026,4,38973,0.10%
2026,4,38321,0.30%
2026,4,38325,0.50%
2026,4,38341,3.00%
2026,4,38490,0.40%
2026,4,38708,0.60%
2026,4,38909,0.30%
2026,4,38932,1.90%
2026,4,38960,4.00%
2026,4,38170,2.90%
2026,4,38218,2.90%
2026,4,38237,2.40%
2026,4,38249,19.10%
2026,4,38287,2.20%
2026,4,38290,0.60%
2026,4,38304,5.30%
2026,4,38330,16.80%
2026,4,38905,1.50%
2026,4,38978,2.90%
2026,4,38431,7.60%
2026,4,38529,7.50%
2026,4,38811,17.90%
2026,4,38903,9.20%
2026,4,38924,19.40%
2026,4,38930,12.00%
2026,4,38937,11.30%
2026,4,38992,10.60%
2026,4,38995,7.80%
2026,4,38123,11.50%
2026,4,38155,6.10%
2026,4,38203,5.40%
2026,4,38234,3.70%
2026,4,38376,7.80%
2026,4,38463,7.50%
2026,4,38465,10.20%
2026,4,38487,0.80%
2026,4,38497,12.50%
2026,4,38632,0.00%
2026,4,38762,1.40%
2026,4,38785,2.30%
2026,4,43123,16.40%
2026,4,38201,0.10%
2026,4,38223,0.10%
2026,4,38224,1.60%
2026,4,38584,1.10%
2026,4,38742,0.10%
2026,4,38907,1.30%
2026,4,38278,2.90%
2026,4,38282,3.90%
2026,4,38310,2.30%
2026,4,38443,1.30%
2026,4,38531,2.30%
2026,4,38537,14.00%
2026,4,38643,1.40%
2026,4,38870,6.40%
2026,4,38920,14.20%
2026,4,43018,17.60%
2026,4,38161,
2026,4,38165,
2026,4,38171,
2026,4,38182,
2026,4,38206,
2026,4,38269,
2026,4,38297,
2026,4,38299,
2026,4,38420,
2026,4,38478,
2026,4,38641,
2026,4,38789,
2026,4,38795,
2026,4,38796,
2026,4,38803,
2026,4,38877,
2026,4,38901,
2026,4,38910,
2026,4,38911,
2026,4,38929,
2026,4,38943,
2026,4,43082,
2026,4,43083,
2026,4,43162,
2026,5,38209,0.10%
2026,5,38317,3.50%
2026,5,38489,0.10%
2026,5,38589,5.30%
2026,5,38843,1.60%
2026,5,38872,9.10%
2026,5,38950,1.20%
2026,5,38989,3.70%
2026,5,43029,0.20%
2026,5,38101,0.60%
2026,5,38240,2.60%
2026,5,38272,0.80%
2026,5,38285,0.20%
2026,5,38291,1.70%
2026,5,38389,4.80%
2026,5,38404,3.90%
2026,5,38422,3.20%
2026,5,38433,2.00%
2026,5,38555,1.70%
2026,5,38613,11.20%
2026,5,38654,3.70%
2026,5,38681,2.90%
2026,5,43188,1.40%
2026,5,38183,0.50%
2026,5,38387,6.40%
2026,5,38577,0.20%
2026,5,38721,0.40%
2026,5,38732,0.80%
2026,5,38736,0.20%
2026,5,38813,0.10%
2026,5,38821,0.20%
2026,5,38857,4.20%
2026,5,43008,3.00%
2026,5,43124,0.50%
2026,5,38344,5.20%
2026,5,38635,7.40%
2026,5,38858,0.80%
2026,5,38109,5.40%
2026,5,38173,1.10%
2026,5,38312,2.20%
2026,5,38378,4.40%
2026,5,38423,0.80%
2026,5,38432,3.20%
2026,5,38440,0.30%
2026,5,38483,4.90%
2026,5,38498,1.10%
2026,5,38504,3.40%
2026,5,38554,0.10%
2026,5,38556,1.00%
2026,5,38558,9.40%
2026,5,38602,3.70%
2026,5,38658,3.40%
2026,5,38752,2.60%
2026,5,38850,2.50%
2026,5,38113,8.50%
2026,5,38139,6.90%
2026,5,38152,5.80%
2026,5,38208,10.00%
2026,5,38239,11.30%
2026,5,38365,4.20%
2026,5,38417,7.20%
2026,5,38430,1.80%
2026,5,38484,13.80%
2026,5,38585,10.70%
2026,5,38620,2.60%
2026,5,38663,6.30%
2026,5,43025,6.60%
2026,5,38111,4.10%
2026,5,38118,4.10%
2026,5,38194,8.10%
2026,5,38219,1.70%
2026,5,38349,8.00%
2026,5,38399,4.80%
2026,5,38405,0.80%
2026,5,38470,12.80%
2026,5,38557,3.40%
2026,5,38581,5.10%
2026,5,38600,0.10%
2026,5,38612,5.20%
2026,5,38676,2.80%
2026,5,38982,6.60%
2026,5,38107,3.70%
2026,5,38116,4.20%
2026,5,38124,1.30%
2026,5,38129,4.60%
2026,5,38169,4.70%
2026,5,38398,8.20%
2026,5,38428,10.80%
2026,5,38447,0.70%
2026,5,38544,3.70%
2026,5,38571,2.90%
2026,5,38580,6.50%
2026,5,38615,5.40%
2026,5,38691,8.10%
2026,5,38226,6.80%
2026,5,38279,0.50%
2026,5,38289,5.90%
2026,5,38418,0.70%
2026,5,38419,1.20%
2026,5,38468,1.20%
2026,5,38477,1.00%
2026,5,38496,3.80%
2026,5,38611,7.10%
2026,5,38645,0.40%
2026,5,38725,4.50%
2026,5,43070,4.00%
2026,5,38131,4.60%
2026,5,38172,3.60%
2026,5,38402,3.20%
2026,5,38406,3.30%
2026,5,38543,4.10%
2026,5,38560,2.00%
2026,5,38605,4.00%
2026,5,38625,12.00%
2026,5,38771,0.20%
2026,5,38784,4.10%
2026,5,38791,0.20%
2026,5,38806,4.70%
2026,5,38866,2.10%
2026,5,38133,0.10%
2026,5,38190,0.40%
2026,5,38192,0.10%
2026,5,38280,0.50%
2026,5,38634,0.70%
2026,5,38638,0.30%
2026,5,38804,0.20%
2026,5,38949,0.50%
2026,5,43069,1.90%
2026,5,43074,0.50%
2026,5,43166,2.30%
2026,5,38146,1.80%
2026,5,38157,0.60%
2026,5,38519,0.60%
2026,5,38698,0.30%
2026,5,38761,1.00%
2026,5,38768,4.80%
2026,5,38819,1.50%
2026,5,38831,1.40%
2026,5,38840,6.10%
2026,5,38897,3.20%
2026,5,43009,3.80%
2026,5,38114,6.30%
2026,5,38360,12.40%
2026,5,38367,3.30%
2026,5,38379,0.50%
2026,5,38393,8.20%
2026,5,38469,4.30%
2026,5,38471,5.30%
2026,5,38472,9.40%
2026,5,38494,8.10%
2026,5,38637,1.10%
2026,5,38817,1.50%
2026,5,38964,3.40%
2026,5,38164,1.60%
2026,5,38222,0.60%
2026,5,38264,0.90%
2026,5,38599,1.40%
2026,5,38690,2.30%
2026,5,38731,0.20%
2026,5,38756,0.00%
2026,5,38787,0.50%
2026,5,38942,2.00%
2026,5,43100,2.70%
2026,5,38204,0.70%
2026,5,38359,1.30%
2026,5,38876,2.80%
2026,5,38917,5.20%
2026,5,43021,5.60%
2026,5,38217,0.60%
2026,5,38257,1.60%
2026,5,38516,0.90%
2026,5,38586,0.00%
2026,5,38993,1.40%
2026,5,43086,1.10%
2026,5,43146,1.70%
2026,5,38211,3.30%
2026,5,38214,1.50%
2026,5,38354,5.80%
2026,5,38370,3.20%
2026,5,38639,3.10%
2026,5,38711,0.70%
2026,5,38723,2.10%
2026,5,38889,0.20%
2026,5,38972,1.60%
2026,5,38990,7.40%
2026,5,43001,3.30%
2026,5,38134,2.40%
2026,5,38260,10.00%
2026,5,38340,8.70%
2026,5,38464,6.60%
2026,5,38482,7.10%
2026,5,38501,6.80%
2026,5,38513,4.40%
2026,5,38526,6.70%
2026,5,38569,3.20%
2026,5,38570,4.10%
2026,5,38579,6.20%
2026,5,38619,7.50%
2026,5,38888,1.20%
2026,5,38941,1.90%
2026,5,38296,1.30%
2026,5,38328,1.80%
2026,5,38435,0.30%
2026,5,38488,5.40%
2026,5,38712,1.30%
2026,5,38744,0.50%
2026,5,38805,0.30%
2026,5,38828,1.80%
2026,5,38928,0.80%
2026,5,38975,8.50%
2026,5,43186,2.90%
2026,5,38408,2.70%
2026,5,38525,0.60%
2026,5,38738,0.10%
2026,5,38781,2.70%
2026,5,38839,2.30%
2026,5,38946,5.00%
2026,5,38966,3.40%
2026,5,38967,2.70%
2026,5,38267,1.90%
2026,5,38503,2.80%
2026,5,38760,0.30%
2026,5,38825,0.80%
2026,5,38842,2.40%
2026,5,38919,0.40%
2026,5,38923,1.50%
2026,5,38979,1.60%
2026,5,38991,1.30%
2026,5,43190,2.40%
2026,5,38273,0.40%
2026,5,38275,0.00%
2026,5,38335,0.20%
2026,5,38454,0.20%
2026,5,38887,0.20%
2026,5,38921,0.40%
2026,5,38956,0.30%
2026,5,38983,1.30%
2026,5,43114,0.20%
2026,5,43115,8.60%
2026,5,43138,3.80%
2026,5,38436,1.60%
2026,5,38491,1.20%
2026,5,38782,5.90%
2026,5,38890,0.20%
2026,5,43010,5.90%
2026,5,38236,4.30%
2026,5,38309,6.60%
2026,5,38397,1.60%
2026,5,38413,2.00%
2026,5,38566,2.90%
2026,5,38614,2.90%
2026,5,38636,6.00%
2026,5,38648,3.70%
2026,5,38696,2.70%
2026,5,38838,4.10%
2026,5,43118,1.40%
2026,5,43137,1.90%
2026,5,38159,1.40%
2026,5,38338,0.20%
2026,5,38345,1.00%
2026,5,38479,4.70%
2026,5,38647,3.70%
2026,5,38868,0.80%
2026,5,38881,0.50%
2026,5,38931,1.70%
2026,5,38938,2.40%
2026,5,38969,0.70%
2026,5,38137,4.20%
2026,5,38143,3.10%
2026,5,38144,1.10%
2026,5,38153,4.40%
2026,5,38195,1.50%
2026,5,38229,11.40%
2026,5,38624,4.20%
2026,5,38640,4.30%
2026,5,38660,6.20%
2026,5,38994,7.30%
2026,5,43172,9.00%
2026,5,38210,1.50%
2026,5,38242,4.10%
2026,5,38288,4.90%
2026,5,38346,4.10%
2026,5,38381,1.90%
2026,5,38517,7.40%
2026,5,38523,1.10%
2026,5,38713,11.50%
2026,5,38863,6.90%
2026,5,38879,2.90%
2026,5,38162,9.50%
2026,5,38177,9.50%
2026,5,38213,2.10%
2026,5,38332,0.90%
2026,5,38352,1.10%
2026,5,38356,1.80%
2026,5,38449,6.00%
2026,5,38542,1.20%
2026,5,38575,8.20%
2026,5,38588,5.70%
2026,5,38861,2.60%
2026,5,43046,3.10%
2026,5,43051,8.10%
2026,5,38409,2.30%
2026,5,38448,7.30%
2026,5,38486,1.80%
2026,5,38551,3.20%
2026,5,38583,0.40%
2026,5,38675,3.20%
2026,5,38702,9.40%
2026,5,38703,3.90%
2026,5,43057,1.00%
2026,5,43084,1.60%
2026,5,43148,0.60%
2026,5,38147,2.40%
2026,5,38163,1.60%
2026,5,38174,1.50%
2026,5,38407,1.20%
2026,5,38672,0.10%
2026,5,38699,0.20%
2026,5,38700,0.10%
2026,5,38733,0.70%
2026,5,38753,0.30%
2026,5,38754,0.10%
2026,5,43047,2.20%
2026,5,43129,1.40%
2026,5,38121,7.20%
2026,5,38366,5.10%
2026,5,38386,4.30%
2026,5,38461,3.30%
2026,5,38538,8.30%
2026,5,38644,1.80%
2026,5,38709,18.80%
2026,5,38717,17.80%
2026,5,38722,8.30%
2026,5,38727,7.50%
2026,5,38773,1.90%
2026,5,43041,7.10%
2026,5,38103,5.50%
2026,5,38104,4.20%
2026,5,38106,5.00%
2026,5,38112,6.70%
2026,5,38188,4.30%
2026,5,38227,3.70%
2026,5,38617,16.20%
2026,5,38646,6.10%
2026,5,38692,8.80%
2026,5,38730,3.80%
2026,5,38746,1.00%
2026,5,38954,2.10%
2026,5,43142,6.30%
2026,5,38115,14.10%
2026,5,38119,7.70%
2026,5,38142,13.20%
2026,5,38149,11.70%
2026,5,38266,17.00%
2026,5,38270,14.20%
2026,5,38363,8.60%
2026,5,38394,9.30%
2026,5,38507,5.70%
2026,5,38535,11.00%
2026,5,38925,13.10%
2026,5,43043,14.00%
2026,5,43130,5.70%
2026,5,38108,6.70%
2026,5,38110,0.60%
2026,5,38128,0.40%
2026,5,38187,1.50%
2026,5,38191,2.30%
2026,5,38202,3.90%
2026,5,38220,4.90%
2026,5,38382,0.40%
2026,5,38415,0.80%
2026,5,38481,2.60%
2026,5,38522,4.10%
2026,5,38541,2.30%
2026,5,38597,8.90%
2026,5,38627,0.40%
2026,5,38136,6.50%
2026,5,38186,9.10%
2026,5,38230,11.00%
2026,5,38374,13.20%
2026,5,38442,8.90%
2026,5,38460,3.50%
2026,5,38606,8.20%
2026,5,38661,15.10%
2026,5,38674,12.70%
2026,5,38694,2.30%
2026,5,38792,8.90%
2026,5,38845,6.50%
2026,5,38138,2.70%
2026,5,38141,3.50%
2026,5,38319,0.20%
2026,5,38441,5.40%
2026,5,38547,7.70%
2026,5,38668,4.10%
2026,5,38841,1.00%
2026,5,38896,10.10%
2026,5,38987,6.10%
2026,5,43059,2.90%
2026,5,43068,1.20%
2026,5,38158,2.20%
2026,5,38166,4.10%
2026,5,38390,1.80%
2026,5,38400,0.60%
2026,5,38445,2.60%
2026,5,38512,11.70%
2026,5,38532,8.50%
2026,5,38751,8.60%
2026,5,38755,0.10%
2026,5,38777,1.90%
2026,5,38780,5.50%
2026,5,38798,2.00%
2026,5,38810,2.30%
2026,5,38180,0.60%
2026,5,38184,0.20%
2026,5,38198,0.20%
2026,5,38533,0.10%
2026,5,38540,0.50%
2026,5,38564,0.80%
2026,5,38741,1.10%
2026,5,38765,0.30%
2026,5,38788,4.10%
2026,5,38865,4.80%
2026,5,38968,0.20%
2026,5,38196,3.40%
2026,5,38246,0.30%
2026,5,38254,12.60%
2026,5,38263,0.20%
2026,5,38336,1.50%
2026,5,38596,0.30%
2026,5,38830,0.10%
2026,5,38883,2.80%
2026,5,38898,1.10%
2026,5,38935,3.20%
2026,5,38958,1.30%
2026,5,38981,0.00%
2026,5,43005,1.90%
2026,5,38205,9.20%
2026,5,38207,2.40%
2026,5,38371,7.90%
2026,5,38411,18.00%
2026,5,38527,5.30%
2026,5,38546,10.80%
2026,5,38651,8.60%
2026,5,38677,13.00%
2026,5,38719,14.00%
2026,5,38837,15.60%
2026,5,43111,17.90%
2026,5,43132,15.80%
2026,5,43194,4.00%
2026,5,43195,2.30%
2026,5,38248,0.10%
2026,5,38671,0.10%
2026,5,38680,0.20%
2026,5,38816,0.00%
2026,5,38875,0.30%
2026,5,38984,0.10%
2026,5,43007,0.10%
2026,5,43019,0.20%
2026,5,43154,0.10%
2026,5,38258,4.10%
2026,5,38313,1.00%
2026,5,38322,0.10%
2026,5,38380,0.00%
2026,5,38545,0.10%
2026,5,38582,1.20%
2026,5,38670,1.50%
2026,5,38836,1.90%
2026,5,38869,0.20%
2026,5,38874,3.30%
2026,5,38977,0.30%
2026,5,43143,0.60%
2026,5,38122,1.00%
2026,5,38148,2.00%
2026,5,38150,0.90%
2026,5,38189,2.70%
2026,5,38225,0.40%
2026,5,38233,3.60%
2026,5,38361,6.80%
2026,5,38414,0.50%
2026,5,38438,3.60%
2026,5,38485,2.60%
2026,5,38508,2.00%
2026,5,38534,1.20%
2026,5,38578,0.10%
2026,5,38607,6.80%
2026,5,38633,2.60%
2026,5,38704,0.60%
2026,5,38747,0.80%
2026,5,38749,15.10%
2026,5,38769,4.10%
2026,5,38829,2.30%
2026,5,38847,5.00%
2026,5,38957,7.20%
2026,5,43011,0.50%
2026,5,43147,7.00%
2026,5,38243,12.40%
2026,5,38252,5.90%
2026,5,38271,1.90%
2026,5,38274,7.50%
2026,5,38277,9.70%
2026,5,38307,4.40%
2026,5,38326,1.20%
2026,5,38383,14.20%
2026,5,38446,2.10%
2026,5,38509,15.10%
2026,5,38539,0.90%
2026,5,38664,18.60%
2026,5,38667,0.40%
2026,5,38740,0.40%
2026,5,38763,4.30%
2026,5,38778,1.10%
2026,5,38779,18.00%
2026,5,38922,7.50%
2026,5,38933,1.50%
2026,5,38948,0.90%
2026,5,38952,1.50%
2026,5,43016,11.30%
2026,5,43060,9.50%
2026,5,43106,16.20%
2026,5,43156,4.20%
2026,5,38245,1.50%
2026,5,38247,1.70%
2026,5,38251,15.50%
2026,5,38453,0.70%
2026,5,38552,2.00%
2026,5,38673,7.40%
2026,5,38884,10.30%
2026,5,38904,1.40%
2026,5,43027,14.80%
2026,5,43032,3.30%
2026,5,43089,1.00%
2026,5,38268,6.60%
2026,5,38286,11.10%
2026,5,38601,5.40%
2026,5,38642,1.70%
2026,5,38729,9.10%
2026,5,38809,1.20%
2026,5,38812,3.30%
2026,5,38832,0.90%
2026,5,38899,1.70%
2026,5,38997,5.80%
2026,5,38262,6.00%
2026,5,38355,1.80%
2026,5,38392,4.00%
2026,5,38473,4.60%
2026,5,38506,6.10%
2026,5,38563,8.90%
2026,5,38630,2.40%
2026,5,38734,10.20%
2026,5,38891,12.00%
2026,5,38912,1.80%
2026,5,38974,3.10%
2026,5,43063,1.90%
2026,5,43185,7.60%
2026,5,38265,13.70%
2026,5,38412,0.40%
2026,5,38450,7.00%
2026,5,38737,0.30%
2026,5,38848,6.10%
2026,5,38934,1.80%
2026,5,38999,2.80%
2026,5,43076,4.30%
2026,5,38683,5.60%
2026,5,38726,5.00%
2026,5,38743,1.10%
2026,5,38873,11.50%
2026,5,43003,0.90%
2026,5,43042,4.10%
2026,5,43096,4.90%
2026,5,38283,1.40%
2026,5,38342,9.00%
2026,5,38353,1.10%
2026,5,38524,0.30%
2026,5,38591,0.80%
2026,5,38666,0.10%
2026,5,38685,9.30%
2026,5,38693,0.60%
2026,5,38797,1.70%
2026,5,38985,0.40%
2026,5,38998,0.20%
2026,5,43110,2.20%
2026,5,38305,2.20%
2026,5,38860,4.90%
2026,5,38895,3.70%
2026,5,43036,5.20%
2026,5,43040,11.90%
2026,5,43125,3.30%
2026,5,43149,4.60%
2026,5,43155,8.50%
2026,5,38306,3.30%
2026,5,38315,5.20%
2026,5,38520,8.90%
2026,5,38631,8.00%
2026,5,38665,0.20%
2026,5,38669,6.80%
2026,5,38689,0.10%
2026,5,38735,4.70%
2026,5,38818,7.00%
2026,5,38953,1.10%
2026,5,43050,3.00%
2026,5,43071,1.20%
2026,5,38331,3.90%
2026,5,38459,4.80%
2026,5,38565,10.00%
2026,5,38650,2.80%
2026,5,38820,1.10%
2026,5,38947,3.30%
2026,5,38959,5.90%
2026,5,43031,11.30%
2026,5,43056,9.10%
2026,5,38457,7.30%
2026,5,38492,2.60%
2026,5,38618,2.00%
2026,5,38776,11.70%
2026,5,38986,8.30%
2026,5,38320,16.90%
2026,5,38323,3.50%
2026,5,38334,7.90%
2026,5,38350,2.10%
2026,5,38362,3.80%
2026,5,38373,5.30%
2026,5,38388,5.90%
2026,5,38518,5.20%
2026,5,38573,10.80%
2026,5,38574,1.90%
2026,5,38598,1.10%
2026,5,38609,1.40%
2026,5,38705,5.20%
2026,5,38759,13.60%
2026,5,38786,4.60%
2026,5,38826,4.90%
2026,5,38955,3.00%
2026,5,38988,12.10%
2026,5,43054,1.70%
2026,5,43088,7.50%
2026,5,43098,4.10%
2026,5,43133,7.70%
2026,5,43134,4.10%
2026,5,38250,2.00%
2026,5,38295,1.10%
2026,5,38467,5.20%
2026,5,38728,3.00%
2026,5,38757,2.70%
2026,5,38864,0.80%
2026,5,38871,0.50%
2026,5,38886,3.00%
2026,5,38916,0.60%
2026,5,38944,0.50%
2026,5,38976,2.30%
2026,5,43033,2.20%
2026,5,38351,2.80%
2026,5,38375,5.90%
2026,5,38429,3.10%
2026,5,38511,1.00%
2026,5,38567,2.80%
2026,5,38678,7.10%
2026,5,38684,5.10%
2026,5,38716,3.80%
2026,5,38718,4.20%
2026,5,38996,1.30%
2026,5,43034,7.10%
2026,5,38357,0.40%
2026,5,38358,2.60%
2026,5,38790,2.60%
2026,5,38793,4.80%
2026,5,38893,9.30%
2026,5,38908,2.10%
2026,5,38939,2.80%
2026,5,43064,7.50%
2026,5,43170,6.70%
2026,5,38502,0.10%
2026,5,38594,0.30%
2026,5,38657,0.40%
2026,5,38659,0.10%
2026,5,38800,1.00%
2026,5,38801,2.00%
2026,5,38855,0.40%
2026,5,43026,0.50%
2026,5,43163,3.00%
2026,5,43169,0.40%
2026,5,38193,0.10%
2026,5,38372,1.70%
2026,5,38416,2.50%
2026,5,38499,0.90%
2026,5,38530,1.20%
2026,5,38549,2.50%
2026,5,38587,8.50%
2026,5,38715,1.10%
2026,5,38951,1.40%
2026,5,43105,0.70%
2026,5,38117,10.20%
2026,5,38176,11.40%
2026,5,38197,10.80%
2026,5,38427,4.60%
2026,5,38458,3.30%
2026,5,38475,10.40%
2026,5,38561,7.10%
2026,5,38590,4.40%
2026,5,38656,11.20%
2026,5,38695,6.40%
2026,5,38770,10.30%
2026,5,38859,3.00%
2026,5,43152,7.00%
2026,5,38126,3.20%
2026,5,38179,0.30%
2026,5,38185,4.50%
2026,5,38292,11.00%
2026,5,38439,2.60%
2026,5,38452,6.00%
2026,5,38466,1.00%
2026,5,38553,0.10%
2026,5,38568,1.40%
2026,5,38799,4.00%
2026,5,38815,1.90%
2026,5,38918,5.40%
2026,5,43107,3.70%
2026,5,38199,3.30%
2026,5,38238,0.10%
2026,5,38244,1.10%
2026,5,38276,1.40%
2026,5,38510,1.00%
2026,5,38603,0.30%
2026,5,38739,0.20%
2026,5,38844,0.60%
2026,5,38849,0.50%
2026,5,38970,0.20%
2026,5,38333,9.50%
2026,5,38339,8.90%
2026,5,38368,4.20%
2026,5,38401,7.30%
2026,5,38456,10.20%
2026,5,38515,10.70%
2026,5,38604,5.90%
2026,5,38862,11.30%
2026,5,38894,3.10%
2026,5,43193,4.70%
2026,5,38377,7.20%
2026,5,38480,3.00%
2026,5,38559,6.90%
2026,5,38629,9.20%
2026,5,38846,6.30%
2026,5,38882,14.30%
2026,5,43055,11.50%
2026,5,43135,6.90%
2026,5,38154,1.80%
2026,5,38221,3.90%
2026,5,38228,5.70%
2026,5,38241,3.20%
2026,5,38314,2.60%
2026,5,38324,0.50%
2026,5,38384,0.90%
2026,5,38592,8.50%
2026,5,38679,2.90%
2026,5,43030,3.50%
2026,5,43151,13.80%
2026,5,38348,0.50%
2026,5,38396,0.30%
2026,5,38410,7.60%
2026,5,38451,1.40%
2026,5,38536,3.90%
2026,5,38550,1.40%
2026,5,38649,0.40%
2026,5,38682,2.40%
2026,5,43044,0.80%
2026,5,43157,1.90%
2026,5,38255,8.00%
2026,5,38302,8.30%
2026,5,38311,12.70%
2026,5,38434,5.30%
2026,5,38714,10.20%
2026,5,38745,7.00%
2026,5,38814,9.40%
2026,5,38980,5.70%
2026,5,43092,12.30%
2026,5,43145,31.10%
2026,5,43171,10.40%
2026,5,43174,21.40%
2026,5,38300,0.40%
2026,5,38316,0.20%
2026,5,38329,0.10%
2026,5,38655,0.20%
2026,5,38758,0.20%
2026,5,38867,0.10%
2026,5,43000,0.30%
2026,5,38318,0.10%
2026,5,38337,0.10%
2026,5,38476,0.10%
2026,5,38707,0.40%
2026,5,38892,0.20%
2026,5,38971,0.10%
2026,5,38973,0.10%
2026,5,38321,1.40%
2026,5,38325,0.20%
2026,5,38341,1.00%
2026,5,38490,1.20%
2026,5,38708,1.90%
2026,5,38909,0.20%
2026,5,38927,0.30%
2026,5,38932,0.90%
2026,5,38960,1.40%
2026,5,38170,2.80%
2026,5,38218,7.20%
2026,5,38237,2.70%
2026,5,38249,14.80%
2026,5,38287,1.90%
2026,5,38290,2.00%
2026,5,38304,6.10%
2026,5,38330,13.30%
2026,5,38905,0.90%
2026,5,38978,2.70%
2026,5,38431,5.90%
2026,5,38529,5.20%
2026,5,38811,11.90%
2026,5,38903,6.60%
2026,5,38924,10.50%
2026,5,38930,4.60%
2026,5,38937,10.70%
2026,5,38965,2.40%
2026,5,38992,8.60%
2026,5,38995,7.20%
2026,5,38123,7.30%
2026,5,38155,8.00%
2026,5,38203,5.70%
2026,5,38234,4.30%
2026,5,38376,6.10%
2026,5,38463,3.20%
2026,5,38465,7.10%
2026,5,38487,0.20%
2026,5,38497,8.30%
2026,5,38632,0.50%
2026,5,38762,1.10%
2026,5,38785,1.90%
2026,5,43123,11.90%
2026,5,38201,0.50%
2026,5,38223,0.00%
2026,5,38224,1.80%
2026,5,38584,1.00%
2026,5,38907,3.60%
2026,5,38278,7.40%
2026,5,38282,2.90%
2026,5,38310,1.60%
2026,5,38443,1.30%
2026,5,38531,9.40%
2026,5,38537,8.80%
2026,5,38643,1.10%
2026,5,38870,5.80%
2026,5,38920,10.20%
2026,5,43018,10.10%
2026,5,38165,
2026,5,38171,
2026,5,38182,
2026,5,38215,
2026,5,38297,
2026,5,38299,
2026,5,38385,
2026,5,38521,
2026,5,38576,
2026,5,38641,
2026,5,38789,
2026,5,38796,
2026,5,38803,
2026,5,38833,
2026,5,38877,
2026,5,38910,
2026,5,38929,
2026,5,38943,
2026,5,43082,
2026,5,43083,
2026,5,43162,
2026,6,38209,0.40%
2026,6,38317,1.60%
2026,6,38589,7.10%
2026,6,38843,1.50%
2026,6,38872,9.60%
2026,6,38950,2.30%
2026,6,38989,3.30%
2026,6,43029,2.20%
2026,6,38101,0.90%
2026,6,38240,2.30%
2026,6,38272,1.60%
2026,6,38285,0.70%
2026,6,38291,1.20%
2026,6,38389,3.60%
2026,6,38404,6.70%
2026,6,38422,2.60%
2026,6,38433,2.90%
2026,6,38555,4.70%
2026,6,38613,14.40%
2026,6,38654,4.40%
2026,6,38681,2.50%
2026,6,43188,1.40%
2026,6,38183,0.40%
2026,6,38387,10.10%
2026,6,38577,0.20%
2026,6,38721,1.20%
2026,6,38732,0.70%
2026,6,38736,0.10%
2026,6,38813,0.50%
2026,6,38821,0.00%
2026,6,38857,5.60%
2026,6,43008,4.10%
2026,6,43124,0.60%
2026,6,38344,5.90%
2026,6,38635,8.40%
2026,6,38858,0.80%
2026,6,38109,6.30%
2026,6,38173,0.90%
2026,6,38312,2.40%
2026,6,38378,3.80%
2026,6,38423,1.20%
2026,6,38432,3.60%
2026,6,38440,0.30%
2026,6,38483,5.40%
2026,6,38498,2.10%
2026,6,38504,4.60%
2026,6,38556,1.40%
2026,6,38558,7.60%
2026,6,38602,2.80%
2026,6,38658,4.50%
2026,6,38752,1.60%
2026,6,38850,3.70%
2026,6,38113,8.30%
2026,6,38139,6.60%
2026,6,38152,9.60%
2026,6,38208,13.60%
2026,6,38239,15.60%
2026,6,38365,6.30%
2026,6,38417,8.20%
2026,6,38430,2.70%
2026,6,38484,16.70%
2026,6,38585,10.30%
2026,6,38620,4.00%
2026,6,38663,10.10%
2026,6,43025,6.00%
2026,6,38111,4.00%
2026,6,38118,3.90%
2026,6,38194,8.40%
2026,6,38219,1.80%
2026,6,38349,10.70%
2026,6,38399,6.20%
2026,6,38405,0.40%
2026,6,38470,9.30%
2026,6,38557,3.90%
2026,6,38581,4.30%
2026,6,38600,0.00%
2026,6,38612,5.90%
2026,6,38676,9.10%
2026,6,38982,7.30%
2026,6,38107,6.90%
2026,6,38116,4.50%
2026,6,38124,2.60%
2026,6,38129,6.50%
2026,6,38169,9.30%
2026,6,38398,10.00%
2026,6,38428,11.00%
2026,6,38447,1.80%
2026,6,38544,5.80%
2026,6,38571,1.10%
2026,6,38580,5.70%
2026,6,38615,6.40%
2026,6,38691,10.20%
2026,6,38226,11.60%
2026,6,38279,0.30%
2026,6,38289,6.70%
2026,6,38418,1.70%
2026,6,38419,1.40%
2026,6,38468,2.30%
2026,6,38477,1.00%
2026,6,38496,5.50%
2026,6,38611,6.60%
2026,6,38645,0.40%
2026,6,38725,4.30%
2026,6,43070,7.40%
2026,6,38131,8.20%
2026,6,38172,3.30%
2026,6,38402,4.00%
2026,6,38406,5.30%
2026,6,38543,6.80%
2026,6,38560,2.30%
2026,6,38605,6.50%
2026,6,38625,11.30%
2026,6,38771,0.80%
2026,6,38784,3.20%
2026,6,38791,0.20%
2026,6,38806,5.80%
2026,6,38866,1.90%
2026,6,38133,0.20%
2026,6,38190,0.40%
2026,6,38192,0.10%
2026,6,38280,0.80%
2026,6,38634,1.10%
2026,6,38638,0.20%
2026,6,38804,0.20%
2026,6,38949,0.20%
2026,6,43069,1.10%
2026,6,43074,0.60%
2026,6,43166,2.70%
2026,6,38146,2.10%
2026,6,38157,0.60%
2026,6,38519,0.80%
2026,6,38698,0.80%
2026,6,38761,0.60%
2026,6,38768,6.00%
2026,6,38819,2.00%
2026,6,38831,0.90%
2026,6,38840,5.40%
2026,6,38897,5.80%
2026,6,43009,7.10%
2026,6,38114,7.70%
2026,6,38360,12.80%
2026,6,38367,3.10%
2026,6,38379,1.10%
2026,6,38393,6.90%
2026,6,38469,3.60%
2026,6,38471,4.80%
2026,6,38472,15.90%
2026,6,38494,8.30%
2026,6,38637,2.40%
2026,6,38817,4.00%
2026,6,38964,3.70%
2026,6,38164,1.20%
2026,6,38222,0.70%
2026,6,38264,1.00%
2026,6,38599,2.10%
2026,6,38690,5.10%
2026,6,38731,0.40%
2026,6,38756,0.10%
2026,6,38787,0.50%
2026,6,38942,1.60%
2026,6,43100,3.00%
2026,6,38204,0.40%
2026,6,38359,1.50%
2026,6,38876,2.70%
2026,6,38917,5.40%
2026,6,43021,8.10%
2026,6,38217,0.50%
2026,6,38257,1.50%
2026,6,38259,0.10%
2026,6,38516,0.50%
2026,6,38993,1.80%
2026,6,43086,1.10%
2026,6,43146,2.10%
2026,6,38211,2.40%
2026,6,38214,2.70%
2026,6,38354,5.40%
2026,6,38370,4.20%
2026,6,38639,3.60%
2026,6,38711,1.10%
2026,6,38723,2.20%
2026,6,38889,1.00%
2026,6,38972,2.70%
2026,6,38990,8.10%
2026,6,43001,2.20%
2026,6,38134,3.20%
2026,6,38260,8.80%
2026,6,38340,6.00%
2026,6,38464,9.20%
2026,6,38482,8.00%
2026,6,38501,7.00%
2026,6,38513,4.30%
2026,6,38526,8.00%
2026,6,38569,5.10%
2026,6,38570,5.40%
2026,6,38579,7.90%
2026,6,38619,13.40%
2026,6,38888,1.60%
2026,6,38941,2.00%
2026,6,38296,1.00%
2026,6,38328,1.30%
2026,6,38435,0.10%
2026,6,38488,3.50%
2026,6,38712,3.20%
2026,6,38744,1.10%
2026,6,38805,0.40%
2026,6,38828,2.80%
2026,6,38928,1.10%
2026,6,38975,12.10%
2026,6,43186,3.20%
2026,6,38408,1.80%
2026,6,38525,1.50%
2026,6,38738,0.20%
2026,6,38781,2.90%
2026,6,38839,2.70%
2026,6,38946,7.90%
2026,6,38966,4.50%
2026,6,38967,1.70%
2026,6,38267,3.50%
2026,6,38503,2.40%
2026,6,38760,0.30%
2026,6,38825,0.40%
2026,6,38842,2.90%
2026,6,38919,0.70%
2026,6,38923,2.90%
2026,6,38979,1.80%
2026,6,38991,1.00%
2026,6,43190,5.30%
2026,6,38273,0.50%
2026,6,38275,0.10%
2026,6,38335,0.50%
2026,6,38454,0.50%
2026,6,38887,0.20%
2026,6,38921,0.20%
2026,6,38956,0.40%
2026,6,38983,4.10%
2026,6,43114,1.50%
2026,6,43115,6.00%
2026,6,43138,4.10%
2026,6,38436,1.40%
2026,6,38491,1.60%
2026,6,38782,6.70%
2026,6,38890,0.40%
2026,6,43010,4.80%
2026,6,38236,4.10%
2026,6,38309,6.60%
2026,6,38397,2.80%
2026,6,38413,2.60%
2026,6,38566,2.40%
2026,6,38614,4.70%
2026,6,38636,4.40%
2026,6,38648,4.90%
2026,6,38696,2.30%
2026,6,38838,4.90%
2026,6,43118,2.50%
2026,6,43137,1.50%
2026,6,38159,1.00%
2026,6,38338,20.00%
2026,6,38345,1.70%
2026,6,38479,6.70%
2026,6,38647,9.90%
2026,6,38868,0.50%
2026,6,38881,0.40%
2026,6,38931,2.40%
2026,6,38938,3.90%
2026,6,38969,2.10%
2026,6,38137,4.40%
2026,6,38143,4.90%
2026,6,38144,2.00%
2026,6,38153,6.50%
2026,6,38195,3.50%
2026,6,38229,11.10%
2026,6,38624,4.90%
2026,6,38640,4.80%
2026,6,38660,6.40%
2026,6,38994,9.10%
2026,6,43172,12.70%
2026,6,38210,2.00%
2026,6,38242,2.60%
2026,6,38288,4.60%
2026,6,38346,3.80%
2026,6,38381,1.70%
2026,6,38517,3.70%
2026,6,38523,1.70%
2026,6,38713,9.10%
2026,6,38863,6.90%
2026,6,38879,4.00%
2026,6,38162,13.60%
2026,6,38177,10.40%
2026,6,38213,1.30%
2026,6,38332,0.40%
2026,6,38352,2.40%
2026,6,38356,3.20%
2026,6,38449,4.20%
2026,6,38542,2.20%
2026,6,38575,5.10%
2026,6,38588,6.60%
2026,6,38861,2.30%
2026,6,43046,4.50%
2026,6,43051,10.50%
2026,6,38409,3.10%
2026,6,38448,6.40%
2026,6,38486,1.30%
2026,6,38551,3.40%
2026,6,38583,0.20%
2026,6,38675,3.60%
2026,6,38702,2.00%
2026,6,38703,4.70%
2026,6,43057,1.00%
2026,6,43084,2.20%
2026,6,43148,0.70%
2026,6,38147,1.30%
2026,6,38163,1.90%
2026,6,38174,2.80%
2026,6,38407,1.60%
2026,6,38672,0.20%
2026,6,38699,1.10%
2026,6,38700,0.40%
2026,6,38733,1.00%
2026,6,38753,0.30%
2026,6,38754,0.20%
2026,6,43047,2.80%
2026,6,43129,0.90%
2026,6,38121,9.60%
2026,6,38366,6.10%
2026,6,38386,5.30%
2026,6,38461,9.80%
2026,6,38538,12.10%
2026,6,38644,1.40%
2026,6,38709,19.10%
2026,6,38717,14.10%
2026,6,38722,9.60%
2026,6,38727,4.90%
2026,6,38773,2.90%
2026,6,43041,12.90%
2026,6,38103,7.90%
2026,6,38104,7.70%
2026,6,38106,5.80%
2026,6,38112,6.20%
2026,6,38188,4.20%
2026,6,38227,4.50%
2026,6,38617,19.40%
2026,6,38646,6.80%
2026,6,38692,8.90%
2026,6,38730,6.50%
2026,6,38746,1.60%
2026,6,38954,2.00%
2026,6,43142,9.00%
2026,6,38115,12.90%
2026,6,38119,9.80%
2026,6,38142,18.70%
2026,6,38149,9.60%
2026,6,38266,18.70%
2026,6,38270,17.00%
2026,6,38363,6.40%
2026,6,38394,12.00%
2026,6,38507,7.80%
2026,6,38535,13.30%
2026,6,38925,13.90%
2026,6,43043,12.10%
2026,6,43130,7.60%
2026,6,38108,7.30%
2026,6,38110,1.00%
2026,6,38128,0.50%
2026,6,38187,1.10%
2026,6,38191,2.30%
2026,6,38202,4.50%
2026,6,38220,4.00%
2026,6,38382,0.50%
2026,6,38415,0.50%
2026,6,38481,2.30%
2026,6,38522,7.90%
2026,6,38541,4.50%
2026,6,38597,11.70%
2026,6,38627,1.80%
2026,6,38136,6.80%
2026,6,38186,10.20%
2026,6,38230,9.70%
2026,6,38374,13.60%
2026,6,38442,11.50%
2026,6,38460,3.80%
2026,6,38606,9.00%
2026,6,38661,16.00%
2026,6,38674,11.60%
2026,6,38694,3.20%
2026,6,38792,8.60%
2026,6,38845,5.40%
2026,6,38138,4.40%
2026,6,38141,3.10%
2026,6,38319,0.20%
2026,6,38441,4.40%
2026,6,38547,6.80%
2026,6,38668,2.30%
2026,6,38841,0.80%
2026,6,38896,8.10%
2026,6,38987,7.60%
2026,6,43059,5.00%
2026,6,43068,1.10%
2026,6,38158,3.00%
2026,6,38166,6.10%
2026,6,38390,2.20%
2026,6,38400,0.30%
2026,6,38445,2.20%
2026,6,38512,10.20%
2026,6,38532,9.40%
2026,6,38751,7.90%
2026,6,38755,0.30%
2026,6,38777,2.00%
2026,6,38780,7.20%
2026,6,38798,1.80%
2026,6,38810,2.50%
2026,6,38180,1.00%
2026,6,38184,0.50%
2026,6,38198,1.10%
2026,6,38533,0.40%
2026,6,38540,0.40%
2026,6,38564,0.60%
2026,6,38741,2.00%
2026,6,38765,0.70%
2026,6,38788,3.10%
2026,6,38865,3.30%
2026,6,38968,0.10%
2026,6,38196,1.80%
2026,6,38246,0.50%
2026,6,38254,13.00%
2026,6,38263,0.70%
2026,6,38336,2.70%
2026,6,38596,0.60%
2026,6,38883,3.40%
2026,6,38898,0.50%
2026,6,38935,2.10%
2026,6,38958,0.70%
2026,6,38963,0.10%
2026,6,38981,0.10%
2026,6,43005,2.20%
2026,6,38205,14.00%
2026,6,38207,2.00%
2026,6,38371,10.70%
2026,6,38411,22.70%
2026,6,38527,7.00%
2026,6,38546,14.00%
2026,6,38651,8.30%
2026,6,38677,17.30%
2026,6,38719,17.20%
2026,6,38837,21.10%
2026,6,43111,20.90%
2026,6,43132,17.40%
2026,6,43194,5.70%
2026,6,43195,1.20%
2026,6,38248,0.30%
2026,6,38680,0.10%
2026,6,38875,0.10%
2026,6,38984,0.10%
2026,6,43007,0.10%
2026,6,43019,0.40%
2026,6,38258,6.90%
2026,6,38313,0.30%
2026,6,38322,3.30%
2026,6,38380,1.70%
2026,6,38545,0.10%
2026,6,38582,2.60%
2026,6,38670,1.30%
2026,6,38836,3.20%
2026,6,38869,3.20%
2026,6,38874,16.00%
2026,6,38977,1.60%
2026,6,43143,1.00%
2026,6,38122,1.40%
2026,6,38148,2.20%
2026,6,38150,1.10%
2026,6,38189,4.50%
2026,6,38225,0.30%
2026,6,38233,3.50%
2026,6,38361,12.00%
2026,6,38414,0.10%
2026,6,38438,4.50%
2026,6,38485,2.20%
2026,6,38508,1.20%
2026,6,38534,0.60%
2026,6,38578,4.30%
2026,6,38607,8.00%
2026,6,38633,5.00%
2026,6,38704,1.00%
2026,6,38747,0.00%
2026,6,38749,16.70%
2026,6,38769,3.30%
2026,6,38829,1.60%
2026,6,38847,13.10%
2026,6,38957,7.80%
2026,6,43011,1.10%
2026,6,43147,8.40%
2026,6,38243,10.20%
2026,6,38252,6.60%
2026,6,38271,3.00%
2026,6,38274,6.00%
2026,6,38277,10.00%
2026,6,38307,2.90%
2026,6,38326,1.10%
2026,6,38383,13.40%
2026,6,38446,1.30%
2026,6,38509,13.00%
2026,6,38539,0.80%
2026,6,38664,7.80%
2026,6,38667,0.40%
2026,6,38740,0.60%
2026,6,38763,7.00%
2026,6,38778,1.10%
2026,6,38779,15.40%
2026,6,38922,7.10%
2026,6,38933,1.10%
2026,6,38948,0.70%
2026,6,38952,1.60%
2026,6,43016,7.10%
2026,6,43060,6.40%
2026,6,43106,13.70%
2026,6,43156,3.50%
2026,6,38245,1.90%
2026,6,38247,2.60%
2026,6,38251,17.80%
2026,6,38453,1.20%
2026,6,38552,1.20%
2026,6,38673,8.40%
2026,6,38884,12.40%
2026,6,38904,2.80%
2026,6,43027,13.70%
2026,6,43032,16.40%
2026,6,43089,1.50%
2026,6,38268,9.70%
2026,6,38286,13.30%
2026,6,38601,6.20%
2026,6,38642,2.50%
2026,6,38729,10.20%
2026,6,38809,0.70%
2026,6,38812,2.60%
2026,6,38832,0.20%
2026,6,38899,1.30%
2026,6,38997,5.10%
2026,6,38262,6.00%
2026,6,38355,1.70%
2026,6,38392,6.50%
2026,6,38473,4.40%
2026,6,38506,5.60%
2026,6,38563,8.50%
2026,6,38630,3.20%
2026,6,38734,15.60%
2026,6,38891,11.50%
2026,6,38912,1.90%
2026,6,38974,3.80%
2026,6,43063,4.10%
2026,6,43185,8.60%
2026,6,38265,33.30%
2026,6,38412,0.80%
2026,6,38450,9.10%
2026,6,38737,1.60%
2026,6,38848,3.90%
2026,6,38934,2.20%
2026,6,38999,3.10%
2026,6,43076,3.60%
2026,6,38683,4.10%
2026,6,38726,8.30%
2026,6,38743,3.70%
2026,6,38873,9.00%
2026,6,43003,2.80%
2026,6,43042,3.40%
2026,6,43096,11.50%
2026,6,38283,0.40%
2026,6,38342,8.20%
2026,6,38353,1.80%
2026,6,38591,0.70%
2026,6,38666,0.10%
2026,6,38685,3.10%
2026,6,38693,0.80%
2026,6,38797,1.50%
2026,6,38985,1.60%
2026,6,38998,0.20%
2026,6,43110,8.10%
2026,6,43168,0.10%
2026,6,38305,4.10%
2026,6,38860,4.30%
2026,6,38895,4.30%
2026,6,43036,11.00%
2026,6,43040,13.20%
2026,6,43125,4.40%
2026,6,43149,3.80%
2026,6,43155,10.80%
2026,6,38306,3.10%
2026,6,38315,5.00%
2026,6,38520,10.00%
2026,6,38631,3.80%
2026,6,38665,0.20%
2026,6,38669,6.60%
2026,6,38689,0.10%
2026,6,38735,5.90%
2026,6,38818,8.30%
2026,6,38953,0.80%
2026,6,43050,3.40%
2026,6,43071,1.90%
2026,6,38331,3.20%
2026,6,38459,5.80%
2026,6,38565,8.30%
2026,6,38650,6.40%
2026,6,38820,3.10%
2026,6,38947,3.20%
2026,6,38959,8.80%
2026,6,43031,8.60%
2026,6,43056,8.30%
2026,6,38457,8.00%
2026,6,38492,4.00%
2026,6,38618,2.10%
2026,6,38776,11.00%
2026,6,38986,10.20%
2026,6,38320,17.70%
2026,6,38323,3.80%
2026,6,38334,10.40%
2026,6,38350,2.10%
2026,6,38362,3.50%
2026,6,38373,4.70%
2026,6,38388,9.20%
2026,6,38518,5.30%
2026,6,38573,14.90%
2026,6,38574,1.60%
2026,6,38598,2.40%
2026,6,38609,1.00%
2026,6,38705,4.60%
2026,6,38759,14.70%
2026,6,38786,5.40%
2026,6,38826,6.90%
2026,6,38955,4.10%
2026,6,38988,10.80%
2026,6,43054,1.30%
2026,6,43088,6.00%
2026,6,43098,5.20%
2026,6,43133,7.90%
2026,6,43134,4.20%
2026,6,38250,1.80%
2026,6,38295,1.40%
2026,6,38467,6.90%
2026,6,38728,4.00%
2026,6,38757,4.90%
2026,6,38864,0.70%
2026,6,38871,0.40%
2026,6,38886,1.70%
2026,6,38916,0.60%
2026,6,38944,1.00%
2026,6,38976,2.10%
2026,6,43033,4.60%
2026,6,38351,3.10%
2026,6,38375,5.50%
2026,6,38429,2.20%
2026,6,38511,2.30%
2026,6,38567,3.50%
2026,6,38678,7.10%
2026,6,38684,6.30%
2026,6,38716,4.80%
2026,6,38718,5.70%
2026,6,38996,2.00%
2026,6,43034,8.00%
2026,6,38357,0.40%
2026,6,38358,4.00%
2026,6,38790,4.40%
2026,6,38793,5.50%
2026,6,38893,12.50%
2026,6,38908,1.40%
2026,6,38939,4.90%
2026,6,43064,9.00%
2026,6,43170,6.00%
2026,6,38502,0.10%
2026,6,38594,1.20%
2026,6,38657,0.60%
2026,6,38659,0.30%
2026,6,38800,1.60%
2026,6,38801,2.10%
2026,6,38855,0.30%
2026,6,43026,1.40%
2026,6,43163,4.50%
2026,6,43169,0.50%
2026,6,38193,0.10%
2026,6,38372,2.00%
2026,6,38416,2.40%
2026,6,38499,1.40%
2026,6,38530,1.80%
2026,6,38549,2.70%
2026,6,38587,8.90%
2026,6,38715,1.10%
2026,6,38951,1.90%
2026,6,43105,0.90%
2026,6,38117,11.00%
2026,6,38176,13.90%
2026,6,38197,10.30%
2026,6,38427,4.60%
2026,6,38458,3.60%
2026,6,38475,9.60%
2026,6,38561,5.40%
2026,6,38590,5.70%
2026,6,38656,15.00%
2026,6,38695,6.90%
2026,6,38770,6.70%
2026,6,38859,3.00%
2026,6,43152,8.80%
2026,6,38126,2.80%
2026,6,38179,0.10%
2026,6,38185,3.40%
2026,6,38292,10.10%
2026,6,38439,4.40%
2026,6,38452,5.70%
2026,6,38466,1.50%
2026,6,38553,0.30%
2026,6,38568,1.10%
2026,6,38799,1.90%
2026,6,38815,5.30%
2026,6,38918,6.10%
2026,6,43107,4.90%
2026,6,38178,3.90%
2026,6,38199,7.80%
2026,6,38238,0.20%
2026,6,38244,1.80%
2026,6,38276,2.30%
2026,6,38303,0.00%
2026,6,38510,1.70%
2026,6,38603,0.10%
2026,6,38739,0.10%
2026,6,38844,0.10%
2026,6,38970,0.10%
2026,6,38333,8.20%
2026,6,38339,11.40%
2026,6,38368,4.90%
2026,6,38401,12.20%
2026,6,38456,12.40%
2026,6,38515,12.10%
2026,6,38604,6.10%
2026,6,38862,11.30%
2026,6,38894,3.10%
2026,6,43193,5.20%
2026,6,38377,6.70%
2026,6,38480,12.60%
2026,6,38559,7.70%
2026,6,38629,10.30%
2026,6,38846,6.90%
2026,6,38882,16.70%
2026,6,43055,11.50%
2026,6,43135,9.60%
2026,6,38154,1.60%
2026,6,38221,4.30%
2026,6,38228,5.50%
2026,6,38241,2.00%
2026,6,38314,3.50%
2026,6,38324,3.00%
2026,6,38384,0.90%
2026,6,38592,7.20%
2026,6,38679,2.90%
2026,6,43030,5.50%
2026,6,43151,15.40%
2026,6,38348,0.90%
2026,6,38396,0.50%
2026,6,38410,6.60%
2026,6,38451,1.40%
2026,6,38536,5.10%
2026,6,38550,7.60%
2026,6,38649,0.70%
2026,6,38682,2.40%
2026,6,43044,0.40%
2026,6,43157,0.60%
2026,6,38255,10.40%
2026,6,38302,10.60%
2026,6,38311,17.70%
2026,6,38434,7.30%
2026,6,38714,10.90%
2026,6,38745,9.70%
2026,6,38814,9.70%
2026,6,38980,5.60%
2026,6,43092,11.80%
2026,6,43145,28.10%
2026,6,43171,13.90%
2026,6,43174,22.80%
2026,6,38300,1.60%
2026,6,38316,0.30%
2026,6,38329,0.20%
2026,6,38655,0.30%
2026,6,38758,0.10%
2026,6,38926,0.10%
2026,6,43000,0.40%
2026,6,38318,0.20%
2026,6,38476,0.10%
2026,6,38707,0.80%
2026,6,38892,0.30%
2026,6,38971,0.20%
2026,6,38973,0.10%
2026,6,38321,1.70%
2026,6,38325,0.80%
2026,6,38341,0.60%
2026,6,38490,1.70%
2026,6,38708,0.90%
2026,6,38909,0.40%
2026,6,38927,0.10%
2026,6,38932,0.90%
2026,6,38960,1.20%
2026,6,38170,4.50%
2026,6,38218,5.30%
2026,6,38237,3.80%
2026,6,38249,21.20%
2026,6,38287,2.30%
2026,6,38290,3.50%
2026,6,38304,7.90%
2026,6,38330,18.10%
2026,6,38905,0.60%
2026,6,38978,2.60%
2026,6,38431,7.70%
2026,6,38529,6.70%
2026,6,38811,14.00%
2026,6,38903,6.90%
2026,6,38924,14.70%
2026,6,38930,8.70%
2026,6,38937,9.60%
2026,6,38965,4.60%
2026,6,38992,9.70%
2026,6,38995,8.30%
2026,6,38123,11.20%
2026,6,38155,6.50%
2026,6,38203,6.40%
2026,6,38234,4.00%
2026,6,38376,6.40%
2026,6,38463,7.00%
2026,6,38465,7.30%
2026,6,38487,0.50%
2026,6,38497,10.30%
2026,6,38632,0.10%
2026,6,38762,1.40%
2026,6,38785,2.50%
2026,6,43123,16.00%
2026,6,38223,0.10%
2026,6,38224,1.20%
2026,6,38584,0.80%
2026,6,38742,0.70%
2026,6,38907,3.60%
2026,6,38278,3.30%
2026,6,38282,2.90%
2026,6,38310,4.10%
2026,6,38443,2.00%
2026,6,38531,11.30%
2026,6,38643,2.50%
2026,6,38870,9.40%
2026,6,38920,7.40%
2026,6,43018,8.00%
2026,6,38161,
2026,6,38171,
2026,6,38182,
2026,6,38206,
2026,6,38297,
2026,6,38299,
2026,6,38385,
2026,6,38478,
2026,6,38576,
2026,6,38608,
2026,6,38626,
2026,6,38706,
2026,6,38766,
2026,6,38767,
2026,6,38775,
2026,6,38789,
2026,6,38795,
2026,6,38796,
2026,6,38803,
2026,6,38827,
2026,6,38877,
2026,6,38880,
2026,6,38910,
2026,6,38929,
2026,6,38943,
2026,6,43082,
2026,6,43083,
2026,6,43162,
2026,7,38209,0.50%
2026,7,38317,0.70%
2026,7,38489,0.20%
2026,7,38589,4.80%
2026,7,38843,1.90%
2026,7,38872,8.60%
2026,7,38950,1.90%
2026,7,38989,3.60%
2026,7,43029,4.10%
2026,7,38101,1.00%
2026,7,38240,1.30%
2026,7,38272,1.00%
2026,7,38285,0.70%
2026,7,38291,1.20%
2026,7,38389,2.70%
2026,7,38404,5.20%
2026,7,38422,2.90%
2026,7,38433,1.40%
2026,7,38555,2.10%
2026,7,38613,13.50%
2026,7,38654,3.20%
2026,7,38681,2.70%
2026,7,43188,1.90%
2026,7,38183,0.60%
2026,7,38387,8.10%
2026,7,38577,0.30%
2026,7,38721,0.80%
2026,7,38732,0.50%
2026,7,38736,0.10%
2026,7,38813,0.00%
2026,7,38821,0.30%
2026,7,38857,3.90%
2026,7,43008,4.10%
2026,7,43124,1.80%
2026,7,38344,6.10%
2026,7,38635,11.20%
2026,7,38858,0.80%
2026,7,38109,6.80%
2026,7,38173,0.50%
2026,7,38312,2.50%
2026,7,38378,6.30%
2026,7,38423,1.00%
2026,7,38432,4.50%
2026,7,38440,0.20%
2026,7,38483,4.80%
2026,7,38498,1.20%
2026,7,38504,6.40%
2026,7,38554,0.20%
2026,7,38556,2.50%
2026,7,38558,6.10%
2026,7,38602,2.90%
2026,7,38658,3.90%
2026,7,38752,4.30%
2026,7,38850,2.30%
2026,7,38113,7.10%
2026,7,38139,6.10%
2026,7,38152,6.60%
2026,7,38208,15.40%
2026,7,38239,8.80%
2026,7,38365,5.50%
2026,7,38417,8.00%
2026,7,38430,2.80%
2026,7,38484,14.30%
2026,7,38585,9.20%
2026,7,38620,5.80%
2026,7,38663,11.40%
2026,7,43025,4.30%
2026,7,38111,4.20%
2026,7,38118,3.10%
2026,7,38194,4.70%
2026,7,38219,3.70%
2026,7,38349,11.30%
2026,7,38399,4.90%
2026,7,38405,3.60%
2026,7,38470,5.80%
2026,7,38557,3.30%
2026,7,38581,5.30%
2026,7,38600,0.10%
2026,7,38612,5.50%
2026,7,38676,26.10%
2026,7,38982,9.70%
2026,7,38107,5.00%
2026,7,38116,5.00%
2026,7,38124,1.20%
2026,7,38129,7.40%
2026,7,38169,5.90%
2026,7,38398,8.70%
2026,7,38428,11.10%
2026,7,38447,1.20%
2026,7,38544,4.10%
2026,7,38571,1.10%
2026,7,38580,6.10%
2026,7,38615,6.70%
2026,7,38691,9.00%
2026,7,38226,11.20%
2026,7,38279,1.10%
2026,7,38289,5.50%
2026,7,38418,1.20%
2026,7,38419,1.00%
2026,7,38468,4.00%
2026,7,38477,0.70%
2026,7,38496,5.00%
2026,7,38611,5.80%
2026,7,38645,0.10%
2026,7,38725,4.40%
2026,7,43070,8.40%
2026,7,38131,11.40%
2026,7,38172,3.00%
2026,7,38402,3.70%
2026,7,38406,4.50%
2026,7,38543,6.70%
2026,7,38560,2.10%
2026,7,38605,8.10%
2026,7,38625,6.90%
2026,7,38771,0.30%
2026,7,38784,3.30%
2026,7,38791,0.20%
2026,7,38806,5.20%
2026,7,38866,1.40%
2026,7,38133,0.10%
2026,7,38190,1.60%
2026,7,38192,0.10%
2026,7,38280,2.60%
2026,7,38634,0.70%
2026,7,38638,0.30%
2026,7,38804,0.30%
2026,7,38949,2.70%
2026,7,43069,1.20%
2026,7,43074,0.70%
2026,7,43166,1.50%
2026,7,38146,2.00%
2026,7,38157,0.70%
2026,7,38519,2.30%
2026,7,38698,0.40%
2026,7,38761,0.90%
2026,7,38768,4.10%
2026,7,38819,0.70%
2026,7,38831,1.10%
2026,7,38840,5.40%
2026,7,38897,5.20%
2026,7,43009,3.70%
2026,7,38114,5.00%
2026,7,38360,10.60%
2026,7,38367,6.00%
2026,7,38379,0.60%
2026,7,38393,7.00%
2026,7,38469,6.80%
2026,7,38471,4.50%
2026,7,38472,12.60%
2026,7,38494,7.70%
2026,7,38637,3.40%
2026,7,38817,5.70%
2026,7,38964,2.70%
2026,7,38164,10.10%
2026,7,38222,1.80%
2026,7,38264,2.50%
2026,7,38599,3.10%
2026,7,38690,7.30%
2026,7,38731,2.50%
2026,7,38756,0.50%
2026,7,38787,1.40%
2026,7,38942,3.30%
2026,7,43100,4.30%
2026,7,38204,0.80%
2026,7,38359,0.90%
2026,7,38876,9.50%
2026,7,38917,4.60%
2026,7,43021,6.50%
2026,7,38217,0.60%
2026,7,38257,2.30%
2026,7,38516,0.80%
2026,7,38993,1.80%
2026,7,43086,0.60%
2026,7,43146,1.60%
2026,7,38211,3.40%
2026,7,38214,2.80%
2026,7,38354,5.40%
2026,7,38370,3.90%
2026,7,38639,3.30%
2026,7,38711,3.90%
2026,7,38723,2.20%
2026,7,38889,0.70%
2026,7,38972,2.30%
2026,7,38990,6.80%
2026,7,43001,2.80%
2026,7,38134,2.90%
2026,7,38260,4.30%
2026,7,38340,5.90%
2026,7,38464,10.90%
2026,7,38482,7.70%
2026,7,38501,7.60%
2026,7,38513,6.50%
2026,7,38526,5.20%
2026,7,38569,3.40%
2026,7,38570,4.70%
2026,7,38579,5.10%
2026,7,38619,10.10%
2026,7,38888,1.70%
2026,7,38941,2.10%
2026,7,38296,6.90%
2026,7,38328,4.40%
2026,7,38435,0.30%
2026,7,38488,5.70%
2026,7,38712,8.30%
2026,7,38744,0.80%
2026,7,38805,0.30%
2026,7,38828,4.20%
2026,7,38928,2.20%
2026,7,38975,6.30%
2026,7,43186,3.10%
2026,7,38408,1.80%
2026,7,38525,1.60%
2026,7,38738,0.10%
2026,7,38781,1.80%
2026,7,38839,2.90%
2026,7,38946,10.50%
2026,7,38966,4.70%
2026,7,38967,1.40%
2026,7,38267,4.30%
2026,7,38503,2.20%
2026,7,38760,0.50%
2026,7,38825,0.40%
2026,7,38842,3.40%
2026,7,38919,1.50%
2026,7,38923,2.00%
2026,7,38979,1.60%
2026,7,38991,1.20%
2026,7,43190,2.90%
2026,7,38273,0.10%
2026,7,38275,0.10%
2026,7,38335,0.20%
2026,7,38454,0.50%
2026,7,38593,0.20%
2026,7,38887,0.30%
2026,7,38921,0.50%
2026,7,38956,0.10%
2026,7,38983,3.40%
2026,7,43114,1.40%
2026,7,43115,9.80%
2026,7,43138,2.30%
2026,7,38436,2.10%
2026,7,38491,1.50%
2026,7,38782,7.50%
2026,7,38890,0.40%
2026,7,43010,8.70%
2026,7,43113,4.60%
2026,7,38236,5.40%
2026,7,38309,3.90%
2026,7,38397,5.20%
2026,7,38413,3.50%
2026,7,38566,2.20%
2026,7,38614,3.10%
2026,7,38636,3.50%
2026,7,38648,3.50%
2026,7,38696,1.50%
2026,7,38838,5.30%
2026,7,43118,1.70%
2026,7,43137,3.20%
2026,7,38159,1.20%
2026,7,38338,27.70%
2026,7,38345,1.30%
2026,7,38479,7.90%
2026,7,38647,8.80%
2026,7,38868,0.60%
2026,7,38881,0.50%
2026,7,38931,1.10%
2026,7,38938,5.30%
2026,7,38969,0.50%
2026,7,38137,4.40%
2026,7,38143,7.80%
2026,7,38144,11.90%
2026,7,38153,6.80%
2026,7,38195,2.80%
2026,7,38229,10.10%
2026,7,38624,4.80%
2026,7,38640,5.20%
2026,7,38660,6.10%
2026,7,38994,8.00%
2026,7,43172,9.50%
2026,7,38210,1.60%
2026,7,38242,2.20%
2026,7,38288,3.00%
2026,7,38346,2.50%
2026,7,38381,2.20%
2026,7,38517,1.00%
2026,7,38523,3.90%
2026,7,38713,5.80%
2026,7,38863,6.50%
2026,7,38879,4.10%
2026,7,38162,13.20%
2026,7,38177,10.80%
2026,7,38213,1.60%
2026,7,38332,0.50%
2026,7,38352,2.30%
2026,7,38356,6.60%
2026,7,38449,3.40%
2026,7,38542,2.90%
2026,7,38575,7.10%
2026,7,38588,7.30%
2026,7,38861,2.30%
2026,7,43046,4.50%
2026,7,43051,10.00%
2026,7,38409,2.20%
2026,7,38448,10.20%
2026,7,38486,0.90%
2026,7,38551,3.70%
2026,7,38583,0.20%
2026,7,38675,1.60%
2026,7,38702,0.70%
2026,7,38703,3.20%
2026,7,43057,1.70%
2026,7,43084,1.70%
2026,7,43148,1.00%
2026,7,38147,2.90%
2026,7,38163,2.90%
2026,7,38174,5.80%
2026,7,38407,1.70%
2026,7,38672,0.20%
2026,7,38699,0.80%
2026,7,38700,0.50%
2026,7,38733,2.00%
2026,7,38753,0.40%
2026,7,38754,0.10%
2026,7,43047,3.40%
2026,7,43129,1.80%
2026,7,38121,8.80%
2026,7,38366,2.30%
2026,7,38386,3.50%
2026,7,38461,8.40%
2026,7,38538,10.50%
2026,7,38644,0.70%
2026,7,38709,17.70%
2026,7,38717,10.60%
2026,7,38722,7.20%
2026,7,38727,4.30%
2026,7,38773,3.20%
2026,7,43041,12.00%
2026,7,38103,8.30%
2026,7,38104,7.40%
2026,7,38106,6.60%
2026,7,38112,5.00%
2026,7,38188,6.00%
2026,7,38227,5.80%
2026,7,38617,17.40%
2026,7,38646,5.50%
2026,7,38692,9.20%
2026,7,38730,5.40%
2026,7,38746,0.90%
2026,7,38954,1.90%
2026,7,43142,8.50%
2026,7,38115,15.80%
2026,7,38119,9.80%
2026,7,38142,15.90%
2026,7,38149,11.50%
2026,7,38266,23.20%
2026,7,38270,12.70%
2026,7,38363,6.50%
2026,7,38394,9.60%
2026,7,38507,7.90%
2026,7,38535,11.50%
2026,7,38925,11.20%
2026,7,43043,11.80%
2026,7,43130,8.10%
2026,7,38108,9.40%
2026,7,38110,1.10%
2026,7,38128,0.60%
2026,7,38187,1.10%
2026,7,38191,2.60%
2026,7,38202,4.00%
2026,7,38220,4.60%
2026,7,38382,0.40%
2026,7,38415,0.20%
2026,7,38481,1.30%
2026,7,38522,5.00%
2026,7,38541,5.20%
2026,7,38597,8.70%
2026,7,38627,4.80%
2026,7,38136,10.40%
2026,7,38186,10.90%
2026,7,38230,9.10%
2026,7,38374,11.00%
2026,7,38442,10.00%
2026,7,38460,3.40%
2026,7,38606,7.20%
2026,7,38661,17.70%
2026,7,38674,9.30%
2026,7,38694,1.70%
2026,7,38792,6.90%
2026,7,38845,6.00%
2026,7,38138,4.40%
2026,7,38141,15.10%
2026,7,38319,0.30%
2026,7,38441,4.60%
2026,7,38547,7.70%
2026,7,38668,1.40%
2026,7,38841,3.70%
2026,7,38896,11.50%
2026,7,38987,4.20%
2026,7,43059,4.30%
2026,7,43068,1.10%
2026,7,38158,2.40%
2026,7,38166,3.80%
2026,7,38390,2.00%
2026,7,38400,0.60%
2026,7,38445,2.90%
2026,7,38512,12.10%
2026,7,38532,9.10%
2026,7,38751,7.80%
2026,7,38755,0.40%
2026,7,38777,1.80%
2026,7,38780,5.70%
2026,7,38798,3.20%
2026,7,38810,2.40%
2026,7,38180,0.70%
2026,7,38184,0.30%
2026,7,38198,1.00%
2026,7,38533,0.30%
2026,7,38540,0.40%
2026,7,38564,1.20%
2026,7,38741,2.20%
2026,7,38765,1.10%
2026,7,38788,1.20%
2026,7,38865,3.80%
2026,7,38968,0.40%
2026,7,38196,2.00%
2026,7,38246,6.00%
2026,7,38254,11.60%
2026,7,38263,1.30%
2026,7,38336,5.30%
2026,7,38596,1.80%
2026,7,38830,0.50%
2026,7,38883,3.80%
2026,7,38898,0.60%
2026,7,38935,2.50%
2026,7,38958,6.70%
2026,7,38963,0.60%
2026,7,38981,0.10%
2026,7,43005,1.80%
2026,7,38205,12.80%
2026,7,38207,2.90%
2026,7,38371,9.20%
2026,7,38411,22.00%
2026,7,38527,9.00%
2026,7,38546,12.80%
2026,7,38651,7.20%
2026,7,38677,14.10%
2026,7,38719,18.50%
2026,7,38837,22.50%
2026,7,43111,17.30%
2026,7,43132,14.60%
2026,7,43194,6.00%
2026,7,43195,2.20%
2026,7,38248,0.10%
2026,7,38680,0.20%
2026,7,38816,1.20%
2026,7,38875,0.40%
2026,7,38984,0.40%
2026,7,43007,0.10%
2026,7,43019,0.50%
2026,7,43154,0.30%
2026,7,38258,6.40%
2026,7,38313,3.60%
2026,7,38322,3.60%
2026,7,38380,1.10%
2026,7,38545,0.30%
2026,7,38582,6.80%
2026,7,38670,5.90%
2026,7,38836,3.30%
2026,7,38869,2.20%
2026,7,38874,23.20%
2026,7,38977,5.50%
2026,7,43143,6.60%
2026,7,38122,1.10%
2026,7,38148,5.70%
2026,7,38150,2.70%
2026,7,38189,3.20%
2026,7,38225,0.30%
2026,7,38233,3.50%
2026,7,38361,9.00%
2026,7,38414,0.30%
2026,7,38438,7.50%
2026,7,38485,5.50%
2026,7,38508,1.70%
2026,7,38534,0.30%
2026,7,38578,3.80%
2026,7,38607,8.80%
2026,7,38633,4.00%
2026,7,38704,0.50%
2026,7,38747,0.20%
2026,7,38749,16.40%
2026,7,38769,5.00%
2026,7,38829,2.50%
2026,7,38847,18.80%
2026,7,38957,6.10%
2026,7,43011,2.10%
2026,7,43147,10.80%
2026,7,38243,13.70%
2026,7,38252,6.30%
2026,7,38271,3.10%
2026,7,38274,5.00%
2026,7,38277,6.00%
2026,7,38307,3.50%
2026,7,38326,1.40%
2026,7,38383,14.00%
2026,7,38446,1.60%
2026,7,38509,8.60%
2026,7,38539,1.20%
2026,7,38664,6.40%
2026,7,38667,2.50%
2026,7,38740,1.20%
2026,7,38763,6.30%
2026,7,38778,1.10%
2026,7,38779,13.40%
2026,7,38922,7.50%
2026,7,38933,0.20%
2026,7,38948,0.90%
2026,7,38952,2.60%
2026,7,43016,8.20%
2026,7,43060,5.40%
2026,7,43106,12.50%
2026,7,43156,3.40%
2026,7,38245,1.40%
2026,7,38247,2.60%
2026,7,38251,13.20%
2026,7,38453,1.80%
2026,7,38552,3.40%
2026,7,38673,6.60%
2026,7,38884,8.60%
2026,7,38904,1.90%
2026,7,43027,13.00%
2026,7,43032,22.10%
2026,7,43089,1.30%
2026,7,38268,10.60%
2026,7,38286,14.30%
2026,7,38601,5.70%
2026,7,38642,1.70%
2026,7,38729,9.80%
2026,7,38809,0.40%
2026,7,38812,3.90%
2026,7,38832,0.40%
2026,7,38899,4.10%
2026,7,38997,4.40%
2026,7,38262,5.80%
2026,7,38355,3.50%
2026,7,38392,8.00%
2026,7,38473,13.90%
2026,7,38506,10.00%
2026,7,38563,11.40%
2026,7,38630,2.60%
2026,7,38734,19.10%
2026,7,38891,8.20%
2026,7,38912,1.70%
2026,7,38974,4.10%
2026,7,43063,5.50%
2026,7,43185,7.60%
2026,7,38265,27.90%
2026,7,38412,0.40%
2026,7,38450,6.50%
2026,7,38737,0.70%
2026,7,38848,4.20%
2026,7,38934,1.60%
2026,7,38999,3.10%
2026,7,43076,1.40%
2026,7,38683,2.90%
2026,7,38726,11.50%
2026,7,38743,3.20%
2026,7,38873,6.80%
2026,7,43003,0.70%
2026,7,43042,4.70%
2026,7,43096,12.30%
2026,7,38283,1.20%
2026,7,38342,8.90%
2026,7,38353,1.60%
2026,7,38524,0.90%
2026,7,38591,0.20%
2026,7,38666,0.00%
2026,7,38685,2.60%
2026,7,38693,1.00%
2026,7,38797,0.50%
2026,7,38985,3.10%
2026,7,38998,0.20%
2026,7,43110,8.50%
2026,7,43168,0.10%
2026,7,38305,3.00%
2026,7,38860,5.80%
2026,7,38895,5.40%
2026,7,43036,3.90%
2026,7,43040,16.60%
2026,7,43125,6.30%
2026,7,43149,4.30%
2026,7,43155,11.60%
2026,7,38306,4.40%
2026,7,38315,5.60%
2026,7,38520,9.60%
2026,7,38631,3.00%
2026,7,38665,0.10%
2026,7,38669,5.10%
2026,7,38689,0.30%
2026,7,38735,3.40%
2026,7,38818,8.40%
2026,7,38953,1.10%
2026,7,43050,2.90%
2026,7,43071,2.20%
2026,7,38331,3.20%
2026,7,38459,6.80%
2026,7,38565,7.80%
2026,7,38650,2.60%
2026,7,38820,0.90%
2026,7,38947,4.70%
2026,7,38959,5.10%
2026,7,43031,6.90%
2026,7,43056,9.80%
2026,7,38457,7.20%
2026,7,38492,2.60%
2026,7,38618,1.20%
2026,7,38776,10.20%
2026,7,38986,10.10%
2026,7,38320,18.10%
2026,7,38323,3.80%
2026,7,38334,8.90%
2026,7,38350,2.50%
2026,7,38362,3.60%
2026,7,38373,3.60%
2026,7,38388,6.10%
2026,7,38518,3.90%
2026,7,38573,16.10%
2026,7,38574,2.80%
2026,7,38598,1.80%
2026,7,38609,1.20%
2026,7,38705,5.00%
2026,7,38759,18.50%
2026,7,38786,6.30%
2026,7,38826,3.70%
2026,7,38955,4.60%
2026,7,38988,6.80%
2026,7,43054,1.50%
2026,7,43088,11.90%
2026,7,43098,2.20%
2026,7,43133,4.50%
2026,7,43134,3.20%
2026,7,38250,1.50%
2026,7,38295,0.80%
2026,7,38467,3.30%
2026,7,38728,2.40%
2026,7,38757,6.40%
2026,7,38864,2.40%
2026,7,38871,2.50%
2026,7,38886,2.00%
2026,7,38916,0.90%
2026,7,38944,0.80%
2026,7,38976,2.90%
2026,7,43033,5.00%
2026,7,38351,3.40%
2026,7,38375,6.00%
2026,7,38429,2.70%
2026,7,38511,2.70%
2026,7,38567,3.90%
2026,7,38678,5.90%
2026,7,38684,4.10%
2026,7,38716,4.40%
2026,7,38718,5.20%
2026,7,38996,2.70%
2026,7,43034,6.70%
2026,7,38357,0.40%
2026,7,38358,3.30%
2026,7,38790,4.40%
2026,7,38793,7.30%
2026,7,38893,10.00%
2026,7,38908,2.10%
2026,7,38939,3.10%
2026,7,43064,11.40%
2026,7,43170,6.80%
2026,7,38502,0.10%
2026,7,38594,2.40%
2026,7,38657,1.70%
2026,7,38659,0.40%
2026,7,38800,2.40%
2026,7,38801,1.40%
2026,7,38855,1.30%
2026,7,43026,0.60%
2026,7,43163,2.80%
2026,7,43169,1.10%
2026,7,38372,1.90%
2026,7,38416,2.30%
2026,7,38499,1.60%
2026,7,38530,1.40%
2026,7,38549,1.80%
2026,7,38587,9.90%
2026,7,38715,1.10%
2026,7,38951,1.80%
2026,7,43105,0.50%
2026,7,38117,11.50%
2026,7,38176,11.20%
2026,7,38197,9.00%
2026,7,38427,4.20%
2026,7,38458,3.00%
2026,7,38475,10.80%
2026,7,38561,5.70%
2026,7,38590,6.90%
2026,7,38656,13.50%
2026,7,38695,5.50%
2026,7,38770,4.60%
2026,7,38859,3.20%
2026,7,43152,11.40%
2026,7,38126,2.60%
2026,7,38179,0.10%
2026,7,38185,4.10%
2026,7,38292,10.70%
2026,7,38439,2.80%
2026,7,38452,4.30%
2026,7,38466,0.50%
2026,7,38553,0.10%
2026,7,38568,1.80%
2026,7,38799,4.80%
2026,7,38815,7.20%
2026,7,38918,4.50%
2026,7,43107,3.60%
2026,7,38178,1.70%
2026,7,38199,6.70%
2026,7,38238,2.60%
2026,7,38244,0.90%
2026,7,38276,3.70%
2026,7,38303,0.40%
2026,7,38510,2.70%
2026,7,38603,0.10%
2026,7,38739,0.20%
2026,7,38844,1.50%
2026,7,38849,0.10%
2026,7,38970,0.20%
2026,7,38333,9.80%
2026,7,38339,10.70%
2026,7,38368,6.00%
2026,7,38401,10.30%
2026,7,38456,12.40%
2026,7,38515,10.40%
2026,7,38604,5.70%
2026,7,38862,10.70%
2026,7,38894,3.60%
2026,7,43193,6.10%
2026,7,38377,9.50%
2026,7,38480,8.00%
2026,7,38559,6.80%
2026,7,38629,8.50%
2026,7,38846,8.00%
2026,7,38882,17.80%
2026,7,43055,11.70%
2026,7,43135,9.20%
2026,7,38154,2.20%
2026,7,38221,4.20%
2026,7,38228,8.50%
2026,7,38241,4.50%
2026,7,38314,3.30%
2026,7,38324,2.30%
2026,7,38384,1.70%
2026,7,38592,7.30%
2026,7,38679,2.70%
2026,7,43030,4.90%
2026,7,43151,18.30%
2026,7,38348,1.20%
2026,7,38396,1.10%
2026,7,38410,6.40%
2026,7,38451,2.10%
2026,7,38536,4.00%
2026,7,38550,6.30%
2026,7,38649,1.10%
2026,7,38682,1.90%
2026,7,43044,1.00%
2026,7,43157,1.30%
2026,7,38255,11.70%
2026,7,38302,7.20%
2026,7,38311,18.50%
2026,7,38434,9.60%
2026,7,38714,16.00%
2026,7,38745,10.20%
2026,7,38814,12.30%
2026,7,38980,2.80%
2026,7,43092,10.70%
2026,7,43145,28.60%
2026,7,43171,11.50%
2026,7,43174,18.70%
2026,7,38300,1.00%
2026,7,38316,0.30%
2026,7,38329,0.10%
2026,7,38655,0.20%
2026,7,38758,0.10%
2026,7,38867,0.30%
2026,7,38926,0.10%
2026,7,43000,0.20%
2026,7,38318,0.10%
2026,7,38337,0.10%
2026,7,38476,0.10%
2026,7,38707,0.50%
2026,7,38892,0.30%
2026,7,38973,0.40%
2026,7,38321,0.80%
2026,7,38325,0.40%
2026,7,38341,1.20%
2026,7,38490,1.00%
2026,7,38708,0.20%
2026,7,38932,2.10%
2026,7,38960,2.60%
2026,7,38170,4.90%
2026,7,38218,5.00%
2026,7,38237,1.90%
2026,7,38249,19.70%
2026,7,38287,2.90%
2026,7,38290,7.20%
2026,7,38304,7.40%
2026,7,38330,20.10%
2026,7,38905,1.50%
2026,7,38978,2.80%
2026,7,38431,9.30%
2026,7,38529,5.60%
2026,7,38811,12.30%
2026,7,38903,7.30%
2026,7,38924,13.80%
2026,7,38930,10.40%
2026,7,38937,8.90%
2026,7,38965,3.30%
2026,7,38992,6.10%
2026,7,38995,8.90%
2026,7,38123,10.40%
2026,7,38155,6.40%
2026,7,38203,4.80%
2026,7,38234,3.70%
2026,7,38376,6.30%
2026,7,38463,8.90%
2026,7,38465,7.20%
2026,7,38487,0.20%
2026,7,38497,8.50%
2026,7,38632,0.10%
2026,7,38762,1.20%
2026,7,38785,3.80%
2026,7,43123,12.40%
2026,7,38201,0.10%
2026,7,38223,1.30%
2026,7,38224,6.40%
2026,7,38584,0.50%
2026,7,38742,1.50%
2026,7,38907,3.60%
2026,7,38278,1.80%
2026,7,38282,2.40%
2026,7,38310,1.90%
2026,7,38443,1.50%
2026,7,38531,10.20%
2026,7,38643,4.40%
2026,7,38870,6.40%
2026,7,38920,11.60%
2026,7,43018,6.30%
2026,7,38161,
2026,7,38171,
2026,7,38182,
2026,7,38206,
2026,7,38215,
2026,7,38297,
2026,7,38299,
2026,7,38385,
2026,7,38478,
2026,7,38576,
2026,7,38626,
2026,7,38641,
2026,7,38766,
2026,7,38795,
2026,7,38796,
2026,7,38803,
2026,7,38877,
2026,7,38901,
2026,7,38910,
2026,7,38929,
2026,7,38943,
2026,7,43082,
2026,7,43083,
2026,7,43162,
2026,8,38209,0.40%
2026,8,38317,0.70%
2026,8,38489,0.10%
2026,8,38589,4.00%
2026,8,38843,1.00%
2026,8,38872,5.50%
2026,8,38950,3.90%
2026,8,38989,4.20%
2026,8,43029,2.20%
2026,8,38101,0.80%
2026,8,38240,2.10%
2026,8,38272,0.50%
2026,8,38285,0.50%
2026,8,38291,1.40%
2026,8,38389,2.60%
2026,8,38404,5.30%
2026,8,38422,3.80%
2026,8,38433,2.30%
2026,8,38555,2.10%
2026,8,38613,12.30%
2026,8,38654,1.90%
2026,8,38681,2.80%
2026,8,43188,1.40%
2026,8,38183,1.30%
2026,8,38387,10.60%
2026,8,38577,0.40%
2026,8,38721,1.10%
2026,8,38732,0.70%
2026,8,38736,0.00%
2026,8,38813,0.20%
2026,8,38821,0.10%
2026,8,38857,5.80%
2026,8,43008,2.10%
2026,8,43124,6.30%
2026,8,38344,5.70%
2026,8,38635,9.70%
2026,8,38858,0.30%
2026,8,38109,9.40%
2026,8,38173,0.90%
2026,8,38312,2.90%
2026,8,38378,4.40%
2026,8,38423,0.90%
2026,8,38432,4.00%
2026,8,38440,0.80%
2026,8,38483,5.60%
2026,8,38498,1.40%
2026,8,38504,4.90%
2026,8,38554,0.10%
2026,8,38556,2.70%
2026,8,38558,7.90%
2026,8,38602,3.10%
2026,8,38658,3.20%
2026,8,38752,3.30%
2026,8,38850,2.20%
2026,8,38113,5.30%
2026,8,38139,5.60%
2026,8,38152,9.50%
2026,8,38208,14.00%
2026,8,38239,8.70%
2026,8,38365,4.60%
2026,8,38417,8.50%
2026,8,38430,2.30%
2026,8,38484,14.00%
2026,8,38585,10.10%
2026,8,38620,7.70%
2026,8,38663,10.40%
2026,8,43025,7.70%
2026,8,38111,3.70%
2026,8,38118,4.50%
2026,8,38194,5.00%
2026,8,38219,2.80%
2026,8,38349,10.50%
2026,8,38399,2.90%
2026,8,38405,2.20%
2026,8,38470,
2026,8,38557,3.40%
2026,8,38581,3.70%
2026,8,38600,0.20%
2026,8,38612,4.30%
2026,8,38676,37.90%
2026,8,38982,9.20%
2026,8,38107,4.00%
2026,8,38116,6.10%
2026,8,38124,2.70%
2026,8,38129,5.00%
2026,8,38169,6.20%
2026,8,38398,7.00%
2026,8,38428,10.50%
2026,8,38447,0.90%
2026,8,38544,3.90%
2026,8,38571,2.30%
2026,8,38580,7.00%
2026,8,38615,6.20%
2026,8,38691,9.80%
2026,8,38226,9.80%
2026,8,38279,0.90%
2026,8,38289,7.10%
2026,8,38418,1.60%
2026,8,38419,0.70%
2026,8,38468,3.50%
2026,8,38477,0.80%
2026,8,38496,5.00%
2026,8,38611,8.70%
2026,8,38645,0.20%
2026,8,38725,4.80%
2026,8,43070,5.40%
2026,8,38131,8.90%
2026,8,38172,3.00%
2026,8,38402,3.50%
2026,8,38406,4.60%
2026,8,38543,4.80%
2026,8,38560,2.90%
2026,8,38605,5.60%
2026,8,38625,9.10%
2026,8,38771,0.60%
2026,8,38784,2.80%
2026,8,38791,0.30%
2026,8,38806,5.70%
2026,8,38866,1.70%
2026,8,38133,1.90%
2026,8,38190,3.80%
2026,8,38192,0.30%
2026,8,38280,4.80%
2026,8,38634,0.30%
2026,8,38638,7.40%
2026,8,38804,0.20%
2026,8,38949,7.00%
2026,8,43069,4.60%
2026,8,43074,0.90%
2026,8,43166,2.30%
2026,8,38146,3.20%
2026,8,38157,1.50%
2026,8,38519,2.80%
2026,8,38698,0.30%
2026,8,38761,1.40%
2026,8,38768,3.90%
2026,8,38819,1.50%
2026,8,38831,2.30%
2026,8,38840,5.00%
2026,8,38897,5.50%
2026,8,43009,3.00%
2026,8,38114,7.30%
2026,8,38360,11.40%
2026,8,38367,2.60%
2026,8,38379,0.90%
2026,8,38393,4.80%
2026,8,38469,5.60%
2026,8,38471,4.30%
2026,8,38472,6.80%
2026,8,38494,7.70%
2026,8,38637,3.20%
2026,8,38817,7.70%
2026,8,38964,3.10%
2026,8,38164,9.30%
2026,8,38222,2.50%
2026,8,38264,1.40%
2026,8,38599,3.80%
2026,8,38690,7.50%
2026,8,38731,3.30%
2026,8,38756,0.70%
2026,8,38787,0.80%
2026,8,38942,3.50%
2026,8,43100,3.80%
2026,8,38204,0.80%
2026,8,38359,0.80%
2026,8,38876,17.10%
2026,8,38917,1.80%
2026,8,43021,7.50%
2026,8,38217,0.50%
2026,8,38257,2.40%
2026,8,38259,0.00%
2026,8,38516,0.70%
2026,8,38610,0.10%
2026,8,38993,2.10%
2026,8,43086,1.00%
2026,8,43146,1.30%
2026,8,38211,2.30%
2026,8,38214,4.00%
2026,8,38354,7.10%
2026,8,38370,4.30%
2026,8,38639,3.00%
2026,8,38711,9.50%
2026,8,38723,1.80%
2026,8,38889,0.50%
2026,8,38972,2.80%
2026,8,38990,9.90%
2026,8,43001,3.50%
2026,8,38134,2.10%
2026,8,38260,2.10%
2026,8,38340,4.30%
2026,8,38464,6.30%
2026,8,38482,7.70%
2026,8,38501,7.50%
2026,8,38513,4.60%
2026,8,38526,5.10%
2026,8,38569,7.10%
2026,8,38570,6.80%
2026,8,38579,9.30%
2026,8,38619,8.50%
2026,8,38888,3.00%
2026,8,38941,2.00%
2026,8,38296,10.10%
2026,8,38328,3.70%
2026,8,38435,0.40%
2026,8,38488,4.40%
2026,8,38712,18.50%
2026,8,38744,1.80%
2026,8,38805,1.20%
2026,8,38828,2.90%
2026,8,38928,2.30%
2026,8,38975,6.60%
2026,8,43186,2.90%
2026,8,38408,2.90%
2026,8,38525,2.40%
2026,8,38738,0.10%
2026,8,38781,2.30%
2026,8,38839,4.10%
2026,8,38946,6.50%
2026,8,38966,2.80%
2026,8,38967,2.30%
2026,8,38267,2.50%
2026,8,38503,2.80%
2026,8,38760,0.20%
2026,8,38825,0.30%
2026,8,38842,2.40%
2026,8,38919,2.80%
2026,8,38923,1.90%
2026,8,38979,1.40%
2026,8,38991,2.00%
2026,8,43190,2.40%
2026,8,38273,0.40%
2026,8,38275,0.10%
2026,8,38335,0.00%
2026,8,38454,0.20%
2026,8,38593,0.10%
2026,8,38887,0.20%
2026,8,38921,0.50%
2026,8,38983,4.20%
2026,8,43114,0.30%
2026,8,43115,6.90%
2026,8,43138,2.90%
2026,8,38436,2.60%
2026,8,38491,1.20%
2026,8,38782,8.20%
2026,8,38890,0.50%
2026,8,43010,7.00%
2026,8,43113,7.90%
2026,8,38236,4.80%
2026,8,38309,4.60%
2026,8,38397,6.90%
2026,8,38413,2.30%
2026,8,38566,3.80%
2026,8,38614,3.90%
2026,8,38636,3.40%
2026,8,38648,5.00%
2026,8,38696,8.60%
2026,8,38838,4.60%
2026,8,43118,2.20%
2026,8,43137,4.70%
2026,8,38159,3.00%
2026,8,38338,0.10%
2026,8,38345,2.50%
2026,8,38479,5.40%
2026,8,38647,11.40%
2026,8,38868,1.00%
2026,8,38881,0.60%
2026,8,38931,2.30%
2026,8,38938,7.90%
2026,8,38969,2.00%
2026,8,38137,2.90%
2026,8,38143,7.90%
2026,8,38144,10.60%
2026,8,38153,4.70%
2026,8,38195,3.80%
2026,8,38229,12.60%
2026,8,38624,4.40%
2026,8,38640,5.30%
2026,8,38660,5.00%
2026,8,38994,3.60%
2026,8,43172,8.70%
2026,8,38210,1.90%
2026,8,38242,2.00%
2026,8,38288,4.90%
2026,8,38346,2.00%
2026,8,38381,1.20%
2026,8,38517,4.10%
2026,8,38523,3.90%
2026,8,38713,3.90%
2026,8,38863,3.30%
2026,8,38879,2.60%
2026,8,38162,14.40%
2026,8,38177,11.40%
2026,8,38213,3.10%
2026,8,38332,0.60%
2026,8,38352,3.00%
2026,8,38356,4.60%
2026,8,38449,6.80%
2026,8,38542,4.70%
2026,8,38575,6.20%
2026,8,38588,8.90%
2026,8,38861,1.50%
2026,8,43046,6.40%
2026,8,43051,11.50%
2026,8,38409,3.10%
2026,8,38448,8.90%
2026,8,38486,1.50%
2026,8,38551,6.10%
2026,8,38583,0.30%
2026,8,38675,2.40%
2026,8,38702,0.50%
2026,8,38703,3.50%
2026,8,43057,1.00%
2026,8,43084,2.20%
2026,8,43148,1.90%
2026,8,38147,2.10%
2026,8,38163,1.90%
2026,8,38174,7.40%
2026,8,38407,1.90%
2026,8,38672,0.30%
2026,8,38699,0.90%
2026,8,38700,0.00%
2026,8,38733,2.00%
2026,8,38753,0.30%
2026,8,38754,0.20%
2026,8,43047,5.90%
2026,8,43129,1.30%
2026,8,38121,9.90%
2026,8,38366,2.80%
2026,8,38386,4.80%
2026,8,38461,7.40%
2026,8,38538,9.50%
2026,8,38644,1.30%
2026,8,38709,14.00%
2026,8,38717,13.30%
2026,8,38722,3.20%
2026,8,38727,4.90%
2026,8,38773,3.80%
2026,8,43041,9.60%
2026,8,38103,7.20%
2026,8,38104,9.10%
2026,8,38106,4.80%
2026,8,38112,6.50%
2026,8,38188,7.40%
2026,8,38227,6.30%
2026,8,38617,16.00%
2026,8,38646,8.80%
2026,8,38692,9.30%
2026,8,38730,5.90%
2026,8,38746,1.00%
2026,8,38954,0.90%
2026,8,43142,5.40%
2026,8,38115,18.20%
2026,8,38119,8.10%
2026,8,38142,14.10%
2026,8,38149,12.30%
2026,8,38266,23.70%
2026,8,38270,14.70%
2026,8,38363,14.70%
2026,8,38394,10.40%
2026,8,38507,8.50%
2026,8,38535,12.20%
2026,8,38925,11.60%
2026,8,43043,12.80%
2026,8,43130,12.40%
2026,8,38108,8.10%
2026,8,38110,1.10%
2026,8,38128,0.20%
2026,8,38187,0.90%
2026,8,38191,2.50%
2026,8,38202,3.50%
2026,8,38220,5.80%
2026,8,38382,0.40%
2026,8,38415,0.50%
2026,8,38481,1.90%
2026,8,38522,3.70%
2026,8,38541,5.00%
2026,8,38597,8.00%
2026,8,38627,5.40%
2026,8,38136,11.80%
2026,8,38186,10.10%
2026,8,38230,7.00%
2026,8,38374,13.50%
2026,8,38442,9.60%
2026,8,38460,1.70%
2026,8,38606,10.90%
2026,8,38661,16.10%
2026,8,38674,11.80%
2026,8,38694,1.60%
2026,8,38792,8.40%
2026,8,38845,3.40%
2026,8,38138,3.60%
2026,8,38141,6.30%
2026,8,38319,0.40%
2026,8,38441,4.60%
2026,8,38547,6.40%
2026,8,38668,1.60%
2026,8,38841,2.20%
2026,8,38896,7.70%
2026,8,38987,7.00%
2026,8,43059,5.50%
2026,8,43068,0.60%
2026,8,38158,4.20%
2026,8,38166,4.70%
2026,8,38390,2.00%
2026,8,38400,0.70%
2026,8,38445,2.30%
2026,8,38512,12.20%
2026,8,38532,9.30%
2026,8,38751,8.60%
2026,8,38755,0.10%
2026,8,38777,1.90%
2026,8,38780,4.50%
2026,8,38798,2.40%
2026,8,38810,2.10%
2026,8,38180,0.60%
2026,8,38184,0.20%
2026,8,38198,0.40%
2026,8,38533,0.10%
2026,8,38540,0.20%
2026,8,38564,0.80%
2026,8,38741,1.60%
2026,8,38765,1.70%
2026,8,38788,1.60%
2026,8,38865,4.20%
2026,8,38968,0.70%
2026,8,38196,0.90%
2026,8,38246,5.40%
2026,8,38254,11.70%
2026,8,38263,2.00%
2026,8,38336,13.30%
2026,8,38596,5.30%
2026,8,38830,3.80%
2026,8,38883,19.70%
2026,8,38898,1.80%
2026,8,38935,10.70%
2026,8,38958,9.30%
2026,8,38963,2.90%
2026,8,38981,0.00%
2026,8,43005,4.00%
2026,8,38205,14.10%
2026,8,38207,2.40%
2026,8,38371,9.50%
2026,8,38411,21.40%
2026,8,38527,7.00%
2026,8,38546,13.90%
2026,8,38651,7.50%
2026,8,38677,14.80%
2026,8,38719,16.10%
2026,8,38837,17.90%
2026,8,43111,14.20%
2026,8,43132,14.00%
2026,8,43194,7.10%
2026,8,43195,2.40%
2026,8,38248,0.10%
2026,8,38671,1.40%
2026,8,38680,0.30%
2026,8,38808,2.30%
2026,8,38816,4.30%
2026,8,38875,0.40%
2026,8,38984,0.50%
2026,8,43007,0.30%
2026,8,43019,0.80%
2026,8,43154,3.10%
2026,8,38258,2.40%
2026,8,38313,3.40%
2026,8,38322,1.00%
2026,8,38380,0.70%
2026,8,38545,0.00%
2026,8,38582,2.60%
2026,8,38670,2.90%
2026,8,38836,2.50%
2026,8,38869,3.20%
2026,8,38874,15.40%
2026,8,38977,5.30%
2026,8,43143,5.10%
2026,8,38122,0.70%
2026,8,38148,3.40%
2026,8,38150,0.40%
2026,8,38189,2.80%
2026,8,38225,0.40%
2026,8,38233,3.80%
2026,8,38361,7.40%
2026,8,38414,0.10%
2026,8,38438,5.00%
2026,8,38485,6.80%
2026,8,38508,1.70%
2026,8,38534,0.40%
2026,8,38578,4.00%
2026,8,38607,10.00%
2026,8,38633,3.20%
2026,8,38704,0.60%
2026,8,38747,0.00%
2026,8,38749,20.40%
2026,8,38769,3.50%
2026,8,38829,2.10%
2026,8,38847,16.40%
2026,8,38957,9.00%
2026,8,43011,2.30%
2026,8,43147,7.30%
2026,8,38243,14.80%
2026,8,38252,8.10%
2026,8,38271,2.10%
2026,8,38274,7.40%
2026,8,38277,10.70%
2026,8,38307,2.80%
2026,8,38326,0.50%
2026,8,38383,9.70%
2026,8,38446,2.50%
2026,8,38509,9.10%
2026,8,38539,1.70%
2026,8,38664,3.70%
2026,8,38667,0.10%
2026,8,38740,1.90%
2026,8,38763,7.10%
2026,8,38778,0.80%
2026,8,38779,5.00%
2026,8,38922,9.30%
2026,8,38933,0.50%
2026,8,38948,0.40%
2026,8,38952,3.40%
2026,8,43016,5.30%
2026,8,43060,14.00%
2026,8,43106,17.60%
2026,8,43156,3.10%
2026,8,38245,1.50%
2026,8,38247,7.80%
2026,8,38251,11.70%
2026,8,38453,2.90%
2026,8,38552,4.10%
2026,8,38673,7.80%
2026,8,38884,12.40%
2026,8,38904,2.00%
2026,8,43027,18.10%
2026,8,43032,19.50%
2026,8,43089,2.80%
2026,8,38268,10.20%
2026,8,38286,15.20%
2026,8,38601,4.40%
2026,8,38642,2.00%
2026,8,38729,9.00%
2026,8,38809,0.20%
2026,8,38812,2.90%
2026,8,38832,0.70%
2026,8,38899,1.30%
2026,8,38997,4.30%
2026,8,38262,12.20%
2026,8,38355,2.10%
2026,8,38392,4.90%
2026,8,38473,11.80%
2026,8,38506,8.80%
2026,8,38563,13.40%
2026,8,38630,2.40%
2026,8,38734,12.30%
2026,8,38891,13.70%
2026,8,38912,6.30%
2026,8,38974,7.60%
2026,8,43063,4.30%
2026,8,43185,9.20%
2026,8,38265,31.80%
2026,8,38412,0.70%
2026,8,38450,6.20%
2026,8,38737,1.70%
2026,8,38848,4.60%
2026,8,38934,1.20%
2026,8,38999,3.00%
2026,8,43076,2.60%
2026,8,38683,1.10%
2026,8,38726,10.00%
2026,8,38743,0.80%
2026,8,38873,5.00%
2026,8,43003,0.80%
2026,8,43042,2.90%
2026,8,43096,10.40%
2026,8,38283,0.80%
2026,8,38342,7.60%
2026,8,38353,2.00%
2026,8,38591,0.90%
2026,8,38666,0.20%
2026,8,38685,6.20%
2026,8,38693,2.10%
2026,8,38797,0.60%
2026,8,38985,0.80%
2026,8,38998,0.50%
2026,8,43110,8.80%
2026,8,43168,0.10%
2026,8,38305,1.80%
2026,8,38860,5.90%
2026,8,38895,4.40%
2026,8,43036,5.30%
2026,8,43040,25.00%
2026,8,43125,5.30%
2026,8,43149,3.70%
2026,8,43155,13.00%
2026,8,38306,3.00%
2026,8,38315,5.90%
2026,8,38520,9.50%
2026,8,38631,4.40%
2026,8,38665,0.30%
2026,8,38669,5.30%
2026,8,38689,0.30%
2026,8,38735,6.70%
2026,8,38818,9.10%
2026,8,38953,0.30%
2026,8,43050,4.20%
2026,8,43071,4.30%
2026,8,38331,1.80%
2026,8,38459,6.90%
2026,8,38565,6.10%
2026,8,38650,4.90%
2026,8,38820,1.40%
2026,8,38947,2.70%
2026,8,38959,6.40%
2026,8,43031,9.50%
2026,8,43056,7.90%
2026,8,38457,6.90%
2026,8,38492,2.90%
2026,8,38618,0.20%
2026,8,38776,11.20%
2026,8,38986,6.90%
2026,8,38320,17.20%
2026,8,38323,3.50%
2026,8,38334,12.30%
2026,8,38350,2.20%
2026,8,38362,2.00%
2026,8,38373,3.40%
2026,8,38388,6.80%
2026,8,38518,4.70%
2026,8,38573,16.60%
2026,8,38574,6.40%
2026,8,38598,2.70%
2026,8,38609,1.20%
2026,8,38705,4.10%
2026,8,38759,12.80%
2026,8,38786,6.30%
2026,8,38826,2.50%
2026,8,38955,5.00%
2026,8,38988,4.20%
2026,8,43054,0.60%
2026,8,43088,16.30%
2026,8,43098,3.50%
2026,8,43133,5.20%
2026,8,43134,2.70%
2026,8,38250,1.50%
2026,8,38295,0.50%
2026,8,38467,3.00%
2026,8,38728,3.90%
2026,8,38757,4.70%
2026,8,38864,1.80%
2026,8,38871,2.00%
2026,8,38886,3.20%
2026,8,38916,0.50%
2026,8,38944,1.60%
2026,8,38976,2.50%
2026,8,43033,3.80%
2026,8,38351,3.20%
2026,8,38375,6.40%
2026,8,38429,3.20%
2026,8,38511,1.70%
2026,8,38567,3.50%
2026,8,38678,7.00%
2026,8,38684,5.70%
2026,8,38716,5.60%
2026,8,38718,6.30%
2026,8,38996,5.60%
2026,8,43034,7.80%
2026,8,38357,0.30%
2026,8,38358,3.40%
2026,8,38790,3.40%
2026,8,38793,9.80%
2026,8,38893,13.80%
2026,8,38908,2.30%
2026,8,38939,4.10%
2026,8,43064,7.10%
2026,8,43170,4.60%
2026,8,38502,0.40%
2026,8,38594,2.00%
2026,8,38657,2.50%
2026,8,38659,0.60%
2026,8,38800,1.60%
2026,8,38801,1.90%
2026,8,38855,5.90%
2026,8,43026,3.10%
2026,8,43163,5.50%
2026,8,43169,1.70%
2026,8,38193,0.10%
2026,8,38372,2.60%
2026,8,38416,5.30%
2026,8,38499,2.50%
2026,8,38530,1.50%
2026,8,38549,2.50%
2026,8,38587,10.90%
2026,8,38715,1.10%
2026,8,38951,4.90%
2026,8,43105,0.50%
2026,8,38117,9.20%
2026,8,38176,14.80%
2026,8,38197,10.10%
2026,8,38427,4.80%
2026,8,38458,4.30%
2026,8,38475,11.50%
2026,8,38561,5.90%
2026,8,38590,9.30%
2026,8,38656,13.90%
2026,8,38695,5.00%
2026,8,38770,4.30%
2026,8,38859,4.80%
2026,8,43152,8.80%
2026,8,38126,3.50%
2026,8,38179,0.20%
2026,8,38185,2.90%
2026,8,38292,9.50%
2026,8,38439,2.80%
2026,8,38452,4.10%
2026,8,38466,0.60%
2026,8,38553,0.20%
2026,8,38568,1.50%
2026,8,38799,3.80%
2026,8,38815,7.00%
2026,8,38918,4.60%
2026,8,43107,4.20%
2026,8,38178,3.20%
2026,8,38199,5.50%
2026,8,38238,0.70%
2026,8,38244,0.20%
2026,8,38276,2.60%
2026,8,38303,0.20%
2026,8,38510,1.80%
2026,8,38603,0.10%
2026,8,38739,0.20%
2026,8,38844,0.80%
2026,8,38970,0.10%
2026,8,38333,9.70%
2026,8,38339,11.30%
2026,8,38368,6.70%
2026,8,38401,9.00%
2026,8,38456,11.80%
2026,8,38515,11.80%
2026,8,38604,4.70%
2026,8,38862,9.70%
2026,8,38894,5.10%
2026,8,43193,5.00%
2026,8,38377,8.10%
2026,8,38480,7.40%
2026,8,38559,7.40%
2026,8,38629,12.00%
2026,8,38750,0.10%
2026,8,38846,19.30%
2026,8,38882,16.50%
2026,8,43055,11.20%
2026,8,43135,11.50%
2026,8,38154,2.40%
2026,8,38221,4.20%
2026,8,38228,8.40%
2026,8,38241,5.30%
2026,8,38314,3.40%
2026,8,38324,1.30%
2026,8,38384,2.50%
2026,8,38592,7.30%
2026,8,38679,2.90%
2026,8,43030,6.50%
2026,8,43151,14.30%
2026,8,38348,1.60%
2026,8,38396,1.50%
2026,8,38410,8.80%
2026,8,38451,2.40%
2026,8,38536,4.80%
2026,8,38550,8.20%
2026,8,38649,1.80%
2026,8,38682,3.10%
2026,8,43044,1.00%
2026,8,43157,0.90%
2026,8,38255,9.70%
2026,8,38302,7.00%
2026,8,38311,13.70%
2026,8,38434,8.10%
2026,8,38714,12.50%
2026,8,38745,8.80%
2026,8,38814,16.00%
2026,8,38980,4.50%
2026,8,43092,12.40%
2026,8,43145,25.30%
2026,8,43171,7.90%
2026,8,43174,17.50%
2026,8,38300,1.60%
2026,8,38316,0.10%
2026,8,38329,0.10%
2026,8,38655,0.30%
2026,8,38758,0.40%
2026,8,43000,0.50%
2026,8,38337,0.20%
2026,8,38476,0.10%
2026,8,38621,0.00%
2026,8,38707,4.50%
2026,8,38892,0.50%
2026,8,38971,0.10%
2026,8,38973,11.60%
2026,8,38321,0.80%
2026,8,38325,1.20%
2026,8,38341,3.80%
2026,8,38490,2.80%
2026,8,38708,2.00%
2026,8,38909,0.20%
2026,8,38927,0.60%
2026,8,38932,2.90%
2026,8,38960,0.40%
2026,8,38170,2.70%
2026,8,38218,5.50%
2026,8,38237,3.00%
2026,8,38249,20.50%
2026,8,38287,2.60%
2026,8,38290,7.00%
2026,8,38304,6.00%
2026,8,38330,21.40%
2026,8,38905,1.60%
2026,8,38978,4.00%
2026,8,38431,8.10%
2026,8,38529,4.00%
2026,8,38811,13.00%
2026,8,38903,7.60%
2026,8,38924,16.20%
2026,8,38930,5.90%
2026,8,38937,10.80%
2026,8,38965,4.20%
2026,8,38992,5.20%
2026,8,38995,8.30%
2026,8,38123,8.80%
2026,8,38155,7.20%
2026,8,38203,5.80%
2026,8,38234,4.50%
2026,8,38376,4.90%
2026,8,38463,8.60%
2026,8,38465,8.10%
2026,8,38487,0.80%
2026,8,38497,10.20%
2026,8,38632,0.00%
2026,8,38762,1.90%
2026,8,38785,4.10%
2026,8,43123,10.90%
2026,8,38201,3.90%
2026,8,38223,4.70%
2026,8,38224,5.80%
2026,8,38584,0.40%
2026,8,38742,2.30%
2026,8,38907,4.00%
2026,8,38278,2.10%
2026,8,38282,2.50%
2026,8,38310,2.80%
2026,8,38443,1.10%
2026,8,38531,9.50%
2026,8,38643,1.50%
2026,8,38870,8.30%
2026,8,38920,12.70%
2026,8,43018,4.30%
2026,8,38151,
2026,8,38167,
2026,8,38171,
2026,8,38182,
2026,8,38206,
2026,8,38215,
2026,8,38297,
2026,8,38299,
2026,8,38385,
2026,8,38420,
2026,8,38478,
2026,8,38576,
2026,8,38641,
2026,8,38688,
2026,8,38775,
2026,8,38795,
2026,8,38796,
2026,8,38803,
2026,8,38822,
2026,8,38833,
2026,8,38877,
2026,8,38901,
2026,8,38906,
2026,8,38910,
2026,8,38911,
2026,8,38929,
2026,8,38943,
2026,8,43038,
2026,8,43039,
2026,8,43082,
2026,8,43083,
2026,8,43162,
2026,9,38209,0.20%
2026,9,38317,0.80%
2026,9,38489,0.30%
2026,9,38589,4.90%
2026,9,38843,1.20%
2026,9,38872,18.60%
2026,9,38950,1.80%
2026,9,38989,3.20%
2026,9,43029,3.10%
2026,9,38101,0.50%
2026,9,38240,0.80%
2026,9,38285,0.70%
2026,9,38291,1.00%
2026,9,38389,2.50%
2026,9,38404,5.60%
2026,9,38422,3.40%
2026,9,38433,2.20%
2026,9,38555,2.30%
2026,9,38613,14.90%
2026,9,38654,1.70%
2026,9,38681,4.30%
2026,9,43188,1.70%
2026,9,38183,0.80%
2026,9,38387,11.70%
2026,9,38577,3.30%
2026,9,38721,1.80%
2026,9,38732,1.00%
2026,9,38736,0.40%
2026,9,38813,0.60%
2026,9,38821,0.90%
2026,9,38857,7.50%
2026,9,43008,5.00%
2026,9,43124,8.20%
2026,9,38344,6.30%
2026,9,38635,8.50%
2026,9,38858,0.50%
2026,9,38109,9.10%
2026,9,38173,1.60%
2026,9,38312,2.70%
2026,9,38378,4.40%
2026,9,38423,0.90%
2026,9,38432,4.30%
2026,9,38440,1.00%
2026,9,38483,5.80%
2026,9,38498,1.00%
2026,9,38504,5.10%
2026,9,38554,0.00%
2026,9,38556,1.40%
2026,9,38558,6.20%
2026,9,38602,5.10%
2026,9,38658,3.20%
2026,9,38752,7.20%
2026,9,38850,1.90%
2026,9,38113,3.80%
2026,9,38139,4.70%
2026,9,38152,13.60%
2026,9,38208,15.90%
2026,9,38239,8.80%
2026,9,38365,5.70%
2026,9,38417,8.90%
2026,9,38430,3.50%
2026,9,38484,15.20%
2026,9,38585,9.20%
2026,9,38620,5.20%
2026,9,38663,10.80%
2026,9,43025,7.60%
2026,9,38111,4.60%
2026,9,38118,3.90%
2026,9,38194,6.80%
2026,9,38219,2.20%
2026,9,38349,10.50%
2026,9,38399,4.60%
2026,9,38405,2.20%
2026,9,38557,3.30%
2026,9,38581,4.90%
2026,9,38600,0.10%
2026,9,38612,5.80%
2026,9,38676,202.90%
2026,9,38982,7.20%
2026,9,38107,3.90%
2026,9,38116,6.30%
2026,9,38124,4.20%
2026,9,38129,5.80%
2026,9,38169,9.00%
2026,9,38398,9.20%
2026,9,38428,7.50%
2026,9,38447,0.90%
2026,9,38544,6.00%
2026,9,38571,2.40%
2026,9,38580,6.40%
2026,9,38615,4.00%
2026,9,38691,11.90%
2026,9,43159,14.40%
2026,9,38226,11.20%
2026,9,38279,0.80%
2026,9,38289,6.60%
2026,9,38418,1.50%
2026,9,38419,0.60%
2026,9,38468,3.70%
2026,9,38477,0.80%
2026,9,38496,5.70%
2026,9,38611,7.40%
2026,9,38645,0.50%
2026,9,38725,6.10%
2026,9,43070,4.80%
2026,9,38131,9.50%
2026,9,38172,3.30%
2026,9,38402,4.40%
2026,9,38406,3.50%
2026,9,38543,4.80%
2026,9,38560,8.80%
2026,9,38605,6.70%
2026,9,38625,18.70%
2026,9,38771,0.40%
2026,9,38784,3.70%
2026,9,38791,0.40%
2026,9,38806,6.10%
2026,9,38866,2.00%
2026,9,38133,2.10%
2026,9,38190,2.80%
2026,9,38192,0.60%
2026,9,38280,3.80%
2026,9,38634,0.50%
2026,9,38638,8.80%
2026,9,38804,0.20%
2026,9,38949,3.10%
2026,9,43069,2.50%
2026,9,43074,3.00%
2026,9,43166,3.50%
2026,9,38146,6.40%
2026,9,38157,1.00%
2026,9,38519,1.90%
2026,9,38698,1.00%
2026,9,38761,3.10%
2026,9,38768,3.40%
2026,9,38819,2.40%
2026,9,38831,1.60%
2026,9,38840,5.30%
2026,9,38897,5.70%
2026,9,43009,7.30%
2026,9,38114,7.20%
2026,9,38360,11.00%
2026,9,38367,3.70%
2026,9,38379,1.80%
2026,9,38393,7.30%
2026,9,38469,6.00%
2026,9,38471,5.30%
2026,9,38472,4.90%
2026,9,38494,7.80%
2026,9,38637,2.40%
2026,9,38817,7.00%
2026,9,38964,3.30%
2026,9,38164,9.10%
2026,9,38222,1.90%
2026,9,38264,1.80%
2026,9,38599,5.00%
2026,9,38690,7.30%
2026,9,38731,3.80%
2026,9,38756,0.60%
2026,9,38787,1.50%
2026,9,38942,4.20%
2026,9,43100,4.40%
2026,9,38204,2.70%
2026,9,38359,0.90%
2026,9,38876,14.00%
2026,9,38917,4.30%
2026,9,43021,7.20%
2026,9,38217,0.60%
2026,9,38257,2.10%
2026,9,38516,0.30%
2026,9,38610,0.20%
2026,9,38993,1.90%
2026,9,43086,1.10%
2026,9,43146,1.70%
2026,9,38211,3.10%
2026,9,38214,4.10%
2026,9,38354,6.30%
2026,9,38370,3.90%
2026,9,38639,3.00%
2026,9,38711,6.70%
2026,9,38723,1.50%
2026,9,38889,0.90%
2026,9,38972,3.80%
2026,9,38990,12.70%
2026,9,43001,3.30%
2026,9,38134,1.70%
2026,9,38260,2.00%
2026,9,38340,5.10%
2026,9,38464,9.00%
2026,9,38482,12.80%
2026,9,38501,7.70%
2026,9,38513,2.80%
2026,9,38526,3.90%
2026,9,38569,5.30%
2026,9,38570,8.80%
2026,9,38579,7.20%
2026,9,38619,10.90%
2026,9,38888,2.50%
2026,9,38941,2.30%
2026,9,38296,5.90%
2026,9,38328,2.20%
2026,9,38435,0.10%
2026,9,38488,4.90%
2026,9,38712,13.00%
2026,9,38744,0.40%
2026,9,38805,0.70%
2026,9,38828,4.20%
2026,9,38928,3.20%
2026,9,38975,8.20%
2026,9,43186,2.80%
2026,9,38408,2.20%
2026,9,38525,2.20%
2026,9,38738,0.10%
2026,9,38781,1.90%
2026,9,38839,3.90%
2026,9,38946,5.60%
2026,9,38966,6.50%
2026,9,38967,1.20%
2026,9,38267,3.50%
2026,9,38503,3.00%
2026,9,38760,0.30%
2026,9,38825,0.10%
2026,9,38842,2.00%
2026,9,38919,1.20%
2026,9,38923,3.50%
2026,9,38979,1.40%
2026,9,38991,1.30%
2026,9,43190,2.90%
2026,9,38273,0.20%
2026,9,38275,0.20%
2026,9,38335,0.40%
2026,9,38454,0.30%
2026,9,38593,0.40%
2026,9,38887,0.10%
2026,9,38956,0.30%
2026,9,38983,4.70%
2026,9,43114,0.90%
2026,9,43115,6.40%
2026,9,43138,2.40%
2026,9,38436,2.60%
2026,9,38491,1.00%
2026,9,38782,7.10%
2026,9,38890,0.60%
2026,9,43010,14.10%
2026,9,43113,4.60%
2026,9,38236,7.20%
2026,9,38309,3.90%
2026,9,38397,3.40%
2026,9,38413,3.20%
2026,9,38566,2.90%
2026,9,38614,2.20%
2026,9,38636,3.30%
2026,9,38648,3.70%
2026,9,38696,1.20%
2026,9,38838,5.90%
2026,9,43118,1.80%
2026,9,43137,2.90%
2026,9,38159,1.40%
2026,9,38338,0.10%
2026,9,38345,1.80%
2026,9,38479,9.40%
2026,9,38647,5.90%
2026,9,38868,1.00%
2026,9,38881,0.60%
2026,9,38931,1.40%
2026,9,38938,4.40%
2026,9,38969,1.20%
2026,9,38137,2.80%
2026,9,38143,6.80%
2026,9,38144,6.90%
2026,9,38153,5.10%
2026,9,38195,2.90%
2026,9,38229,15.00%
2026,9,38624,5.20%
2026,9,38640,4.80%
2026,9,38660,6.60%
2026,9,38994,3.90%
2026,9,43172,9.10%
2026,9,38210,0.90%
2026,9,38242,2.50%
2026,9,38288,3.20%
2026,9,38346,3.00%
2026,9,38381,1.60%
2026,9,38517,0.70%
2026,9,38523,4.60%
2026,9,38713,5.50%
2026,9,38863,1.50%
2026,9,38879,2.00%
2026,9,38162,13.50%
2026,9,38177,8.10%
2026,9,38213,4.20%
2026,9,38332,0.60%
2026,9,38352,2.20%
2026,9,38356,4.00%
2026,9,38449,6.50%
2026,9,38542,2.50%
2026,9,38575,5.50%
2026,9,38588,6.70%
2026,9,38861,1.90%
2026,9,43046,2.10%
2026,9,43051,12.50%
2026,9,38409,2.70%
2026,9,38448,6.30%
2026,9,38486,1.80%
2026,9,38551,6.10%
2026,9,38583,0.30%
2026,9,38675,2.60%
2026,9,38702,0.70%
2026,9,38703,2.60%
2026,9,43057,1.40%
2026,9,43084,1.40%
2026,9,43148,2.00%
2026,9,38147,3.20%
2026,9,38163,8.80%
2026,9,38174,10.80%
2026,9,38407,1.20%
2026,9,38672,2.30%
2026,9,38699,0.70%
2026,9,38700,0.50%
2026,9,38733,3.00%
2026,9,38753,0.70%
2026,9,38754,0.10%
2026,9,43047,9.40%
2026,9,43129,1.80%
2026,9,38121,9.10%
2026,9,38366,4.50%
2026,9,38386,4.10%
2026,9,38461,8.30%
2026,9,38538,9.90%
2026,9,38644,0.50%
2026,9,38709,14.20%
2026,9,38717,13.50%
2026,9,38722,4.80%
2026,9,38727,6.30%
2026,9,38773,3.90%
2026,9,43041,7.20%
2026,9,38103,7.10%
2026,9,38104,9.50%
2026,9,38106,4.90%
2026,9,38112,5.60%
2026,9,38188,9.80%
2026,9,38227,8.00%
2026,9,38617,19.80%
2026,9,38646,9.10%
2026,9,38692,9.00%
2026,9,38730,5.10%
2026,9,38746,1.20%
2026,9,38954,2.30%
2026,9,43142,5.40%
2026,9,38115,14.30%
2026,9,38119,13.80%
2026,9,38142,6.70%
2026,9,38149,11.90%
2026,9,38266,21.20%
2026,9,38270,18.00%
2026,9,38363,13.90%
2026,9,38394,11.80%
2026,9,38507,11.20%
2026,9,38535,10.70%
2026,9,38925,17.00%
2026,9,43043,11.40%
2026,9,43130,13.10%
2026,9,38108,6.70%
2026,9,38110,0.80%
2026,9,38128,0.50%
2026,9,38187,2.00%
2026,9,38191,2.80%
2026,9,38202,2.50%
2026,9,38220,3.80%
2026,9,38382,0.50%
2026,9,38415,0.60%
2026,9,38481,1.60%
2026,9,38522,5.30%
2026,9,38541,4.60%
2026,9,38597,10.00%
2026,9,38627,1.40%
2026,9,38136,13.40%
2026,9,38186,10.50%
2026,9,38230,7.30%
2026,9,38374,11.60%
2026,9,38442,9.60%
2026,9,38460,3.30%
2026,9,38606,9.00%
2026,9,38661,16.30%
2026,9,38674,11.60%
2026,9,38694,2.20%
2026,9,38792,7.90%
2026,9,38845,5.00%
2026,9,38138,4.10%
2026,9,38141,5.60%
2026,9,38319,1.70%
2026,9,38441,5.90%
2026,9,38547,7.80%
2026,9,38668,4.40%
2026,9,38841,3.70%
2026,9,38896,14.10%
2026,9,38987,5.30%
2026,9,43059,3.10%
2026,9,43068,1.00%
2026,9,38158,6.00%
2026,9,38166,6.20%
2026,9,38390,1.30%
2026,9,38400,0.50%
2026,9,38445,1.50%
2026,9,38512,11.50%
2026,9,38532,9.30%
2026,9,38751,6.50%
2026,9,38755,0.10%
2026,9,38777,1.80%
2026,9,38780,5.10%
2026,9,38798,2.20%
2026,9,38810,1.60%
2026,9,38180,0.50%
2026,9,38184,2.50%
2026,9,38198,0.40%
2026,9,38533,3.20%
2026,9,38540,1.70%
2026,9,38564,1.00%
2026,9,38741,5.50%
2026,9,38765,0.90%
2026,9,38788,4.80%
2026,9,38865,8.40%
2026,9,38968,4.20%
2026,9,38196,2.20%
2026,9,38246,13.20%
2026,9,38254,7.80%
2026,9,38263,7.80%
2026,9,38336,17.70%
2026,9,38596,12.40%
2026,9,38830,3.90%
2026,9,38883,11.30%
2026,9,38898,4.40%
2026,9,38935,12.20%
2026,9,38958,12.50%
2026,9,38963,12.40%
2026,9,43005,13.80%
2026,9,38205,14.20%
2026,9,38207,1.90%
2026,9,38371,19.30%
2026,9,38411,22.60%
2026,9,38527,6.10%
2026,9,38546,13.30%
2026,9,38651,7.70%
2026,9,38677,16.80%
2026,9,38719,17.00%
2026,9,38837,15.20%
2026,9,43111,23.00%
2026,9,43132,17.80%
2026,9,43194,6.00%
2026,9,43195,3.10%
2026,9,38248,0.50%
2026,9,38256,0.00%
2026,9,38671,3.70%
2026,9,38680,3.10%
2026,9,38808,1.10%
2026,9,38816,3.80%
2026,9,38875,1.40%
2026,9,38984,8.30%
2026,9,43007,6.00%
2026,9,43019,2.10%
2026,9,43154,14.40%
2026,9,38258,4.60%
2026,9,38313,2.80%
2026,9,38322,0.30%
2026,9,38380,2.10%
2026,9,38545,1.20%
2026,9,38582,8.30%
2026,9,38670,9.50%
2026,9,38836,1.30%
2026,9,38869,3.10%
2026,9,38874,11.60%
2026,9,38977,7.30%
2026,9,43143,3.50%
2026,9,38122,6.30%
2026,9,38148,4.00%
2026,9,38150,19.90%
2026,9,38189,4.00%
2026,9,38225,0.30%
2026,9,38233,2.40%
2026,9,38361,8.10%
2026,9,38414,0.10%
2026,9,38438,5.00%
2026,9,38485,6.80%
2026,9,38508,4.40%
2026,9,38534,2.90%
2026,9,38578,6.50%
2026,9,38607,7.80%
2026,9,38633,5.00%
2026,9,38704,0.30%
2026,9,38747,0.50%
2026,9,38749,12.00%
2026,9,38769,2.80%
2026,9,38829,4.70%
2026,9,38847,12.30%
2026,9,38957,8.80%
2026,9,43011,4.30%
2026,9,43147,8.80%
2026,9,38243,11.50%
2026,9,38252,5.50%
2026,9,38271,1.00%
2026,9,38274,4.70%
2026,9,38277,8.40%
2026,9,38307,1.40%
2026,9,38326,0.40%
2026,9,38383,10.50%
2026,9,38446,0.50%
2026,9,38509,6.00%
2026,9,38539,1.80%
2026,9,38664,3.80%
2026,9,38740,1.50%
2026,9,38763,8.90%
2026,9,38778,0.10%
2026,9,38779,11.70%
2026,9,38922,7.60%
2026,9,38952,2.00%
2026,9,43016,2.30%
2026,9,43060,10.80%
2026,9,43106,11.20%
2026,9,43156,3.30%
2026,9,38245,0.90%
2026,9,38247,11.30%
2026,9,38251,10.90%
2026,9,38453,3.70%
2026,9,38552,3.70%
2026,9,38673,7.30%
2026,9,38884,8.90%
2026,9,38904,1.90%
2026,9,43027,14.70%
2026,9,43032,18.60%
2026,9,43089,2.00%
2026,9,38268,10.00%
2026,9,38286,10.30%
2026,9,38601,3.90%
2026,9,38642,1.50%
2026,9,38729,10.50%
2026,9,38809,0.10%
2026,9,38812,3.70%
2026,9,38832,0.40%
2026,9,38899,1.70%
2026,9,38997,8.60%
2026,9,38262,12.40%
2026,9,38355,2.90%
2026,9,38392,4.50%
2026,9,38473,10.50%
2026,9,38506,6.30%
2026,9,38563,11.10%
2026,9,38630,1.10%
2026,9,38734,10.00%
2026,9,38891,11.00%
2026,9,38912,4.90%
2026,9,38974,6.30%
2026,9,43063,3.30%
2026,9,43185,9.30%
2026,9,38265,18.50%
2026,9,38412,0.30%
2026,9,38450,1.90%
2026,9,38737,0.90%
2026,9,38848,2.90%
2026,9,38934,1.80%
2026,9,38999,4.80%
2026,9,43076,1.90%
2026,9,38683,4.80%
2026,9,38726,7.50%
2026,9,38743,1.20%
2026,9,38873,5.90%
2026,9,43003,3.90%
2026,9,43042,6.10%
2026,9,43096,10.60%
2026,9,38283,1.10%
2026,9,38342,11.60%
2026,9,38353,1.10%
2026,9,38524,0.80%
2026,9,38591,1.20%
2026,9,38666,0.40%
2026,9,38685,6.10%
2026,9,38693,3.40%
2026,9,38797,2.10%
2026,9,38985,2.80%
2026,9,38998,0.20%
2026,9,43110,7.50%
2026,9,43168,0.20%
2026,9,38305,2.70%
2026,9,38860,5.20%
2026,9,38895,4.90%
2026,9,43036,2.80%
2026,9,43040,22.30%
2026,9,43125,5.60%
2026,9,43149,3.90%
2026,9,43155,12.70%
2026,9,38306,3.20%
2026,9,38315,6.20%
2026,9,38520,9.00%
2026,9,38631,7.70%
2026,9,38665,0.10%
2026,9,38669,4.10%
2026,9,38689,0.80%
2026,9,38735,5.00%
2026,9,38818,7.40%
2026,9,38953,0.90%
2026,9,43050,5.90%
2026,9,43071,3.10%
2026,9,38331,1.50%
2026,9,38459,7.40%
2026,9,38565,11.00%
2026,9,38650,4.30%
2026,9,38820,1.10%
2026,9,38947,5.40%
2026,9,38959,4.20%
2026,9,43031,6.80%
2026,9,43056,8.30%
2026,9,38457,6.00%
2026,9,38492,3.40%
2026,9,38618,0.80%
2026,9,38776,9.50%
2026,9,38986,7.00%
2026,9,38320,19.20%
2026,9,38323,3.80%
2026,9,38334,9.90%
2026,9,38350,2.30%
2026,9,38362,2.80%
2026,9,38373,4.70%
2026,9,38388,5.50%
2026,9,38518,3.40%
2026,9,38573,19.00%
2026,9,38574,9.80%
2026,9,38598,1.50%
2026,9,38609,1.50%
2026,9,38705,5.00%
2026,9,38759,11.20%
2026,9,38786,5.40%
2026,9,38826,4.60%
2026,9,38955,4.00%
2026,9,38988,5.30%
2026,9,43054,2.00%
2026,9,43088,14.70%
2026,9,43098,3.20%
2026,9,43133,7.00%
2026,9,43134,4.40%
2026,9,38250,1.70%
2026,9,38295,0.50%
2026,9,38467,4.20%
2026,9,38728,6.40%
2026,9,38757,5.50%
2026,9,38864,3.10%
2026,9,38871,2.50%
2026,9,38886,4.10%
2026,9,38916,1.00%
2026,9,38944,1.20%
2026,9,38976,2.40%
2026,9,43033,4.00%
2026,9,38351,4.10%
2026,9,38375,7.80%
2026,9,38429,1.70%
2026,9,38511,3.60%
2026,9,38567,3.10%
2026,9,38678,7.00%
2026,9,38684,4.40%
2026,9,38716,5.10%
2026,9,38718,7.60%
2026,9,38996,9.80%
2026,9,43034,6.00%
2026,9,38357,0.30%
2026,9,38358,6.60%
2026,9,38790,3.20%
2026,9,38793,7.40%
2026,9,38893,12.60%
2026,9,38908,2.60%
2026,9,38939,4.30%
2026,9,43064,8.70%
2026,9,43170,6.30%
2026,9,38502,0.20%
2026,9,38594,1.20%
2026,9,38657,3.50%
2026,9,38659,0.80%
2026,9,38800,2.10%
2026,9,38801,2.50%
2026,9,38855,3.20%
2026,9,43026,2.70%
2026,9,43163,6.50%
2026,9,43169,1.90%
2026,9,38193,0.30%
2026,9,38372,2.10%
2026,9,38416,7.60%
2026,9,38499,1.90%
2026,9,38530,2.00%
2026,9,38549,2.20%
2026,9,38587,7.20%
2026,9,38715,3.60%
2026,9,38764,0.10%
2026,9,38951,2.00%
2026,9,43105,5.10%
2026,9,38117,9.50%
2026,9,38176,21.10%
2026,9,38197,9.90%
2026,9,38427,4.70%
2026,9,38458,3.70%
2026,9,38475,12.10%
2026,9,38561,5.80%
2026,9,38590,10.50%
2026,9,38656,14.30%
2026,9,38695,5.90%
2026,9,38770,3.80%
2026,9,38859,3.70%
2026,9,43152,8.50%
2026,9,38126,5.70%
2026,9,38179,0.10%
2026,9,38185,3.60%
2026,9,38292,8.90%
2026,9,38439,3.50%
2026,9,38452,4.30%
2026,9,38466,0.70%
2026,9,38553,0.20%
2026,9,38568,0.50%
2026,9,38799,3.20%
2026,9,38815,5.10%
2026,9,38918,6.10%
2026,9,43107,7.30%
2026,9,38178,6.50%
2026,9,38199,4.50%
2026,9,38238,1.30%
2026,9,38244,0.20%
2026,9,38276,6.40%
2026,9,38303,0.20%
2026,9,38510,2.80%
2026,9,38603,0.50%
2026,9,38739,0.80%
2026,9,38844,1.60%
2026,9,38849,0.50%
2026,9,38970,0.30%
2026,9,38333,8.80%
2026,9,38339,9.90%
2026,9,38368,6.50%
2026,9,38401,10.70%
2026,9,38456,12.70%
2026,9,38515,12.30%
2026,9,38604,5.90%
2026,9,38862,9.70%
2026,9,38894,5.00%
2026,9,43193,7.20%
2026,9,38377,5.40%
2026,9,38480,8.20%
2026,9,38559,7.00%
2026,9,38629,6.90%
2026,9,38846,11.80%
2026,9,38882,15.90%
2026,9,43055,9.10%
2026,9,43135,9.80%
2026,9,38154,2.00%
2026,9,38221,3.80%
2026,9,38228,10.20%
2026,9,38241,6.80%
2026,9,38314,2.60%
2026,9,38324,3.10%
2026,9,38384,2.30%
2026,9,38592,5.50%
2026,9,38679,3.60%
2026,9,43030,8.40%
2026,9,43151,15.10%
2026,9,38348,0.80%
2026,9,38396,1.10%
2026,9,38410,6.40%
2026,9,38451,2.00%
2026,9,38536,3.80%
2026,9,38550,0.60%
2026,9,38649,0.90%
2026,9,38682,3.10%
2026,9,43044,0.70%
2026,9,43157,0.60%
2026,9,38255,9.80%
2026,9,38302,11.80%
2026,9,38311,18.00%
2026,9,38434,7.70%
2026,9,38714,10.60%
2026,9,38745,7.40%
2026,9,38814,16.50%
2026,9,38980,3.90%
2026,9,43092,17.90%
2026,9,43145,26.10%
2026,9,43171,6.30%
2026,9,43174,21.20%
2026,9,38300,1.30%
2026,9,38316,0.50%
2026,9,38329,0.10%
2026,9,38655,0.30%
2026,9,38758,0.90%
2026,9,38926,0.10%
2026,9,43000,0.20%
2026,9,38318,0.10%
2026,9,38337,0.10%
2026,9,38476,0.00%
2026,9,38707,0.60%
2026,9,38892,0.20%
2026,9,38971,0.10%
2026,9,38973,6.90%
2026,9,38321,1.10%
2026,9,38325,0.50%
2026,9,38341,10.40%
2026,9,38490,2.40%
2026,9,38708,0.70%
2026,9,38909,0.10%
2026,9,38927,0.40%
2026,9,38932,2.70%
2026,9,38960,2.30%
2026,9,38170,2.50%
2026,9,38218,4.40%
2026,9,38237,2.50%
2026,9,38249,17.00%
2026,9,38287,1.50%
2026,9,38290,2.50%
2026,9,38304,4.90%
2026,9,38330,18.30%
2026,9,38905,1.00%
2026,9,38978,2.00%
2026,9,38431,8.60%
2026,9,38529,6.10%
2026,9,38811,14.60%
2026,9,38903,8.80%
2026,9,38924,16.50%
2026,9,38930,8.80%
2026,9,38937,10.80%
2026,9,38965,3.80%
2026,9,38992,6.70%
2026,9,38995,9.20%
2026,9,38123,8.90%
2026,9,38155,8.00%
2026,9,38203,5.90%
2026,9,38234,2.80%
2026,9,38376,7.30%
2026,9,38463,7.60%
2026,9,38465,6.00%
2026,9,38487,2.10%
2026,9,38497,7.70%
2026,9,38762,1.30%
2026,9,38785,4.90%
2026,9,43123,11.80%
2026,9,38201,3.80%
2026,9,38223,6.70%
2026,9,38224,8.50%
2026,9,38742,2.40%
2026,9,38907,8.50%
2026,9,38278,1.80%
2026,9,38282,0.80%
2026,9,38310,3.80%
2026,9,38443,1.20%
2026,9,38531,6.30%
2026,9,38643,3.40%
2026,9,38870,8.00%
2026,9,38920,7.10%
2026,9,43018,4.60%
2026,9,38171,
2026,9,38206,
2026,9,38297,
2026,9,38299,
2026,9,38385,
2026,9,38395,
2026,9,38576,
2026,9,38641,
2026,9,38795,
2026,9,38796,
2026,9,38803,
2026,9,38822,
2026,9,38827,
2026,9,38877,
2026,9,38901,
2026,9,38906,
2026,9,38910,
2026,9,38929,
2026,9,38943,
2026,9,43039,
2026,9,43082,
2026,9,43083,
2026,9,43162,
2026,9,43176,
2026,10,38209,0.20%
2026,10,38317,1.00%
2026,10,38489,0.40%
2026,10,38589,3.20%
2026,10,38843,4.20%
2026,10,38872,23.90%
2026,10,38950,2.60%
2026,10,38989,5.30%
2026,10,43029,5.10%
2026,10,38101,0.70%
2026,10,38240,0.90%
2026,10,38285,0.70%
2026,10,38291,0.90%
2026,10,38389,1.40%
2026,10,38404,5.50%
2026,10,38422,3.20%
2026,10,38433,2.60%
2026,10,38555,3.40%
2026,10,38613,13.10%
2026,10,38654,1.80%
2026,10,38681,5.60%
2026,10,43188,2.90%
2026,10,38183,1.30%
2026,10,38387,10.30%
2026,10,38577,5.10%
2026,10,38721,4.60%
2026,10,38732,1.50%
2026,10,38736,1.10%
2026,10,38813,0.50%
2026,10,38821,1.30%
2026,10,38857,13.70%
2026,10,43008,5.40%
2026,10,43124,9.60%
2026,10,38344,6.40%
2026,10,38635,7.40%
2026,10,38858,0.40%
2026,10,38109,7.50%
2026,10,38173,3.50%
2026,10,38312,2.00%
2026,10,38378,3.90%
2026,10,38423,1.00%
2026,10,38432,5.00%
2026,10,38440,1.30%
2026,10,38483,7.00%
2026,10,38498,0.70%
2026,10,38504,6.70%
2026,10,38554,0.60%
2026,10,38556,2.00%
2026,10,38558,4.90%
2026,10,38602,4.80%
2026,10,38658,3.60%
2026,10,38752,6.90%
2026,10,38850,2.40%
2026,10,38113,5.10%
2026,10,38139,7.30%
2026,10,38152,14.10%
2026,10,38208,16.10%
2026,10,38239,14.80%
2026,10,38365,5.20%
2026,10,38417,11.00%
2026,10,38430,2.50%
2026,10,38484,15.70%
2026,10,38585,10.00%
2026,10,38620,7.00%
2026,10,38663,11.70%
2026,10,43025,10.30%
2026,10,38111,5.50%
2026,10,38118,3.20%
2026,10,38194,6.80%
2026,10,38219,4.60%
2026,10,38349,10.30%
2026,10,38399,6.80%
2026,10,38405,2.20%
2026,10,38557,3.50%
2026,10,38581,4.90%
2026,10,38600,2.70%
2026,10,38612,6.10%
2026,10,38676,572.70%
2026,10,38982,9.90%
2026,10,38107,8.00%
2026,10,38116,8.10%
2026,10,38124,7.80%
2026,10,38129,5.90%
2026,10,38169,7.80%
2026,10,38398,6.60%
2026,10,38428,9.20%
2026,10,38447,1.20%
2026,10,38544,4.30%
2026,10,38571,3.40%
2026,10,38580,5.80%
2026,10,38615,6.40%
2026,10,38691,10.80%
2026,10,43159,10.70%
2026,10,38226,13.10%
2026,10,38279,1.00%
2026,10,38289,4.20%
2026,10,38418,1.40%
2026,10,38419,0.70%
2026,10,38468,5.20%
2026,10,38477,1.50%
2026,10,38496,6.80%
2026,10,38611,7.60%
2026,10,38645,0.20%
2026,10,38725,6.50%
2026,10,43070,6.00%
2026,10,38131,8.50%
2026,10,38172,3.10%
2026,10,38402,4.90%
2026,10,38406,3.80%
2026,10,38543,3.70%
2026,10,38560,7.50%
2026,10,38605,6.90%
2026,10,38625,7.20%
2026,10,38771,0.90%
2026,10,38784,3.50%
2026,10,38791,0.10%
2026,10,38806,8.60%
2026,10,38866,1.60%
2026,10,38133,2.10%
2026,10,38190,3.50%
2026,10,38192,0.50%
2026,10,38280,5.20%
2026,10,38634,0.30%
2026,10,38638,8.60%
2026,10,38804,0.20%
2026,10,38949,3.80%
2026,10,43069,4.20%
2026,10,43074,2.90%
2026,10,43166,2.40%
2026,10,38146,13.00%
2026,10,38157,1.80%
2026,10,38519,5.50%
2026,10,38698,5.60%
2026,10,38761,4.00%
2026,10,38768,5.10%
2026,10,38819,7.10%
2026,10,38831,2.30%
2026,10,38840,5.50%
2026,10,38897,4.70%
2026,10,43009,7.80%
2026,10,38114,7.00%
2026,10,38360,12.50%
2026,10,38367,2.90%
2026,10,38379,0.80%
2026,10,38393,7.90%
2026,10,38469,4.90%
2026,10,38471,5.10%
2026,10,38472,3.90%
2026,10,38494,9.10%
2026,10,38637,4.80%
2026,10,38817,9.70%
2026,10,38964,2.20%
2026,10,38164,12.20%
2026,10,38222,2.40%
2026,10,38264,5.70%
2026,10,38599,4.20%
2026,10,38690,8.70%
2026,10,38731,3.30%
2026,10,38756,1.00%
2026,10,38787,0.50%
2026,10,38942,5.90%
2026,10,43100,4.90%
2026,10,38204,4.60%
2026,10,38359,0.80%
2026,10,38876,13.60%
2026,10,38917,9.80%
2026,10,43021,10.40%
2026,10,38217,0.30%
2026,10,38257,3.80%
2026,10,38259,0.10%
2026,10,38516,2.80%
2026,10,38586,0.10%
2026,10,38610,0.70%
2026,10,38993,4.50%
2026,10,43086,5.10%
2026,10,43146,1.20%
2026,10,38211,1.80%
2026,10,38214,5.10%
2026,10,38354,9.50%
2026,10,38370,4.70%
2026,10,38639,2.20%
2026,10,38711,4.90%
2026,10,38723,2.50%
2026,10,38889,0.50%
2026,10,38972,3.40%
2026,10,38990,10.50%
2026,10,43001,2.70%
2026,10,38134,2.40%
2026,10,38260,1.50%
2026,10,38340,6.70%
2026,10,38464,8.40%
2026,10,38482,13.60%
2026,10,38501,6.40%
2026,10,38513,2.10%
2026,10,38526,4.90%
2026,10,38569,4.20%
2026,10,38570,5.70%
2026,10,38579,5.30%
2026,10,38619,8.20%
2026,10,38888,3.00%
2026,10,38941,1.60%
2026,10,38296,2.70%
2026,10,38328,3.70%
2026,10,38435,3.30%
2026,10,38488,3.80%
2026,10,38712,7.70%
2026,10,38744,2.60%
2026,10,38805,3.20%
2026,10,38828,3.30%
2026,10,38928,3.10%
2026,10,38975,7.70%
2026,10,43186,2.20%
2026,10,38408,13.90%
2026,10,38525,5.00%
2026,10,38781,2.80%
2026,10,38839,9.70%
2026,10,38946,12.10%
2026,10,38966,9.60%
2026,10,38967,7.40%
2026,10,38267,3.40%
2026,10,38503,2.80%
2026,10,38760,0.40%
2026,10,38825,0.20%
2026,10,38842,3.30%
2026,10,38919,1.10%
2026,10,38923,3.00%
2026,10,38979,1.60%
2026,10,38991,2.30%
2026,10,43190,4.50%
2026,10,38273,0.20%
2026,10,38275,0.20%
2026,10,38335,0.40%
2026,10,38454,0.70%
2026,10,38593,0.10%
2026,10,38887,0.30%
2026,10,38956,0.30%
2026,10,38983,5.90%
2026,10,43114,1.60%
2026,10,43115,10.50%
2026,10,43138,3.60%
2026,10,38436,2.60%
2026,10,38491,1.10%
2026,10,38782,7.30%
2026,10,38890,0.70%
2026,10,43010,4.00%
2026,10,43113,5.10%
2026,10,38236,7.80%
2026,10,38309,4.00%
2026,10,38397,4.70%
2026,10,38413,2.60%
2026,10,38566,4.60%
2026,10,38614,6.10%
2026,10,38636,4.20%
2026,10,38648,6.60%
2026,10,38696,1.60%
2026,10,38838,3.90%
2026,10,43118,3.10%
2026,10,43137,3.20%
2026,10,38159,2.30%
2026,10,38345,1.80%
2026,10,38479,9.90%
2026,10,38647,8.90%
2026,10,38868,0.90%
2026,10,38881,0.60%
2026,10,38931,2.70%
2026,10,38938,6.10%
2026,10,38969,1.40%
2026,10,38137,2.30%
2026,10,38143,9.40%
2026,10,38144,2.50%
2026,10,38153,9.80%
2026,10,38195,3.20%
2026,10,38229,12.40%
2026,10,38624,6.10%
2026,10,38640,4.90%
2026,10,38660,4.60%
2026,10,38994,4.20%
2026,10,43172,6.20%
2026,10,38210,1.80%
2026,10,38242,2.40%
2026,10,38288,3.00%
2026,10,38346,2.50%
2026,10,38381,1.50%
2026,10,38517,1.40%
2026,10,38523,5.20%
2026,10,38713,5.90%
2026,10,38863,1.40%
2026,10,38879,2.10%
2026,10,38162,15.90%
2026,10,38177,10.90%
2026,10,38213,7.50%
2026,10,38332,0.90%
2026,10,38352,1.50%
2026,10,38356,4.00%
2026,10,38449,5.40%
2026,10,38542,3.40%
2026,10,38575,6.50%
2026,10,38588,7.00%
2026,10,38861,1.00%
2026,10,43046,5.00%
2026,10,43051,12.20%
2026,10,38409,3.90%
2026,10,38448,6.00%
2026,10,38486,1.70%
2026,10,38551,4.80%
2026,10,38583,0.00%
2026,10,38675,1.90%
2026,10,38702,1.00%
2026,10,38703,3.00%
2026,10,43057,0.80%
2026,10,43084,1.30%
2026,10,43148,1.20%
2026,10,38147,3.40%
2026,10,38163,9.50%
2026,10,38174,11.50%
2026,10,38407,2.10%
2026,10,38672,4.60%
2026,10,38699,1.10%
2026,10,38700,0.20%
2026,10,38733,1.90%
2026,10,38753,1.40%
2026,10,38754,0.40%
2026,10,43047,10.50%
2026,10,43129,1.90%
2026,10,38121,9.60%
2026,10,38366,3.40%
2026,10,38386,3.20%
2026,10,38461,7.10%
2026,10,38538,7.80%
2026,10,38644,1.60%
2026,10,38709,16.90%
2026,10,38722,5.60%
2026,10,38727,7.70%
2026,10,38773,3.50%
2026,10,43041,12.80%
2026,10,38103,7.50%
2026,10,38104,11.30%
2026,10,38106,3.90%
2026,10,38112,3.90%
2026,10,38188,14.70%
2026,10,38227,2.40%
2026,10,38617,18.20%
2026,10,38646,6.70%
2026,10,38692,6.80%
2026,10,38730,4.60%
2026,10,38746,0.40%
2026,10,38954,1.10%
2026,10,43142,6.10%
2026,10,38115,13.80%
2026,10,38119,16.00%
2026,10,38142,6.80%
2026,10,38149,13.10%
2026,10,38266,22.90%
2026,10,38270,16.20%
2026,10,38363,12.90%
2026,10,38394,9.10%
2026,10,38507,13.60%
2026,10,38535,10.50%
2026,10,38925,12.70%
2026,10,43043,12.90%
2026,10,43130,15.80%
2026,10,38108,7.30%
2026,10,38110,0.70%
2026,10,38128,0.30%
2026,10,38187,1.80%
2026,10,38191,2.60%
2026,10,38220,7.10%
2026,10,38382,0.40%
2026,10,38415,0.50%
2026,10,38481,1.70%
2026,10,38522,5.00%
2026,10,38541,6.70%
2026,10,38597,5.90%
2026,10,38627,1.20%
2026,10,38136,11.50%
2026,10,38186,11.90%
2026,10,38230,8.40%
2026,10,38374,11.10%
2026,10,38442,10.80%
2026,10,38460,6.10%
2026,10,38606,7.10%
2026,10,38661,13.60%
2026,10,38674,11.70%
2026,10,38694,3.50%
2026,10,38792,8.70%
2026,10,38845,8.10%
2026,10,38138,4.00%
2026,10,38141,6.70%
2026,10,38319,5.10%
2026,10,38441,8.40%
2026,10,38547,8.70%
2026,10,38668,3.90%
2026,10,38841,3.60%
2026,10,38896,16.40%
2026,10,38987,7.00%
2026,10,43059,4.70%
2026,10,43068,1.00%
2026,10,38158,6.00%
2026,10,38166,3.90%
2026,10,38390,1.20%
2026,10,38400,1.00%
2026,10,38445,3.00%
2026,10,38512,12.60%
2026,10,38532,9.20%
2026,10,38751,9.20%
2026,10,38755,0.30%
2026,10,38777,2.40%
2026,10,38780,5.90%
2026,10,38798,5.60%
2026,10,38810,3.70%
2026,10,38180,1.80%
2026,10,38184,3.80%
2026,10,38198,6.40%
2026,10,38533,4.00%
2026,10,38540,4.30%
2026,10,38564,10.80%
2026,10,38741,5.20%
2026,10,38765,2.80%
2026,10,38788,8.90%
2026,10,38865,17.30%
2026,10,38968,7.30%
2026,10,38196,1.70%
2026,10,38246,16.40%
2026,10,38254,9.70%
2026,10,38263,12.50%
2026,10,38336,17.60%
2026,10,38596,18.10%
2026,10,38830,0.60%
2026,10,38883,13.70%
2026,10,38898,2.20%
2026,10,38935,11.30%
2026,10,38958,19.10%
2026,10,38963,19.50%
2026,10,38981,0.00%
2026,10,43005,16.20%
2026,10,38205,13.80%
2026,10,38207,2.60%
2026,10,38371,19.10%
2026,10,38411,22.90%
2026,10,38527,6.90%
2026,10,38546,10.30%
2026,10,38651,9.70%
2026,10,38677,16.20%
2026,10,38719,18.10%
2026,10,38837,17.10%
2026,10,43111,25.60%
2026,10,43132,14.40%
2026,10,43194,9.30%
2026,10,43195,3.40%
2026,10,38248,1.50%
2026,10,38671,4.30%
2026,10,38680,3.20%
2026,10,38808,2.60%
2026,10,38816,5.50%
2026,10,38875,1.10%
2026,10,38984,13.60%
2026,10,43007,3.60%
2026,10,43019,6.20%
2026,10,43154,7.40%
2026,10,38258,2.50%
2026,10,38313,2.50%
2026,10,38322,0.10%
2026,10,38380,1.60%
2026,10,38545,0.20%
2026,10,38582,7.60%
2026,10,38670,4.70%
2026,10,38836,3.40%
2026,10,38869,3.80%
2026,10,38874,15.70%
2026,10,38977,6.60%
2026,10,43143,3.70%
2026,10,38122,4.50%
2026,10,38148,4.90%
2026,10,38150,21.30%
2026,10,38189,2.60%
2026,10,38225,0.50%
2026,10,38233,5.90%
2026,10,38361,7.20%
2026,10,38414,0.50%
2026,10,38438,5.50%
2026,10,38485,5.10%
2026,10,38508,4.00%
2026,10,38534,2.40%
2026,10,38578,4.90%
2026,10,38607,8.70%
2026,10,38633,3.50%
2026,10,38704,0.40%
2026,10,38749,12.50%
2026,10,38769,3.10%
2026,10,38829,5.50%
2026,10,38847,9.70%
2026,10,38957,12.20%
2026,10,43011,4.40%
2026,10,43147,10.70%
2026,10,38243,8.10%
2026,10,38252,8.20%
2026,10,38271,2.00%
2026,10,38274,8.20%
2026,10,38277,9.40%
2026,10,38307,5.70%
2026,10,38326,1.50%
2026,10,38383,12.60%
2026,10,38446,0.30%
2026,10,38509,7.60%
2026,10,38539,1.40%
2026,10,38664,3.50%
2026,10,38667,0.30%
2026,10,38740,1.10%
2026,10,38763,6.50%
2026,10,38778,1.00%
2026,10,38779,13.90%
2026,10,38922,7.10%
2026,10,38933,0.20%
2026,10,38948,0.50%
2026,10,38952,3.50%
2026,10,43016,2.30%
2026,10,43060,10.40%
2026,10,43106,15.40%
2026,10,43156,3.00%
2026,10,38245,1.20%
2026,10,38247,16.90%
2026,10,38251,12.80%
2026,10,38453,1.20%
2026,10,38552,5.60%
2026,10,38673,6.50%
2026,10,38884,12.50%
2026,10,38904,4.20%
2026,10,43027,15.60%
2026,10,43032,21.10%
2026,10,43089,0.90%
2026,10,38268,10.80%
2026,10,38286,14.20%
2026,10,38601,5.20%
2026,10,38642,4.30%
2026,10,38729,8.50%
2026,10,38809,0.40%
2026,10,38812,4.30%
2026,10,38832,0.90%
2026,10,38899,1.30%
2026,10,38997,6.00%
2026,10,38262,14.40%
2026,10,38355,3.00%
2026,10,38392,5.70%
2026,10,38473,12.90%
2026,10,38506,7.10%
2026,10,38563,12.90%
2026,10,38630,2.00%
2026,10,38734,9.10%
2026,10,38891,15.90%
2026,10,38912,4.90%
2026,10,38974,9.30%
2026,10,43063,4.20%
2026,10,43185,12.00%
2026,10,38265,18.70%
2026,10,38412,0.50%
2026,10,38450,2.00%
2026,10,38737,1.90%
2026,10,38848,3.70%
2026,10,38934,0.50%
2026,10,38999,2.00%
2026,10,43076,2.60%
2026,10,38683,5.10%
2026,10,38726,4.40%
2026,10,38743,3.20%
2026,10,38873,5.10%
2026,10,43003,1.80%
2026,10,43042,5.60%
2026,10,43096,8.90%
2026,10,38283,0.70%
2026,10,38342,10.20%
2026,10,38353,2.90%
2026,10,38591,0.20%
2026,10,38666,3.30%
2026,10,38685,12.40%
2026,10,38693,6.00%
2026,10,38797,2.30%
2026,10,38985,5.10%
2026,10,38998,0.20%
2026,10,43110,8.30%
2026,10,38305,2.60%
2026,10,38860,7.20%
2026,10,38895,5.30%
2026,10,43036,4.00%
2026,10,43040,20.50%
2026,10,43125,4.20%
2026,10,43149,3.40%
2026,10,43155,9.90%
2026,10,38306,3.00%
2026,10,38315,7.80%
2026,10,38520,10.50%
2026,10,38631,8.70%
2026,10,38665,0.10%
2026,10,38669,5.70%
2026,10,38689,1.00%
2026,10,38735,4.90%
2026,10,38818,7.00%
2026,10,38953,2.20%
2026,10,43050,6.80%
2026,10,43071,4.60%
2026,10,38331,2.60%
2026,10,38459,6.90%
2026,10,38565,10.10%
2026,10,38650,4.00%
2026,10,38820,0.70%
2026,10,38947,3.20%
2026,10,38959,2.20%
2026,10,43031,4.90%
2026,10,43056,10.30%
2026,10,38457,8.30%
2026,10,38492,3.40%
2026,10,38618,1.50%
2026,10,38776,11.90%
2026,10,38986,6.30%
2026,10,38320,18.10%
2026,10,38323,5.10%
2026,10,38334,10.90%
2026,10,38350,1.80%
2026,10,38362,1.00%
2026,10,38373,6.60%
2026,10,38388,5.40%
2026,10,38518,4.40%
2026,10,38573,16.60%
2026,10,38574,11.40%
2026,10,38598,1.10%
2026,10,38609,2.10%
2026,10,38705,4.50%
2026,10,38759,18.30%
2026,10,38786,7.30%
2026,10,38826,6.70%
2026,10,38955,3.70%
2026,10,38988,16.50%
2026,10,43054,4.60%
2026,10,43088,15.00%
2026,10,43098,3.20%
2026,10,43133,8.20%
2026,10,43134,3.30%
2026,10,38250,1.00%
2026,10,38295,2.10%
2026,10,38467,4.30%
2026,10,38728,3.60%
2026,10,38757,5.60%
2026,10,38864,3.60%
2026,10,38871,1.80%
2026,10,38886,3.80%
2026,10,38916,0.70%
2026,10,38944,3.90%
2026,10,38976,2.50%
2026,10,43033,2.40%
2026,10,43180,1.60%
2026,10,38351,4.00%
2026,10,38375,6.50%
2026,10,38429,2.60%
2026,10,38511,2.30%
2026,10,38567,4.10%
2026,10,38678,7.80%
2026,10,38684,7.00%
2026,10,38716,4.30%
2026,10,38718,7.10%
2026,10,38996,7.10%
2026,10,43034,6.30%
2026,10,38357,0.40%
2026,10,38358,5.30%
2026,10,38790,2.60%
2026,10,38793,8.20%
2026,10,38893,14.90%
2026,10,38908,2.60%
2026,10,38939,3.70%
2026,10,43064,10.40%
2026,10,43170,8.00%
2026,10,38502,0.10%
2026,10,38594,2.10%
2026,10,38657,4.10%
2026,10,38659,0.60%
2026,10,38800,1.70%
2026,10,38801,1.70%
2026,10,38855,1.70%
2026,10,43026,2.50%
2026,10,43163,4.50%
2026,10,43169,1.60%
2026,10,38193,0.10%
2026,10,38372,1.20%
2026,10,38416,7.00%
2026,10,38499,1.40%
2026,10,38530,1.80%
2026,10,38549,2.20%
2026,10,38715,2.60%
2026,10,38764,0.10%
2026,10,38951,1.70%
2026,10,43105,8.90%
2026,10,38117,5.90%
2026,10,38176,25.10%
2026,10,38197,10.80%
2026,10,38427,5.20%
2026,10,38458,4.90%
2026,10,38475,12.40%
2026,10,38561,7.40%
2026,10,38590,11.20%
2026,10,38656,17.90%
2026,10,38695,5.90%
2026,10,38770,4.00%
2026,10,38859,8.10%
2026,10,43152,12.20%
2026,10,38126,5.20%
2026,10,38179,0.40%
2026,10,38185,2.90%
2026,10,38292,9.70%
2026,10,38439,2.40%
2026,10,38452,8.30%
2026,10,38466,1.00%
2026,10,38568,0.70%
2026,10,38799,1.20%
2026,10,38815,4.90%
2026,10,38918,5.80%
2026,10,43107,5.70%
2026,10,38178,33.40%
2026,10,38199,6.50%
2026,10,38238,0.10%
2026,10,38244,8.10%
2026,10,38276,5.80%
2026,10,38303,8.80%
2026,10,38510,6.90%
2026,10,38603,2.30%
2026,10,38739,2.30%
2026,10,38844,3.50%
2026,10,38849,9.70%
2026,10,38970,5.30%
2026,10,38333,8.40%
2026,10,38339,10.70%
2026,10,38368,5.60%
2026,10,38401,12.80%
2026,10,38456,15.90%
2026,10,38515,10.70%
2026,10,38604,8.60%
2026,10,38862,10.80%
2026,10,38894,4.40%
2026,10,43193,6.60%
2026,10,38377,6.30%
2026,10,38480,7.00%
2026,10,38559,7.90%
2026,10,38629,7.80%
2026,10,38750,0.00%
2026,10,38846,9.40%
2026,10,38882,16.30%
2026,10,43055,12.50%
2026,10,43135,12.20%
2026,10,38154,1.70%
2026,10,38221,6.00%
2026,10,38228,9.10%
2026,10,38241,4.90%
2026,10,38314,3.20%
2026,10,38324,0.60%
2026,10,38384,2.20%
2026,10,38592,7.10%
2026,10,38679,2.40%
2026,10,43030,9.90%
2026,10,43151,14.60%
2026,10,38348,1.60%
2026,10,38396,0.70%
2026,10,38410,7.70%
2026,10,38451,2.00%
2026,10,38536,4.00%
2026,10,38550,2.70%
2026,10,38649,0.60%
2026,10,38682,2.50%
2026,10,43044,0.70%
2026,10,43157,0.80%
2026,10,38255,11.10%
2026,10,38302,18.40%
2026,10,38311,18.30%
2026,10,38434,8.70%
2026,10,38714,9.60%
2026,10,38745,9.90%
2026,10,38814,20.30%
2026,10,38980,1.80%
2026,10,43092,16.50%
2026,10,43145,27.50%
2026,10,43171,9.90%
2026,10,43174,15.50%
2026,10,38300,1.70%
2026,10,38316,0.40%
2026,10,38329,0.20%
2026,10,38655,0.50%
2026,10,38758,0.50%
2026,10,43000,0.40%
2026,10,38318,0.10%
2026,10,38337,0.10%
2026,10,38476,0.20%
2026,10,38621,0.10%
2026,10,38707,3.00%
2026,10,38892,0.20%
2026,10,38971,0.20%
2026,10,38973,8.80%
2026,10,38321,1.20%
2026,10,38325,0.60%
2026,10,38341,12.30%
2026,10,38490,2.00%
2026,10,38708,0.40%
2026,10,38909,0.20%
2026,10,38927,0.20%
2026,10,38932,4.80%
2026,10,38960,1.70%
2026,10,38170,3.90%
2026,10,38218,5.50%
2026,10,38237,4.00%
2026,10,38249,23.10%
2026,10,38287,1.50%
2026,10,38290,2.20%
2026,10,38304,4.60%
2026,10,38330,18.90%
2026,10,38905,0.80%
2026,10,38978,5.50%
2026,10,38431,8.70%
2026,10,38529,6.20%
2026,10,38811,16.40%
2026,10,38903,9.50%
2026,10,38924,20.80%
2026,10,38930,8.70%
2026,10,38937,10.90%
2026,10,38965,4.50%
2026,10,38992,9.00%
2026,10,38995,9.60%
2026,10,38123,11.10%
2026,10,38155,12.60%
2026,10,38203,6.90%
2026,10,38234,6.90%
2026,10,38376,17.50%
2026,10,38463,10.40%
2026,10,38465,10.70%
2026,10,38487,2.00%
2026,10,38497,13.80%
2026,10,38762,1.30%
2026,10,38785,5.80%
2026,10,43123,11.90%
2026,10,38201,7.40%
2026,10,38223,4.50%
2026,10,38224,5.50%
2026,10,38584,6.00%
2026,10,38742,1.70%
2026,10,38907,9.30%
2026,10,38278,3.50%
2026,10,38282,1.00%
2026,10,38310,1.20%
2026,10,38443,0.90%
2026,10,38531,18.20%
2026,10,38643,2.80%
2026,10,38870,12.60%
2026,10,38920,12.70%
2026,10,43018,4.30%
2026,10,38151,
2026,10,38161,
2026,10,38171,
2026,10,38206,
2026,10,38297,
2026,10,38298,
2026,10,38299,
2026,10,38385,
2026,10,38420,
2026,10,38521,
2026,10,38688,
2026,10,38789,
2026,10,38795,
2026,10,38796,
2026,10,38803,
2026,10,38822,
2026,10,38877,
2026,10,38906,
2026,10,38910,
2026,10,38911,
2026,10,38929,
2026,10,38943,
2026,10,43038,
2026,10,43039,
2026,10,43082,
2026,10,43083,
2026,10,43162,
2026,11,38209,1.10%
2026,11,38317,1.80%
2026,11,38489,1.20%
2026,11,38589,6.30%
2026,11,38843,5.40%
2026,11,38872,16.60%
2026,11,38950,3.70%
2026,11,38989,10.90%
2026,11,43029,6.30%
2026,11,38101,0.70%
2026,11,38240,2.50%
2026,11,38285,0.50%
2026,11,38291,0.90%
2026,11,38389,3.90%
2026,11,38404,4.10%
2026,11,38422,3.60%
2026,11,38433,3.00%
2026,11,38555,2.50%
2026,11,38613,15.30%
2026,11,38654,3.20%
2026,11,38681,8.00%
2026,11,43188,2.40%
2026,11,38183,1.10%
2026,11,38387,7.90%
2026,11,38577,3.10%
2026,11,38721,4.00%
2026,11,38732,1.70%
2026,11,38736,1.30%
2026,11,38813,0.70%
2026,11,38821,2.00%
2026,11,38857,15.60%
2026,11,43008,5.20%
2026,11,43124,7.10%
2026,11,38344,5.70%
2026,11,38635,7.70%
2026,11,38858,0.40%
2026,11,38109,6.70%
2026,11,38173,3.20%
2026,11,38312,2.50%
2026,11,38378,5.90%
2026,11,38423,0.70%
2026,11,38432,5.90%
2026,11,38440,1.60%
2026,11,38483,6.70%
2026,11,38498,0.70%
2026,11,38504,4.90%
2026,11,38554,1.10%
2026,11,38556,1.70%
2026,11,38558,4.90%
2026,11,38602,4.00%
2026,11,38658,3.60%
2026,11,38752,7.70%
2026,11,38850,3.00%
2026,11,38113,5.90%
2026,11,38139,5.50%
2026,11,38152,8.20%
2026,11,38208,12.50%
2026,11,38239,13.70%
2026,11,38365,4.00%
2026,11,38417,10.50%
2026,11,38430,3.20%
2026,11,38484,14.10%
2026,11,38585,8.70%
2026,11,38620,4.70%
2026,11,38663,8.70%
2026,11,43025,5.80%
2026,11,38111,5.60%
2026,11,38118,4.80%
2026,11,38194,8.50%
2026,11,38219,6.00%
2026,11,38349,8.00%
2026,11,38399,4.60%
2026,11,38405,2.10%
2026,11,38557,3.00%
2026,11,38581,4.20%
2026,11,38600,1.30%
2026,11,38612,4.60%
2026,11,38676,151.30%
2026,11,38982,10.20%
2026,11,38107,9.10%
2026,11,38116,6.60%
2026,11,38124,3.20%
2026,11,38129,6.00%
2026,11,38169,11.70%
2026,11,38398,6.30%
2026,11,38428,8.50%
2026,11,38447,0.90%
2026,11,38544,2.30%
2026,11,38571,3.80%
2026,11,38580,4.40%
2026,11,38615,5.90%
2026,11,38691,7.50%
2026,11,43159,15.30%
2026,11,38226,9.70%
2026,11,38279,0.60%
2026,11,38289,2.80%
2026,11,38418,1.10%
2026,11,38419,0.60%
2026,11,38468,3.70%
2026,11,38477,2.40%
2026,11,38496,6.40%
2026,11,38611,6.90%
2026,11,38645,0.10%
2026,11,38725,5.00%
2026,11,43070,10.60%
2026,11,38131,6.90%
2026,11,38172,2.70%
2026,11,38402,4.10%
2026,11,38406,4.60%
2026,11,38543,4.60%
2026,11,38560,5.50%
2026,11,38605,4.50%
2026,11,38625,2.60%
2026,11,38771,0.90%
2026,11,38784,3.80%
2026,11,38791,0.10%
2026,11,38806,4.00%
2026,11,38866,1.90%
2026,11,38133,1.50%
2026,11,38190,1.80%
2026,11,38192,5.50%
2026,11,38280,2.00%
2026,11,38634,0.50%
2026,11,38638,6.30%
2026,11,38804,0.80%
2026,11,38949,2.20%
2026,11,43069,2.50%
2026,11,43074,3.40%
2026,11,43166,3.30%
2026,11,38146,10.50%
2026,11,38157,1.10%
2026,11,38444,0.00%
2026,11,38519,6.00%
2026,11,38698,4.00%
2026,11,38761,2.80%
2026,11,38768,5.20%
2026,11,38819,6.70%
2026,11,38831,2.30%
2026,11,38840,7.30%
2026,11,38897,4.20%
2026,11,43009,8.70%
2026,11,38114,4.60%
2026,11,38360,10.70%
2026,11,38379,0.80%
2026,11,38393,6.60%
2026,11,38469,3.90%
2026,11,38471,5.00%
2026,11,38472,3.80%
2026,11,38494,6.40%
2026,11,38637,3.50%
2026,11,38817,4.80%
2026,11,38964,2.90%
2026,11,38164,6.80%
2026,11,38222,3.10%
2026,11,38264,3.10%
2026,11,38599,2.50%
2026,11,38690,13.00%
2026,11,38731,3.10%
2026,11,38756,1.00%
2026,11,38787,0.60%
2026,11,38942,6.20%
2026,11,43100,5.70%
2026,11,38204,2.00%
2026,11,38359,3.50%
2026,11,38876,15.70%
2026,11,38917,11.00%
2026,11,43021,14.40%
2026,11,38217,2.70%
2026,11,38257,5.90%
2026,11,38259,0.70%
2026,11,38516,5.90%
2026,11,38586,0.30%
2026,11,38610,1.40%
2026,11,38993,6.60%
2026,11,43086,7.70%
2026,11,43146,2.10%
2026,11,38211,8.80%
2026,11,38214,2.70%
2026,11,38354,8.80%
2026,11,38370,4.80%
2026,11,38639,11.60%
2026,11,38711,4.10%
2026,11,38723,1.80%
2026,11,38889,5.10%
2026,11,38972,8.50%
2026,11,38990,9.30%
2026,11,43001,2.10%
2026,11,38134,2.10%
2026,11,38260,1.40%
2026,11,38340,3.40%
2026,11,38464,6.40%
2026,11,38482,12.00%
2026,11,38501,4.80%
2026,11,38513,3.70%
2026,11,38526,4.70%
2026,11,38569,6.60%
2026,11,38570,6.70%
2026,11,38579,5.70%
2026,11,38619,7.30%
2026,11,38888,2.60%
2026,11,38941,1.00%
2026,11,38296,4.40%
2026,11,38328,5.60%
2026,11,38435,11.50%
2026,11,38488,5.00%
2026,11,38712,4.50%
2026,11,38744,2.60%
2026,11,38805,5.20%
2026,11,38828,6.10%
2026,11,38928,1.80%
2026,11,38975,8.40%
2026,11,43186,8.30%
2026,11,38408,24.10%
2026,11,38525,20.50%
2026,11,38738,8.60%
2026,11,38781,2.40%
2026,11,38839,11.10%
2026,11,38946,9.10%
2026,11,38966,10.70%
2026,11,38967,7.60%
2026,11,38267,9.60%
2026,11,38503,9.70%
2026,11,38760,8.10%
2026,11,38825,1.20%
2026,11,38842,4.90%
2026,11,38919,2.30%
2026,11,38923,2.10%
2026,11,38979,2.00%
2026,11,38991,2.20%
2026,11,43190,8.10%
2026,11,38273,0.50%
2026,11,38275,0.30%
2026,11,38335,0.60%
2026,11,38454,0.40%
2026,11,38593,0.10%
2026,11,38887,0.40%
2026,11,38921,0.30%
2026,11,38956,0.10%
2026,11,38983,4.20%
2026,11,43114,0.80%
2026,11,43115,13.60%
2026,11,43138,3.20%
2026,11,38436,2.60%
2026,11,38491,1.10%
2026,11,38782,5.90%
2026,11,38890,0.90%
2026,11,43010,2.90%
2026,11,43113,7.40%
2026,11,38236,6.30%
2026,11,38309,1.20%
2026,11,38397,4.40%
2026,11,38413,2.50%
2026,11,38566,4.60%
2026,11,38614,2.70%
2026,11,38636,3.70%
2026,11,38648,4.90%
2026,11,38696,0.50%
2026,11,38838,3.80%
2026,11,43118,19.30%
2026,11,43137,4.00%
2026,11,38159,2.00%
2026,11,38345,4.00%
2026,11,38479,8.30%
2026,11,38647,10.30%
2026,11,38868,0.60%
2026,11,38881,0.80%
2026,11,38931,2.20%
2026,11,38938,5.70%
2026,11,38969,1.40%
2026,11,38137,2.50%
2026,11,38143,7.10%
2026,11,38144,10.40%
2026,11,38153,6.70%
2026,11,38195,2.50%
2026,11,38229,8.00%
2026,11,38624,4.90%
2026,11,38640,4.70%
2026,11,38660,4.40%
2026,11,38994,4.50%
2026,11,43172,9.40%
2026,11,38210,1.30%
2026,11,38242,3.00%
2026,11,38288,1.60%
2026,11,38346,4.00%
2026,11,38381,1.20%
2026,11,38517,1.60%
2026,11,38523,3.50%
2026,11,38713,4.40%
2026,11,38863,1.50%
2026,11,38879,1.90%
2026,11,38162,11.30%
2026,11,38177,7.80%
2026,11,38213,5.00%
2026,11,38332,0.60%
2026,11,38352,1.90%
2026,11,38356,2.90%
2026,11,38449,6.70%
2026,11,38542,6.30%
2026,11,38575,6.90%
2026,11,38588,5.20%
2026,11,38861,1.20%
2026,11,43046,3.80%
2026,11,43051,7.80%
2026,11,38409,3.20%
2026,11,38448,5.10%
2026,11,38486,1.00%
2026,11,38551,4.50%
2026,11,38583,0.10%
2026,11,38675,1.80%
2026,11,38702,0.50%
2026,11,38703,1.40%
2026,11,43057,0.60%
2026,11,43084,1.50%
2026,11,43148,1.70%
2026,11,38147,4.40%
2026,11,38163,7.70%
2026,11,38174,8.70%
2026,11,38407,2.00%
2026,11,38672,3.40%
2026,11,38699,1.20%
2026,11,38700,0.30%
2026,11,38733,2.60%
2026,11,38753,1.20%
2026,11,38754,0.30%
2026,11,43047,6.80%
2026,11,43129,2.90%
2026,11,38121,10.10%
2026,11,38366,4.40%
2026,11,38386,3.20%
2026,11,38461,5.70%
2026,11,38538,8.00%
2026,11,38644,1.50%
2026,11,38709,14.60%
2026,11,38722,5.10%
2026,11,38727,8.40%
2026,11,38773,12.90%
2026,11,43041,10.80%
2026,11,38103,5.60%
2026,11,38104,7.80%
2026,11,38106,3.20%
2026,11,38112,4.60%
2026,11,38188,9.60%
2026,11,38227,2.40%
2026,11,38617,17.80%
2026,11,38646,6.50%
2026,11,38692,6.40%
2026,11,38730,3.80%
2026,11,38746,0.50%
2026,11,38954,1.70%
2026,11,43142,5.50%
2026,11,38115,10.90%
2026,11,38119,14.40%
2026,11,38142,5.80%
2026,11,38149,12.70%
2026,11,38266,13.30%
2026,11,38270,14.60%
2026,11,38363,9.80%
2026,11,38394,7.20%
2026,11,38507,13.30%
2026,11,38535,11.00%
2026,11,38925,10.70%
2026,11,43043,11.60%
2026,11,43130,11.90%
2026,11,38108,7.30%
2026,11,38110,0.30%
2026,11,38187,1.30%
2026,11,38191,2.50%
2026,11,38220,4.80%
2026,11,38382,0.30%
2026,11,38415,0.40%
2026,11,38481,0.70%
2026,11,38522,4.30%
2026,11,38541,4.40%
2026,11,38597,9.70%
2026,11,38627,1.50%
2026,11,38136,9.10%
2026,11,38186,11.20%
2026,11,38230,6.40%
2026,11,38374,13.10%
2026,11,38442,10.30%
2026,11,38460,7.60%
2026,11,38606,5.90%
2026,11,38661,13.50%
2026,11,38674,12.00%
2026,11,38694,2.80%
2026,11,38792,6.70%
2026,11,38845,6.50%
2026,11,38138,2.90%
2026,11,38141,7.30%
2026,11,38319,8.80%
2026,11,38441,7.40%
2026,11,38547,7.00%
2026,11,38668,5.80%
2026,11,38841,4.10%
2026,11,38896,4.40%
2026,11,38987,2.30%
2026,11,43059,3.10%
2026,11,43068,1.60%
2026,11,38158,4.50%
2026,11,38166,3.00%
2026,11,38390,0.60%
2026,11,38400,0.60%
2026,11,38445,2.30%
2026,11,38512,12.00%
2026,11,38532,8.70%
2026,11,38751,6.50%
2026,11,38755,0.20%
2026,11,38777,1.90%
2026,11,38780,6.50%
2026,11,38798,4.80%
2026,11,38810,1.20%
2026,11,38180,1.40%
2026,11,38184,2.90%
2026,11,38198,7.00%
2026,11,38533,6.70%
2026,11,38540,7.70%
2026,11,38564,9.40%
2026,11,38741,2.70%
2026,11,38765,11.20%
2026,11,38788,8.00%
2026,11,38865,12.20%
2026,11,38968,8.50%
2026,11,38196,0.80%
2026,11,38246,6.70%
2026,11,38254,13.70%
2026,11,38263,18.30%
2026,11,38336,19.40%
2026,11,38596,5.20%
2026,11,38830,5.30%
2026,11,38883,14.20%
2026,11,38898,1.60%
2026,11,38935,15.00%
2026,11,38958,15.20%
2026,11,38963,18.20%
2026,11,43005,9.40%
2026,11,38205,11.00%
2026,11,38207,2.10%
2026,11,38371,14.90%
2026,11,38411,20.50%
2026,11,38527,7.50%
2026,11,38546,10.90%
2026,11,38651,8.30%
2026,11,38677,15.80%
2026,11,38719,13.20%
2026,11,38837,14.00%
2026,11,43111,23.50%
2026,11,43132,14.20%
2026,11,43194,7.10%
2026,11,43195,3.60%
2026,11,38248,1.80%
2026,11,38671,1.70%
2026,11,38680,1.80%
2026,11,38808,2.30%
2026,11,38816,2.50%
2026,11,38875,7.90%
2026,11,38984,8.70%
2026,11,43007,1.40%
2026,11,43019,3.80%
2026,11,43154,8.80%
2026,11,38258,6.00%
2026,11,38313,3.50%
2026,11,38322,3.10%
2026,11,38380,3.50%
2026,11,38545,0.50%
2026,11,38582,5.30%
2026,11,38670,3.50%
2026,11,38836,5.60%
2026,11,38869,3.30%
2026,11,38874,11.50%
2026,11,38977,6.30%
2026,11,43143,1.40%
2026,11,38122,4.40%
2026,11,38148,6.40%
2026,11,38150,14.20%
2026,11,38189,3.00%
2026,11,38225,1.30%
2026,11,38233,3.10%
2026,11,38361,4.50%
2026,11,38414,0.80%
2026,11,38438,5.60%
2026,11,38485,4.40%
2026,11,38508,3.40%
2026,11,38534,2.60%
2026,11,38578,10.60%
2026,11,38607,11.80%
2026,11,38633,3.10%
2026,11,38704,0.00%
2026,11,38747,0.20%
2026,11,38749,18.70%
2026,11,38769,3.70%
2026,11,38829,2.70%
2026,11,38847,11.60%
2026,11,38957,9.20%
2026,11,43011,5.10%
2026,11,43147,7.20%
2026,11,38243,7.70%
2026,11,38252,6.70%
2026,11,38271,2.70%
2026,11,38274,6.70%
2026,11,38277,6.40%
2026,11,38307,2.90%
2026,11,38326,0.30%
2026,11,38383,13.10%
2026,11,38446,4.10%
2026,11,38509,5.80%
2026,11,38539,0.60%
2026,11,38664,3.40%
2026,11,38667,0.60%
2026,11,38740,1.00%
2026,11,38763,6.00%
2026,11,38778,0.80%
2026,11,38779,13.10%
2026,11,38922,10.00%
2026,11,38933,1.50%
2026,11,38948,0.30%
2026,11,38952,1.80%
2026,11,43016,3.00%
2026,11,43060,9.20%
2026,11,43106,15.50%
2026,11,43156,3.10%
2026,11,38245,1.40%
2026,11,38247,15.00%
2026,11,38251,10.90%
2026,11,38453,4.30%
2026,11,38552,3.90%
2026,11,38673,9.10%
2026,11,38884,10.10%
2026,11,38904,4.40%
2026,11,43027,15.10%
2026,11,43032,11.80%
2026,11,43089,2.00%
2026,11,38268,12.30%
2026,11,38286,10.40%
2026,11,38601,5.00%
2026,11,38642,3.40%
2026,11,38729,7.50%
2026,11,38809,0.60%
2026,11,38812,3.20%
2026,11,38832,0.80%
2026,11,38899,2.60%
2026,11,38997,9.90%
2026,11,38262,14.70%
2026,11,38355,3.70%
2026,11,38392,5.10%
2026,11,38473,11.80%
2026,11,38506,6.80%
2026,11,38563,11.50%
2026,11,38630,1.70%
2026,11,38734,20.10%
2026,11,38891,9.80%
2026,11,38912,4.30%
2026,11,38974,7.90%
2026,11,43063,4.60%
2026,11,43185,13.60%
2026,11,38265,27.60%
2026,11,38412,0.30%
2026,11,38450,1.80%
2026,11,38737,1.10%
2026,11,38848,5.50%
2026,11,38934,2.90%
2026,11,38999,1.80%
2026,11,43076,2.60%
2026,11,38683,6.20%
2026,11,38726,12.20%
2026,11,38743,3.00%
2026,11,38873,7.70%
2026,11,43003,2.90%
2026,11,43042,4.20%
2026,11,43096,9.10%
2026,11,38283,5.20%
2026,11,38342,20.50%
2026,11,38353,5.30%
2026,11,38524,7.90%
2026,11,38591,2.30%
2026,11,38666,4.30%
2026,11,38685,18.70%
2026,11,38693,15.80%
2026,11,38797,6.00%
2026,11,38985,4.30%
2026,11,38998,0.10%
2026,11,43110,17.40%
2026,11,43168,8.30%
2026,11,38305,1.60%
2026,11,38860,5.20%
2026,11,38895,5.10%
2026,11,43036,5.80%
2026,11,43040,16.60%
2026,11,43125,4.30%
2026,11,43149,2.20%
2026,11,43155,8.80%
2026,11,38306,3.40%
2026,11,38315,5.10%
2026,11,38520,9.70%
2026,11,38631,8.60%
2026,11,38665,0.10%
2026,11,38669,5.60%
2026,11,38689,0.50%
2026,11,38735,4.40%
2026,11,38818,7.10%
2026,11,38953,2.80%
2026,11,43050,5.30%
2026,11,43071,4.00%
2026,11,38331,2.40%
2026,11,38459,6.00%
2026,11,38565,5.60%
2026,11,38650,6.30%
2026,11,38820,0.50%
2026,11,38947,1.80%
2026,11,38959,0.70%
2026,11,43031,4.10%
2026,11,43056,8.30%
2026,11,38457,7.30%
2026,11,38492,4.00%
2026,11,38618,1.90%
2026,11,38776,8.40%
2026,11,38986,7.30%
2026,11,38320,16.30%
2026,11,38323,6.40%
2026,11,38334,12.00%
2026,11,38350,2.60%
2026,11,38362,0.20%
2026,11,38373,5.20%
2026,11,38388,6.70%
2026,11,38518,3.20%
2026,11,38573,16.60%
2026,11,38574,10.50%
2026,11,38598,2.20%
2026,11,38609,1.80%
2026,11,38705,5.10%
2026,11,38759,16.20%
2026,11,38786,4.30%
2026,11,38826,5.40%
2026,11,38955,3.30%
2026,11,38988,19.30%
2026,11,43054,2.20%
2026,11,43088,11.30%
2026,11,43098,4.30%
2026,11,43133,7.60%
2026,11,43134,1.40%
2026,11,38250,1.60%
2026,11,38295,1.50%
2026,11,38467,2.80%
2026,11,38728,2.90%
2026,11,38757,3.30%
2026,11,38864,2.00%
2026,11,38871,1.20%
2026,11,38886,0.70%
2026,11,38916,0.70%
2026,11,38944,2.20%
2026,11,38976,2.10%
2026,11,43033,2.40%
2026,11,43180,3.10%
2026,11,38351,3.50%
2026,11,38375,4.90%
2026,11,38429,2.10%
2026,11,38511,1.50%
2026,11,38567,2.60%
2026,11,38678,6.70%
2026,11,38684,6.30%
2026,11,38716,2.90%
2026,11,38718,3.40%
2026,11,38996,3.20%
2026,11,43034,4.30%
2026,11,43164,2.00%
2026,11,38357,1.40%
2026,11,38358,5.00%
2026,11,38790,3.40%
2026,11,38793,6.10%
2026,11,38893,10.40%
2026,11,38908,2.70%
2026,11,38939,3.70%
2026,11,43064,9.80%
2026,11,43170,4.20%
2026,11,38502,0.00%
2026,11,38594,1.00%
2026,11,38657,2.80%
2026,11,38659,0.20%
2026,11,38800,2.10%
2026,11,38801,4.00%
2026,11,38855,1.40%
2026,11,43026,1.10%
2026,11,43163,5.10%
2026,11,43169,1.90%
2026,11,38193,0.10%
2026,11,38372,1.60%
2026,11,38416,6.70%
2026,11,38499,2.10%
2026,11,38530,1.80%
2026,11,38549,2.50%
2026,11,38715,4.00%
2026,11,38764,0.30%
2026,11,38951,1.60%
2026,11,43105,6.70%
2026,11,38117,8.10%
2026,11,38176,17.40%
2026,11,38197,11.00%
2026,11,38427,4.40%
2026,11,38458,3.00%
2026,11,38475,10.20%
2026,11,38561,5.30%
2026,11,38590,8.50%
2026,11,38656,12.70%
2026,11,38695,4.60%
2026,11,38770,3.80%
2026,11,38859,5.60%
2026,11,43152,12.80%
2026,11,38126,6.30%
2026,11,38179,0.00%
2026,11,38185,4.90%
2026,11,38292,8.20%
2026,11,38439,2.10%
2026,11,38452,7.00%
2026,11,38466,1.20%
2026,11,38553,0.10%
2026,11,38568,1.00%
2026,11,38799,2.40%
2026,11,38815,4.10%
2026,11,38918,5.70%
2026,11,43107,5.80%
2026,11,38178,26.60%
2026,11,38199,4.90%
2026,11,38238,0.30%
2026,11,38244,3.30%
2026,11,38276,4.20%
2026,11,38303,10.10%
2026,11,38510,4.00%
2026,11,38603,4.40%
2026,11,38739,1.30%
2026,11,38844,2.50%
2026,11,38849,20.10%
2026,11,38970,4.30%
2026,11,38333,8.40%
2026,11,38339,9.10%
2026,11,38368,4.90%
2026,11,38401,9.70%
2026,11,38456,13.50%
2026,11,38515,10.00%
2026,11,38604,7.40%
2026,11,38862,6.20%
2026,11,38894,5.20%
2026,11,43193,6.00%
2026,11,38377,4.70%
2026,11,38480,6.90%
2026,11,38559,7.00%
2026,11,38629,4.80%
2026,11,38846,6.00%
2026,11,38882,14.60%
2026,11,43055,12.70%
2026,11,43135,9.50%
2026,11,38154,2.30%
2026,11,38221,6.60%
2026,11,38228,8.80%
2026,11,38241,5.80%
2026,11,38314,3.60%
2026,11,38324,2.10%
2026,11,38384,2.00%
2026,11,38592,7.00%
2026,11,38679,1.90%
2026,11,43030,6.60%
2026,11,43151,10.80%
2026,11,38348,1.10%
2026,11,38396,0.40%
2026,11,38410,6.10%
2026,11,38451,1.80%
2026,11,38536,3.30%
2026,11,38550,4.60%
2026,11,38649,2.00%
2026,11,38682,2.10%
2026,11,43044,1.40%
2026,11,43157,1.60%
2026,11,38255,10.20%
2026,11,38302,23.70%
2026,11,38311,17.70%
2026,11,38434,10.90%
2026,11,38714,7.30%
2026,11,38745,9.40%
2026,11,38814,13.40%
2026,11,38980,1.60%
2026,11,43092,16.70%
2026,11,43145,22.90%
2026,11,43171,8.40%
2026,11,43174,15.20%
2026,11,38300,0.70%
2026,11,38316,0.60%
2026,11,38329,0.20%
2026,11,38655,0.40%
2026,11,38758,0.20%
2026,11,43000,0.20%
2026,11,38337,0.00%
2026,11,38476,0.10%
2026,11,38707,4.10%
2026,11,38971,0.20%
2026,11,38973,7.20%
2026,11,38321,1.40%
2026,11,38325,0.80%
2026,11,38341,10.00%
2026,11,38490,1.70%
2026,11,38708,0.20%
2026,11,38909,0.30%
2026,11,38927,0.10%
2026,11,38932,9.00%
2026,11,38960,1.50%
2026,11,38170,4.20%
2026,11,38218,2.60%
2026,11,38237,3.40%
2026,11,38249,21.60%
2026,11,38287,1.90%
2026,11,38290,1.30%
2026,11,38304,6.30%
2026,11,38330,14.40%
2026,11,38905,3.30%
2026,11,38978,7.10%
2026,11,38431,6.00%
2026,11,38529,5.10%
2026,11,38811,12.60%
2026,11,38903,8.40%
2026,11,38924,12.60%
2026,11,38930,7.60%
2026,11,38937,9.90%
2026,11,38965,3.00%
2026,11,38992,7.90%
2026,11,38995,6.60%
2026,11,38123,10.30%
2026,11,38155,11.70%
2026,11,38203,5.80%
2026,11,38234,4.20%
2026,11,38376,6.70%
2026,11,38463,7.00%
2026,11,38465,3.40%
2026,11,38487,0.60%
2026,11,38497,12.10%
2026,11,38632,0.40%
2026,11,38762,1.50%
2026,11,38785,3.20%
2026,11,43123,10.70%
2026,11,38201,5.70%
2026,11,38223,7.50%
2026,11,38224,6.30%
2026,11,38584,7.80%
2026,11,38742,2.50%
2026,11,38907,8.00%
2026,11,38278,8.10%
2026,11,38282,2.50%
2026,11,38310,4.30%
2026,11,38443,0.60%
2026,11,38531,20.70%
2026,11,38643,4.50%
2026,11,38870,12.20%
2026,11,38920,5.60%
2026,11,43018,4.00%
2026,11,38151,
2026,11,38161,
2026,11,38165,
2026,11,38167,
2026,11,38171,
2026,11,38206,
2026,11,38215,
2026,11,38231,
2026,11,38297,
2026,11,38299,
2026,11,38385,
2026,11,38521,
2026,11,38576,
2026,11,38641,
2026,11,38706,
2026,11,38795,
2026,11,38796,
2026,11,38803,
2026,11,38827,
2026,11,38877,
2026,11,38885,
2026,11,38901,
2026,11,38906,
2026,11,38910,
2026,11,38911,
2026,11,38929,
2026,11,38943,
2026,11,43038,
2026,11,43039,
2026,11,43082,
2026,11,43083,
2026,11,43162,
2026,12,38209,1.40%
2026,12,38317,0.60%
2026,12,38489,1.60%
2026,12,38589,6.00%
2026,12,38843,7.30%
2026,12,38872,20.30%
2026,12,38950,6.00%
2026,12,38989,19.10%
2026,12,43029,8.20%
2026,12,38101,0.90%
2026,12,38240,2.00%
2026,12,38285,0.50%
2026,12,38291,0.50%
2026,12,38389,1.90%
2026,12,38404,4.80%
2026,12,38422,3.40%
2026,12,38433,3.20%
2026,12,38555,2.30%
2026,12,38613,14.00%
2026,12,38654,3.10%
2026,12,38681,5.50%
2026,12,43188,5.20%
2026,12,38183,2.10%
2026,12,38387,11.80%
2026,12,38577,3.50%
2026,12,38721,4.20%
2026,12,38732,2.40%
2026,12,38736,1.10%
2026,12,38813,1.30%
2026,12,38821,1.60%
2026,12,38857,20.20%
2026,12,43008,4.60%
2026,12,43124,9.60%
2026,12,38344,5.10%
2026,12,38635,8.70%
2026,12,38858,0.30%
2026,12,38109,10.60%
2026,12,38173,2.60%
2026,12,38312,2.10%
2026,12,38378,4.20%
2026,12,38423,1.20%
2026,12,38432,4.40%
2026,12,38440,1.80%
2026,12,38483,5.60%
2026,12,38498,1.20%
2026,12,38504,5.90%
2026,12,38554,0.30%
2026,12,38556,1.10%
2026,12,38558,5.10%
2026,12,38602,3.60%
2026,12,38658,4.20%
2026,12,38752,8.30%
2026,12,38850,5.10%
2026,12,38113,6.80%
2026,12,38139,6.70%
2026,12,38152,9.90%
2026,12,38208,13.40%
2026,12,38239,10.50%
2026,12,38365,4.60%
2026,12,38417,12.50%
2026,12,38430,2.00%
2026,12,38484,12.50%
2026,12,38585,6.50%
2026,12,38620,4.30%
2026,12,38663,8.10%
2026,12,43025,6.10%
2026,12,38111,4.50%
2026,12,38118,4.90%
2026,12,38194,7.40%
2026,12,38219,6.00%
2026,12,38349,7.50%
2026,12,38399,5.30%
2026,12,38405,2.90%
2026,12,38557,4.30%
2026,12,38581,3.50%
2026,12,38600,8.30%
2026,12,38612,5.80%
2026,12,38676,20.60%
2026,12,38982,10.10%
2026,12,38107,9.40%
2026,12,38116,7.40%
2026,12,38124,3.40%
2026,12,38129,4.80%
2026,12,38169,11.90%
2026,12,38398,8.50%
2026,12,38428,8.10%
2026,12,38447,1.30%
2026,12,38544,2.20%
2026,12,38571,3.50%
2026,12,38580,4.90%
2026,12,38615,4.60%
2026,12,38691,9.20%
2026,12,43159,1.70%
2026,12,38226,8.00%
2026,12,38279,1.40%
2026,12,38289,6.90%
2026,12,38418,1.20%
2026,12,38419,0.80%
2026,12,38468,5.20%
2026,12,38477,2.40%
2026,12,38496,6.20%
2026,12,38611,9.40%
2026,12,38645,0.90%
2026,12,38725,5.50%
2026,12,43070,9.60%
2026,12,38131,6.20%
2026,12,38172,2.90%
2026,12,38402,4.20%
2026,12,38406,3.00%
2026,12,38543,3.50%
2026,12,38560,4.60%
2026,12,38605,4.50%
2026,12,38625,2.40%
2026,12,38771,1.70%
2026,12,38784,3.60%
2026,12,38791,0.20%
2026,12,38806,5.60%
2026,12,38866,1.80%
2026,12,38133,1.50%
2026,12,38190,2.20%
2026,12,38192,3.90%
2026,12,38280,1.60%
2026,12,38634,2.00%
2026,12,38638,5.50%
2026,12,38804,0.70%
2026,12,38949,1.00%
2026,12,43069,2.60%
2026,12,43074,3.20%
2026,12,43166,4.50%
2026,12,38146,9.40%
2026,12,38157,1.50%
2026,12,38519,7.40%
2026,12,38698,4.60%
2026,12,38761,3.00%
2026,12,38768,4.20%
2026,12,38819,8.10%
2026,12,38831,2.20%
2026,12,38840,8.10%
2026,12,38897,4.30%
2026,12,43009,10.30%
2026,12,38114,5.10%
2026,12,38360,11.60%
2026,12,38379,0.70%
2026,12,38393,7.20%
2026,12,38469,4.80%
2026,12,38471,5.30%
2026,12,38472,3.70%
2026,12,38494,7.90%
2026,12,38637,2.40%
2026,12,38817,5.50%
2026,12,38964,2.80%
2026,12,38164,5.80%
2026,12,38222,2.20%
2026,12,38264,3.00%
2026,12,38599,3.30%
2026,12,38690,10.50%
2026,12,38731,3.10%
2026,12,38756,2.50%
2026,12,38787,0.50%
2026,12,38942,4.20%
2026,12,43100,4.00%
2026,12,38204,1.70%
2026,12,38359,3.60%
2026,12,38876,16.80%
2026,12,38917,6.20%
2026,12,43021,15.70%
2026,12,38217,2.00%
2026,12,38257,7.50%
2026,12,38259,1.30%
2026,12,38516,4.50%
2026,12,38610,0.30%
2026,12,38993,14.80%
2026,12,43086,13.30%
2026,12,43146,3.80%
2026,12,38211,11.90%
2026,12,38212,4.90%
2026,12,38214,4.40%
2026,12,38354,19.60%
2026,12,38370,4.00%
2026,12,38639,20.50%
2026,12,38711,5.80%
2026,12,38723,2.10%
2026,12,38889,3.80%
2026,12,38972,5.50%
2026,12,38990,14.90%
2026,12,43001,4.60%
2026,12,38134,1.20%
2026,12,38260,1.90%
2026,12,38340,6.60%
2026,12,38464,10.30%
2026,12,38482,11.20%
2026,12,38501,5.30%
2026,12,38513,4.70%
2026,12,38526,6.00%
2026,12,38569,8.50%
2026,12,38570,4.80%
2026,12,38579,4.50%
2026,12,38619,4.20%
2026,12,38888,2.30%
2026,12,38941,1.20%
2026,12,38296,5.20%
2026,12,38328,5.70%
2026,12,38435,14.50%
2026,12,38488,4.50%
2026,12,38712,6.20%
2026,12,38744,4.20%
2026,12,38805,7.20%
2026,12,38828,9.40%
2026,12,38928,1.80%
2026,12,38975,10.50%
2026,12,43186,19.50%
2026,12,38408,25.40%
2026,12,38525,23.10%
2026,12,38738,9.10%
2026,12,38781,3.70%
2026,12,38839,15.00%
2026,12,38946,9.90%
2026,12,38966,14.20%
2026,12,38967,11.90%
2026,12,38267,22.20%
2026,12,38503,22.20%
2026,12,38760,15.70%
2026,12,38825,12.50%
2026,12,38842,17.00%
2026,12,38919,5.30%
2026,12,38923,9.00%
2026,12,38979,12.50%
2026,12,38991,8.80%
2026,12,43190,35.90%
2026,12,38273,0.20%
2026,12,38275,1.10%
2026,12,38335,0.50%
2026,12,38454,0.80%
2026,12,38593,0.70%
2026,12,38887,0.50%
2026,12,38921,0.10%
2026,12,38956,0.10%
2026,12,38983,3.50%
2026,12,43114,0.30%
2026,12,43115,9.50%
2026,12,43138,1.50%
2026,12,38436,1.90%
2026,12,38491,1.30%
2026,12,38782,6.30%
2026,12,38890,0.80%
2026,12,43010,1.80%
2026,12,43113,7.40%
2026,12,38236,5.50%
2026,12,38309,3.00%
2026,12,38397,6.10%
2026,12,38413,2.40%
2026,12,38566,4.40%
2026,12,38614,3.80%
2026,12,38636,2.70%
2026,12,38648,7.10%
2026,12,38696,0.20%
2026,12,38838,5.90%
2026,12,43118,12.50%
2026,12,43137,4.00%
2026,12,38159,2.20%
2026,12,38338,0.00%
2026,12,38345,4.60%
2026,12,38479,6.50%
2026,12,38647,7.00%
2026,12,38868,0.70%
2026,12,38881,2.20%
2026,12,38931,1.20%
2026,12,38938,8.20%
2026,12,38969,1.30%
2026,12,38137,3.90%
2026,12,38143,7.40%
2026,12,38144,12.40%
2026,12,38153,4.60%
2026,12,38195,3.10%
2026,12,38229,9.50%
2026,12,38624,4.00%
2026,12,38640,4.20%
2026,12,38660,6.60%
2026,12,38994,4.80%
2026,12,43172,6.40%
2026,12,38210,1.40%
2026,12,38242,1.90%
2026,12,38288,2.20%
2026,12,38346,4.30%
2026,12,38381,1.30%
2026,12,38517,0.90%
2026,12,38523,3.10%
2026,12,38713,5.00%
2026,12,38863,1.60%
2026,12,38879,2.30%
2026,12,38162,15.80%
2026,12,38177,8.70%
2026,12,38213,5.10%
2026,12,38332,0.70%
2026,12,38352,1.30%
2026,12,38356,3.10%
2026,12,38449,5.60%
2026,12,38542,7.60%
2026,12,38575,6.30%
2026,12,38588,6.20%
2026,12,38861,1.70%
2026,12,43046,3.80%
2026,12,43051,7.90%
2026,12,38409,3.00%
2026,12,38448,5.50%
2026,12,38486,1.10%
2026,12,38551,4.50%
2026,12,38583,0.20%
2026,12,38675,2.40%
2026,12,38702,1.20%
2026,12,38703,8.70%
2026,12,43057,1.60%
2026,12,43084,10.20%
2026,12,43148,1.70%
2026,12,38147,5.40%
2026,12,38163,6.80%
2026,12,38174,10.30%
2026,12,38407,3.40%
2026,12,38672,3.80%
2026,12,38699,1.60%
2026,12,38700,0.70%
2026,12,38733,1.60%
2026,12,38753,2.00%
2026,12,38754,0.40%
2026,12,43047,5.90%
2026,12,43129,0.70%
2026,12,38121,10.90%
2026,12,38366,3.00%
2026,12,38386,5.80%
2026,12,38461,7.30%
2026,12,38538,7.10%
2026,12,38644,1.10%
2026,12,38709,15.60%
2026,12,38722,4.10%
2026,12,38727,6.10%
2026,12,38773,7.80%
2026,12,43041,8.50%
2026,12,38103,8.30%
2026,12,38104,7.60%
2026,12,38106,3.30%
2026,12,38112,4.60%
2026,12,38188,15.80%
2026,12,38227,3.80%
2026,12,38617,15.50%
2026,12,38646,8.30%
2026,12,38692,10.80%
2026,12,38730,5.60%
2026,12,38746,0.90%
2026,12,38954,3.50%
2026,12,43142,6.80%
2026,12,38115,10.70%
2026,12,38119,16.30%
2026,12,38142,10.20%
2026,12,38149,11.20%
2026,12,38266,15.90%
2026,12,38270,16.80%
2026,12,38363,6.80%
2026,12,38394,7.50%
2026,12,38507,14.40%
2026,12,38535,10.80%
2026,12,38925,13.00%
2026,12,43043,8.70%
2026,12,43130,11.40%
2026,12,38108,5.30%
2026,12,38110,0.70%
2026,12,38187,1.50%
2026,12,38191,2.30%
2026,12,38220,5.50%
2026,12,38382,0.10%
2026,12,38415,0.70%
2026,12,38481,1.70%
2026,12,38522,5.40%
2026,12,38541,5.50%
2026,12,38597,8.50%
2026,12,38627,0.90%
2026,12,38136,9.40%
2026,12,38186,12.10%
2026,12,38230,9.20%
2026,12,38374,11.00%
2026,12,38442,8.80%
2026,12,38460,10.10%
2026,12,38606,5.00%
2026,12,38661,13.50%
2026,12,38674,13.50%
2026,12,38694,2.20%
2026,12,38792,6.00%
2026,12,38845,6.00%
2026,12,38138,3.40%
2026,12,38141,5.60%
2026,12,38319,10.90%
2026,12,38441,7.20%
2026,12,38547,6.70%
2026,12,38668,4.40%
2026,12,38841,5.00%
2026,12,38896,14.00%
2026,12,38987,4.40%
2026,12,43059,1.50%
2026,12,43068,1.60%
2026,12,38158,5.60%
2026,12,38166,2.90%
2026,12,38390,0.90%
2026,12,38400,0.40%
2026,12,38445,2.60%
2026,12,38512,12.30%
2026,12,38532,10.40%
2026,12,38751,6.40%
2026,12,38755,0.20%
2026,12,38777,1.80%
2026,12,38780,6.50%
2026,12,38798,5.70%
2026,12,38810,2.10%
2026,12,38180,7.30%
2026,12,38184,4.20%
2026,12,38198,12.70%
2026,12,38533,13.20%
2026,12,38540,14.90%
2026,12,38564,4.40%
2026,12,38741,6.40%
2026,12,38765,18.50%
2026,12,38788,6.60%
2026,12,38865,15.80%
2026,12,38968,7.20%
2026,12,38196,1.20%
2026,12,38246,9.20%
2026,12,38254,26.20%
2026,12,38263,36.50%
2026,12,38336,12.50%
2026,12,38596,18.30%
2026,12,38830,5.80%
2026,12,38883,9.60%
2026,12,38898,2.20%
2026,12,38935,13.20%
2026,12,38958,12.20%
2026,12,38963,17.50%
2026,12,38981,0.00%
2026,12,43005,10.40%
2026,12,38205,11.00%
2026,12,38207,2.30%
2026,12,38371,16.70%
2026,12,38411,19.30%
2026,12,38527,4.80%
2026,12,38546,11.00%
2026,12,38651,9.40%
2026,12,38677,20.50%
2026,12,38719,11.80%
2026,12,38837,15.90%
2026,12,43111,31.10%
2026,12,43132,14.10%
2026,12,43194,7.20%
2026,12,43195,2.30%
2026,12,38248,3.10%
2026,12,38671,2.00%
2026,12,38680,1.30%
2026,12,38808,2.30%
2026,12,38816,1.30%
2026,12,38875,6.10%
2026,12,38984,5.70%
2026,12,43007,0.10%
2026,12,43019,4.90%
2026,12,43154,1.80%
2026,12,38258,5.00%
2026,12,38313,3.70%
2026,12,38322,1.30%
2026,12,38380,1.20%
2026,12,38545,0.70%
2026,12,38582,3.80%
2026,12,38670,2.70%
2026,12,38836,6.50%
2026,12,38869,2.60%
2026,12,38874,9.70%
2026,12,38977,5.80%
2026,12,43143,1.00%
2026,12,38122,3.40%
2026,12,38148,7.80%
2026,12,38150,14.80%
2026,12,38189,4.20%
2026,12,38225,1.10%
2026,12,38233,3.60%
2026,12,38361,4.70%
2026,12,38414,0.30%
2026,12,38438,5.60%
2026,12,38485,5.10%
2026,12,38508,2.80%
2026,12,38534,1.90%
2026,12,38578,8.50%
2026,12,38607,7.70%
2026,12,38633,3.20%
2026,12,38704,0.30%
2026,12,38747,0.40%
2026,12,38749,25.00%
2026,12,38769,3.10%
2026,12,38829,1.60%
2026,12,38847,9.90%
2026,12,38957,8.20%
2026,12,43011,4.10%
2026,12,43058,1.20%
2026,12,43147,6.80%
2026,12,38243,10.10%
2026,12,38252,7.20%
2026,12,38271,3.10%
2026,12,38274,6.40%
2026,12,38277,6.10%
2026,12,38307,4.30%
2026,12,38326,0.30%
2026,12,38383,12.10%
2026,12,38446,3.00%
2026,12,38509,2.90%
2026,12,38539,1.30%
2026,12,38664,2.00%
2026,12,38667,0.10%
2026,12,38740,1.40%
2026,12,38763,4.70%
2026,12,38778,1.10%
2026,12,38779,13.20%
2026,12,38922,6.20%
2026,12,38933,3.00%
2026,12,38948,0.40%
2026,12,38952,3.40%
2026,12,43016,3.10%
2026,12,43060,8.20%
2026,12,43106,16.00%
2026,12,43156,6.20%
2026,12,38245,0.90%
2026,12,38247,11.80%
2026,12,38251,12.90%
2026,12,38453,2.20%
2026,12,38552,4.40%
2026,12,38673,6.90%
2026,12,38884,13.50%
2026,12,38904,7.00%
2026,12,43027,13.60%
2026,12,43032,11.30%
2026,12,43089,5.10%
2026,12,38268,9.60%
2026,12,38286,12.60%
2026,12,38601,6.20%
2026,12,38642,3.00%
2026,12,38729,6.70%
2026,12,38809,0.50%
2026,12,38812,2.50%
2026,12,38832,0.60%
2026,12,38899,0.80%
2026,12,38997,7.50%
2026,12,38262,14.60%
2026,12,38355,3.80%
2026,12,38392,10.10%
2026,12,38473,11.10%
2026,12,38506,7.80%
2026,12,38563,11.80%
2026,12,38630,1.70%
2026,12,38734,20.90%
2026,12,38891,12.30%
2026,12,38912,8.10%
2026,12,38974,9.90%
2026,12,43063,4.90%
2026,12,43185,14.30%
2026,12,38265,8.00%
2026,12,38412,0.40%
2026,12,38450,0.70%
2026,12,38737,2.50%
2026,12,38848,5.30%
2026,12,38934,2.00%
2026,12,38999,2.50%
2026,12,43076,4.40%
2026,12,38683,4.70%
2026,12,38726,14.70%
2026,12,38743,5.10%
2026,12,38873,7.40%
2026,12,43003,5.20%
2026,12,43042,2.90%
2026,12,43096,10.30%
2026,12,38283,2.40%
2026,12,38342,19.00%
2026,12,38353,9.10%
2026,12,38524,11.00%
2026,12,38591,1.30%
2026,12,38666,3.70%
2026,12,38685,22.60%
2026,12,38693,16.70%
2026,12,38797,1.50%
2026,12,38985,4.60%
2026,12,38998,0.30%
2026,12,43110,12.40%
2026,12,43168,6.10%
2026,12,38305,1.00%
2026,12,38860,4.10%
2026,12,38895,4.00%
2026,12,43036,2.40%
2026,12,43040,7.60%
2026,12,43125,4.50%
2026,12,43149,4.10%
2026,12,43155,7.70%
2026,12,38306,2.80%
2026,12,38315,5.80%
2026,12,38520,10.60%
2026,12,38631,9.10%
2026,12,38665,0.10%
2026,12,38669,3.50%
2026,12,38689,0.40%
2026,12,38735,5.00%
2026,12,38818,7.40%
2026,12,38953,3.10%
2026,12,43050,2.20%
2026,12,43071,2.90%
2026,12,38331,3.10%
2026,12,38459,6.10%
2026,12,38565,4.20%
2026,12,38650,7.60%
2026,12,38820,0.40%
2026,12,38947,3.40%
2026,12,38959,0.30%
2026,12,43031,5.30%
2026,12,43056,4.30%
2026,12,38457,6.20%
2026,12,38492,3.10%
2026,12,38618,1.40%
2026,12,38776,9.30%
2026,12,38986,10.60%
2026,12,38320,18.10%
2026,12,38323,4.60%
2026,12,38334,6.40%
2026,12,38350,1.80%
2026,12,38373,5.50%
2026,12,38388,5.40%
2026,12,38518,3.60%
2026,12,38573,16.80%
2026,12,38574,11.70%
2026,12,38598,1.70%
2026,12,38609,1.60%
2026,12,38705,5.20%
2026,12,38759,16.40%
2026,12,38786,4.60%
2026,12,38826,6.30%
2026,12,38955,3.20%
2026,12,38988,11.40%
2026,12,43054,0.30%
2026,12,43088,12.00%
2026,12,43098,4.50%
2026,12,43133,10.20%
2026,12,43134,1.60%
2026,12,38250,1.20%
2026,12,38295,0.60%
2026,12,38467,2.40%
2026,12,38728,1.90%
2026,12,38757,3.40%
2026,12,38864,2.90%
2026,12,38871,2.00%
2026,12,38886,2.60%
2026,12,38916,0.90%
2026,12,38944,4.00%
2026,12,38976,2.80%
2026,12,43033,3.20%
2026,12,43180,3.50%
2026,12,38351,3.40%
2026,12,38375,5.90%
2026,12,38429,1.20%
2026,12,38511,1.10%
2026,12,38567,3.30%
2026,12,38678,6.50%
2026,12,38684,5.70%
2026,12,38716,3.60%
2026,12,38718,4.60%
2026,12,38996,3.00%
2026,12,43034,4.30%
2026,12,43164,3.10%
2026,12,38357,1.30%
2026,12,38358,5.50%
2026,12,38790,3.20%
2026,12,38793,5.60%
2026,12,38893,9.20%
2026,12,38908,3.60%
2026,12,38939,4.90%
2026,12,43064,7.90%
2026,12,43170,6.30%
2026,12,38502,0.00%
2026,12,38594,1.90%
2026,12,38657,2.80%
2026,12,38659,0.20%
2026,12,38800,1.70%
2026,12,38801,4.10%
2026,12,38855,2.30%
2026,12,43026,0.90%
2026,12,43163,4.90%
2026,12,43169,4.00%
2026,12,38193,0.20%
2026,12,38372,2.70%
2026,12,38416,4.50%
2026,12,38499,2.20%
2026,12,38530,1.40%
2026,12,38549,2.30%
2026,12,38715,4.00%
2026,12,38764,0.20%
2026,12,38951,1.40%
2026,12,43105,6.60%
2026,12,38117,9.50%
2026,12,38176,20.10%
2026,12,38197,10.60%
2026,12,38427,4.20%
2026,12,38458,2.90%
2026,12,38475,8.80%
2026,12,38561,4.90%
2026,12,38590,8.10%
2026,12,38656,13.70%
2026,12,38695,6.70%
2026,12,38770,4.40%
2026,12,38859,5.00%
2026,12,43152,9.00%
2026,12,38126,2.80%
2026,12,38179,0.10%
2026,12,38185,6.30%
2026,12,38292,10.10%
2026,12,38439,2.70%
2026,12,38452,6.40%
2026,12,38466,0.90%
2026,12,38553,0.50%
2026,12,38568,0.90%
2026,12,38799,3.70%
2026,12,38815,2.20%
2026,12,38918,5.20%
2026,12,43107,4.70%
2026,12,38178,5.60%
2026,12,38199,8.30%
2026,12,38238,0.40%
2026,12,38244,1.80%
2026,12,38276,6.90%
2026,12,38303,5.00%
2026,12,38510,7.70%
2026,12,38603,3.10%
2026,12,38739,4.00%
2026,12,38844,7.20%
2026,12,38849,8.90%
2026,12,38970,5.00%
2026,12,38333,9.00%
2026,12,38339,10.30%
2026,12,38368,5.80%
2026,12,38401,16.00%
2026,12,38456,13.40%
2026,12,38515,9.90%
2026,12,38604,6.60%
2026,12,38862,7.80%
2026,12,38894,8.40%
2026,12,43193,4.60%
2026,12,38377,9.60%
2026,12,38480,8.10%
2026,12,38559,7.30%
2026,12,38629,10.20%
2026,12,38750,0.00%
2026,12,38846,5.80%
2026,12,38882,13.50%
2026,12,43055,11.70%
2026,12,43135,12.30%
2026,12,38154,2.20%
2026,12,38221,6.10%
2026,12,38228,8.30%
2026,12,38241,4.40%
2026,12,38314,3.10%
2026,12,38324,1.20%
2026,12,38384,2.00%
2026,12,38592,5.90%
2026,12,38679,3.90%
2026,12,43030,6.20%
2026,12,43151,12.40%
2026,12,38348,1.10%
2026,12,38396,0.30%
2026,12,38410,7.00%
2026,12,38451,1.60%
2026,12,38536,4.40%
2026,12,38550,2.60%
2026,12,38649,2.70%
2026,12,38682,2.20%
2026,12,43044,1.50%
2026,12,43157,1.40%
2026,12,38255,16.00%
2026,12,38302,12.70%
2026,12,38311,17.40%
2026,12,38434,8.90%
2026,12,38714,11.10%
2026,12,38745,9.20%
2026,12,38814,13.10%
2026,12,38980,1.90%
2026,12,43092,19.80%
2026,12,43145,27.60%
2026,12,43171,8.10%
2026,12,43174,14.40%
2026,12,38300,0.20%
2026,12,38316,0.50%
2026,12,38329,0.10%
2026,12,38655,0.60%
2026,12,38758,1.10%
2026,12,43000,0.20%
2026,12,38318,0.50%
2026,12,38337,0.20%
2026,12,38621,0.20%
2026,12,38707,1.60%
2026,12,38892,0.40%
2026,12,38971,1.00%
2026,12,38973,11.00%
2026,12,38321,1.30%
2026,12,38325,0.20%
2026,12,38341,7.30%
2026,12,38490,3.40%
2026,12,38708,0.90%
2026,12,38909,0.40%
2026,12,38927,0.10%
2026,12,38932,4.70%
2026,12,38960,1.90%
2026,12,38170,4.60%
2026,12,38218,3.00%
2026,12,38237,4.60%
2026,12,38249,20.60%
2026,12,38287,1.30%
2026,12,38290,1.10%
2026,12,38304,6.40%
2026,12,38330,15.90%
2026,12,38905,2.30%
2026,12,38978,5.40%
2026,12,38431,7.40%
2026,12,38529,6.00%
2026,12,38811,14.60%
2026,12,38903,8.00%
2026,12,38924,12.50%
2026,12,38930,9.30%
2026,12,38937,8.50%
2026,12,38965,3.10%
2026,12,38992,8.50%
2026,12,38995,6.30%
2026,12,38123,9.60%
2026,12,38155,13.80%
2026,12,38203,4.60%
2026,12,38234,4.60%
2026,12,38376,6.30%
2026,12,38463,7.10%
2026,12,38465,5.50%
2026,12,38487,1.40%
2026,12,38497,9.60%
2026,12,38762,2.10%
2026,12,38785,4.40%
2026,12,43123,9.00%
2026,12,38201,6.40%
2026,12,38223,7.80%
2026,12,38224,7.80%
2026,12,38584,6.30%
2026,12,38742,1.80%
2026,12,38907,11.50%
2026,12,38278,5.50%
2026,12,38282,2.20%
2026,12,38310,12.00%
2026,12,38443,1.00%
2026,12,38531,14.60%
2026,12,38537,8.60%
2026,12,38643,6.90%
2026,12,38870,10.60%
2026,12,38920,7.90%
2026,12,43018,4.20%
2026,12,38151,
2026,12,38161,
2026,12,38165,
2026,12,38171,
2026,12,38206,
2026,12,38231,
2026,12,38297,
2026,12,38299,
2026,12,38385,
2026,12,38425,
2026,12,38576,
2026,12,38795,
2026,12,38796,
2026,12,38803,
2026,12,38822,
2026,12,38877,
2026,12,38901,
2026,12,38906,
2026,12,38910,
2026,12,38911,
2026,12,38929,
2026,12,38943,
2026,12,43038,
2026,12,43039,
2026,12,43082,
2026,12,43083,
2026,12,43162,
2026,13,38209,1.10%
2026,13,38317,3.00%
2026,13,38489,3.70%
2026,13,38589,8.30%
2026,13,38843,6.50%
2026,13,38872,13.00%
2026,13,38950,15.00%
2026,13,38989,20.10%
2026,13,43029,11.30%
2026,13,38101,0.80%
2026,13,38240,2.60%
2026,13,38285,0.50%
2026,13,38291,0.50%
2026,13,38389,2.20%
2026,13,38404,3.60%
2026,13,38422,2.60%
2026,13,38433,2.60%
2026,13,38555,2.60%
2026,13,38613,16.60%
2026,13,38654,3.40%
2026,13,38681,4.70%
2026,13,43188,9.70%
2026,13,38183,0.80%
2026,13,38387,11.90%
2026,13,38577,3.60%
2026,13,38721,3.50%
2026,13,38732,3.40%
2026,13,38736,2.50%
2026,13,38813,1.10%
2026,13,38821,1.10%
2026,13,38857,20.70%
2026,13,43008,6.10%
2026,13,43124,10.90%
2026,13,38344,6.20%
2026,13,38635,8.10%
2026,13,38858,1.00%
2026,13,38109,10.10%
2026,13,38173,3.40%
2026,13,38312,2.20%
2026,13,38378,4.90%
2026,13,38423,1.30%
2026,13,38432,4.20%
2026,13,38440,2.00%
2026,13,38483,9.10%
2026,13,38498,1.00%
2026,13,38504,4.40%
2026,13,38554,0.40%
2026,13,38556,2.10%
2026,13,38558,6.20%
2026,13,38602,4.60%
2026,13,38658,4.40%
2026,13,38752,6.20%
2026,13,38850,3.40%
2026,13,38113,7.20%
2026,13,38139,8.50%
2026,13,38152,12.00%
2026,13,38208,14.90%
2026,13,38239,8.80%
2026,13,38365,6.20%
2026,13,38417,14.70%
2026,13,38430,2.20%
2026,13,38484,12.70%
2026,13,38585,8.20%
2026,13,38620,3.10%
2026,13,38663,10.70%
2026,13,43025,7.20%
2026,13,38111,5.40%
2026,13,38118,4.30%
2026,13,38194,5.10%
2026,13,38219,7.60%
2026,13,38349,8.00%
2026,13,38399,6.00%
2026,13,38405,3.10%
2026,13,38470,1.80%
2026,13,38557,3.50%
2026,13,38581,4.60%
2026,13,38600,3.00%
2026,13,38612,5.90%
2026,13,38676,2.70%
2026,13,38982,11.80%
2026,13,43045,41.70%
2026,13,38107,9.70%
2026,13,38116,6.20%
2026,13,38124,2.00%
2026,13,38129,5.40%
2026,13,38169,8.90%
2026,13,38398,7.40%
2026,13,38428,8.80%
2026,13,38447,1.30%
2026,13,38544,2.60%
2026,13,38571,3.10%
2026,13,38580,4.80%
2026,13,38615,4.90%
2026,13,38691,11.50%
2026,13,43159,1.10%
2026,13,38226,9.60%
2026,13,38279,1.90%
2026,13,38289,6.60%
2026,13,38418,1.00%
2026,13,38419,0.80%
2026,13,38468,5.70%
2026,13,38477,2.00%
2026,13,38496,6.60%
2026,13,38611,10.80%
2026,13,38645,1.10%
2026,13,38725,8.20%
2026,13,43070,11.60%
2026,13,38131,6.40%
2026,13,38172,3.30%
2026,13,38402,5.20%
2026,13,38406,2.70%
2026,13,38543,3.60%
2026,13,38560,3.00%
2026,13,38605,6.20%
2026,13,38625,2.30%
2026,13,38771,1.30%
2026,13,38784,3.20%
2026,13,38791,0.20%
2026,13,38806,5.40%
2026,13,38866,3.90%
2026,13,38133,9.00%
2026,13,38190,9.50%
2026,13,38192,9.30%
2026,13,38280,6.30%
2026,13,38634,13.20%
2026,13,38638,8.30%
2026,13,38804,1.70%
2026,13,38949,8.30%
2026,13,43069,12.30%
2026,13,43074,14.70%
2026,13,43166,8.70%
2026,13,38146,6.40%
2026,13,38157,2.10%
2026,13,38519,6.90%
2026,13,38698,5.20%
2026,13,38761,5.20%
2026,13,38768,4.90%
2026,13,38819,8.70%
2026,13,38831,2.50%
2026,13,38840,11.40%
2026,13,38897,3.60%
2026,13,43009,8.30%
2026,13,38114,4.60%
2026,13,38360,9.30%
2026,13,38379,0.70%
2026,13,38393,8.90%
2026,13,38469,4.10%
2026,13,38471,6.60%
2026,13,38472,2.50%
2026,13,38494,7.10%
2026,13,38637,5.10%
2026,13,38817,4.70%
2026,13,38964,2.50%
2026,13,38164,5.30%
2026,13,38222,1.50%
2026,13,38264,2.50%
2026,13,38599,4.20%
2026,13,38690,6.40%
2026,13,38731,3.10%
2026,13,38756,3.70%
2026,13,38787,0.40%
2026,13,38942,6.30%
2026,13,43100,5.30%
2026,13,38204,1.30%
2026,13,38359,11.70%
2026,13,38876,17.10%
2026,13,38917,5.60%
2026,13,43021,21.30%
2026,13,38217,5.10%
2026,13,38257,11.30%
2026,13,38259,4.30%
2026,13,38516,6.30%
2026,13,38610,0.60%
2026,13,38993,20.00%
2026,13,43086,21.70%
2026,13,43146,4.90%
2026,13,38211,16.60%
2026,13,38212,3.10%
2026,13,38214,5.60%
2026,13,38354,22.10%
2026,13,38370,10.00%
2026,13,38639,21.20%
2026,13,38711,5.30%
2026,13,38723,3.60%
2026,13,38889,3.40%
2026,13,38972,28.60%
2026,13,38990,14.90%
2026,13,43001,2.80%
2026,13,38134,2.40%
2026,13,38260,0.80%
2026,13,38340,5.40%
2026,13,38464,9.10%
2026,13,38482,5.20%
2026,13,38501,5.80%
2026,13,38513,3.10%
2026,13,38526,6.30%
2026,13,38569,6.50%
2026,13,38570,5.70%
2026,13,38579,4.90%
2026,13,38619,4.20%
2026,13,38888,2.30%
2026,13,38941,1.00%
2026,13,38296,5.20%
2026,13,38328,11.00%
2026,13,38435,15.30%
2026,13,38488,6.40%
2026,13,38712,14.10%
2026,13,38744,9.10%
2026,13,38805,7.60%
2026,13,38828,16.90%
2026,13,38928,7.10%
2026,13,38975,12.80%
2026,13,43186,17.60%
2026,13,38408,22.90%
2026,13,38525,15.80%
2026,13,38738,8.30%
2026,13,38781,6.00%
2026,13,38839,17.50%
2026,13,38946,9.30%
2026,13,38966,13.30%
2026,13,38967,20.00%
2026,13,38267,16.40%
2026,13,38503,19.00%
2026,13,38760,23.50%
2026,13,38825,22.10%
2026,13,38842,19.20%
2026,13,38919,8.10%
2026,13,38923,30.20%
2026,13,38979,13.50%
2026,13,38991,11.00%
2026,13,43190,30.10%
2026,13,38273,0.20%
2026,13,38275,1.70%
2026,13,38335,0.70%
2026,13,38454,0.50%
2026,13,38593,0.80%
2026,13,38921,0.10%
2026,13,38956,0.10%
2026,13,38983,3.30%
2026,13,43114,0.70%
2026,13,43115,10.00%
2026,13,43138,1.40%
2026,13,38436,2.60%
2026,13,38491,0.70%
2026,13,38782,5.40%
2026,13,38890,1.60%
2026,13,43010,2.90%
2026,13,43113,7.70%
2026,13,38236,6.70%
2026,13,38309,5.70%
2026,13,38397,3.40%
2026,13,38413,3.20%
2026,13,38566,5.60%
2026,13,38614,3.50%
2026,13,38636,2.60%
2026,13,38648,4.90%
2026,13,38696,0.50%
2026,13,38838,6.10%
2026,13,43118,4.90%
2026,13,43137,3.40%
2026,13,38159,2.20%
2026,13,38338,11.10%
2026,13,38345,3.90%
2026,13,38479,6.00%
2026,13,38647,8.10%
2026,13,38868,0.70%
2026,13,38881,3.50%
2026,13,38931,4.00%
2026,13,38938,8.50%
2026,13,38969,1.20%
2026,13,38137,4.00%
2026,13,38143,9.60%
2026,13,38144,10.40%
2026,13,38153,5.60%
2026,13,38195,2.60%
2026,13,38229,11.70%
2026,13,38624,5.20%
2026,13,38640,5.00%
2026,13,38660,5.70%
2026,13,38994,7.50%
2026,13,43172,7.00%
2026,13,38210,1.30%
2026,13,38242,2.00%
2026,13,38288,2.30%
2026,13,38346,2.70%
2026,13,38381,1.30%
2026,13,38517,2.00%
2026,13,38523,3.00%
2026,13,38713,5.00%
2026,13,38863,1.30%
2026,13,38879,2.30%
2026,13,38162,11.10%
2026,13,38177,9.10%
2026,13,38213,3.80%
2026,13,38332,0.80%
2026,13,38352,1.40%
2026,13,38356,3.10%
2026,13,38449,4.40%
2026,13,38542,5.60%
2026,13,38575,7.30%
2026,13,38588,6.70%
2026,13,38861,0.70%
2026,13,43046,2.30%
2026,13,43051,8.70%
2026,13,38409,9.90%
2026,13,38448,8.30%
2026,13,38486,6.80%
2026,13,38551,7.10%
2026,13,38583,11.70%
2026,13,38675,5.40%
2026,13,38702,12.40%
2026,13,38703,15.20%
2026,13,43057,15.90%
2026,13,43084,21.50%
2026,13,43148,10.70%
2026,13,38147,13.80%
2026,13,38163,9.70%
2026,13,38174,10.80%
2026,13,38407,5.60%
2026,13,38672,6.00%
2026,13,38699,5.00%
2026,13,38700,3.30%
2026,13,38733,6.40%
2026,13,38753,8.70%
2026,13,38754,1.50%
2026,13,43047,5.70%
2026,13,43129,2.50%
2026,13,38121,10.10%
2026,13,38366,4.90%
2026,13,38386,6.70%
2026,13,38461,6.50%
2026,13,38538,9.90%
2026,13,38644,1.50%
2026,13,38709,13.70%
2026,13,38722,5.90%
2026,13,38727,4.50%
2026,13,38773,14.40%
2026,13,43041,7.80%
2026,13,38103,8.20%
2026,13,38104,9.70%
2026,13,38106,3.30%
2026,13,38112,5.00%
2026,13,38188,14.60%
2026,13,38227,0.30%
2026,13,38617,18.30%
2026,13,38646,7.10%
2026,13,38692,14.10%
2026,13,38730,6.10%
2026,13,38746,0.90%
2026,13,38954,3.00%
2026,13,43142,6.20%
2026,13,38115,11.50%
2026,13,38119,14.60%
2026,13,38142,16.60%
2026,13,38149,12.60%
2026,13,38266,21.60%
2026,13,38270,17.70%
2026,13,38363,12.70%
2026,13,38394,10.90%
2026,13,38507,14.90%
2026,13,38535,14.70%
2026,13,38925,10.10%
2026,13,43043,11.00%
2026,13,43130,15.10%
2026,13,38108,4.90%
2026,13,38110,1.00%
2026,13,38187,1.40%
2026,13,38191,2.30%
2026,13,38220,6.60%
2026,13,38382,0.20%
2026,13,38415,0.70%
2026,13,38481,2.10%
2026,13,38522,5.00%
2026,13,38541,4.70%
2026,13,38597,9.80%
2026,13,38627,1.70%
2026,13,38136,11.50%
2026,13,38186,11.20%
2026,13,38230,6.50%
2026,13,38374,10.90%
2026,13,38442,10.50%
2026,13,38460,9.80%
2026,13,38606,5.80%
2026,13,38661,15.90%
2026,13,38674,16.10%
2026,13,38694,4.10%
2026,13,38792,6.80%
2026,13,38845,7.70%
2026,13,38138,2.60%
2026,13,38141,4.20%
2026,13,38319,6.60%
2026,13,38441,6.10%
2026,13,38547,7.30%
2026,13,38668,2.50%
2026,13,38841,5.80%
2026,13,38896,8.40%
2026,13,38987,3.70%
2026,13,43059,2.40%
2026,13,43068,1.30%
2026,13,38158,3.70%
2026,13,38166,3.30%
2026,13,38390,2.20%
2026,13,38400,0.70%
2026,13,38445,2.20%
2026,13,38512,13.60%
2026,13,38532,7.40%
2026,13,38751,7.50%
2026,13,38777,1.90%
2026,13,38780,4.50%
2026,13,38798,5.40%
2026,13,38810,1.40%
2026,13,38180,8.00%
2026,13,38184,4.70%
2026,13,38198,9.00%
2026,13,38533,17.40%
2026,13,38540,10.40%
2026,13,38564,12.20%
2026,13,38741,7.10%
2026,13,38765,33.80%
2026,13,38788,7.50%
2026,13,38865,26.00%
2026,13,38968,7.70%
2026,13,38196,1.50%
2026,13,38246,14.10%
2026,13,38254,20.90%
2026,13,38263,21.60%
2026,13,38336,16.90%
2026,13,38596,16.10%
2026,13,38830,5.50%
2026,13,38883,9.90%
2026,13,38898,2.20%
2026,13,38935,12.50%
2026,13,38958,17.50%
2026,13,38963,16.10%
2026,13,43005,9.80%
2026,13,38205,11.80%
2026,13,38207,1.90%
2026,13,38371,13.60%
2026,13,38411,21.20%
2026,13,38527,8.60%
2026,13,38546,10.70%
2026,13,38651,10.00%
2026,13,38677,21.60%
2026,13,38719,17.10%
2026,13,38837,17.80%
2026,13,43111,30.30%
2026,13,43132,14.10%
2026,13,43194,11.00%
2026,13,43195,3.30%
2026,13,38248,4.30%
2026,13,38671,1.80%
2026,13,38680,1.40%
2026,13,38808,2.30%
2026,13,38816,1.70%
2026,13,38875,5.80%
2026,13,38984,7.30%
2026,13,43007,0.20%
2026,13,43019,5.00%
2026,13,43154,2.10%
2026,13,38258,8.20%
2026,13,38313,7.40%
2026,13,38322,0.70%
2026,13,38380,1.50%
2026,13,38545,3.10%
2026,13,38582,6.80%
2026,13,38670,3.80%
2026,13,38836,4.40%
2026,13,38869,7.30%
2026,13,38874,11.60%
2026,13,38977,4.10%
2026,13,43143,3.20%
2026,13,38122,4.30%
2026,13,38148,7.20%
2026,13,38150,8.50%
2026,13,38189,2.80%
2026,13,38225,0.70%
2026,13,38233,12.10%
2026,13,38361,6.70%
2026,13,38414,0.40%
2026,13,38438,6.20%
2026,13,38485,5.90%
2026,13,38508,4.90%
2026,13,38534,1.70%
2026,13,38578,6.30%
2026,13,38607,9.10%
2026,13,38633,2.60%
2026,13,38704,0.10%
2026,13,38747,0.70%
2026,13,38749,13.60%
2026,13,38769,3.70%
2026,13,38829,2.20%
2026,13,38847,7.70%
2026,13,38957,8.20%
2026,13,43011,2.90%
2026,13,43058,2.00%
2026,13,43147,10.10%
2026,13,38243,8.80%
2026,13,38252,7.40%
2026,13,38271,6.90%
2026,13,38274,10.00%
2026,13,38277,6.10%
2026,13,38307,6.30%
2026,13,38326,8.00%
2026,13,38383,13.40%
2026,13,38446,1.10%
2026,13,38509,8.10%
2026,13,38539,1.60%
2026,13,38664,4.40%
2026,13,38667,0.10%
2026,13,38740,5.20%
2026,13,38763,5.20%
2026,13,38779,12.60%
2026,13,38922,8.70%
2026,13,38933,1.90%
2026,13,38948,0.50%
2026,13,38952,6.40%
2026,13,43016,2.80%
2026,13,43060,8.80%
2026,13,43106,13.60%
2026,13,43156,3.20%
2026,13,38245,1.10%
2026,13,38247,10.40%
2026,13,38251,13.70%
2026,13,38453,3.50%
2026,13,38552,2.10%
2026,13,38673,8.50%
2026,13,38884,13.50%
2026,13,38904,8.20%
2026,13,43027,17.50%
2026,13,43032,11.50%
2026,13,43089,12.10%
2026,13,38268,13.10%
2026,13,38286,16.30%
2026,13,38601,7.60%
2026,13,38642,2.00%
2026,13,38729,9.40%
2026,13,38809,0.20%
2026,13,38812,1.40%
2026,13,38832,7.20%
2026,13,38899,1.40%
2026,13,38997,12.30%
2026,13,38262,15.70%
2026,13,38355,4.00%
2026,13,38392,14.70%
2026,13,38473,10.20%
2026,13,38506,10.30%
2026,13,38563,14.00%
2026,13,38630,2.00%
2026,13,38734,15.70%
2026,13,38891,15.80%
2026,13,38912,24.20%
2026,13,38974,8.00%
2026,13,43063,12.40%
2026,13,43185,15.90%
2026,13,38265,19.30%
2026,13,38412,0.30%
2026,13,38450,6.70%
2026,13,38737,1.40%
2026,13,38848,4.60%
2026,13,38934,6.10%
2026,13,38999,2.20%
2026,13,43076,2.60%
2026,13,38683,11.90%
2026,13,38726,13.10%
2026,13,38743,13.70%
2026,13,38873,9.30%
2026,13,43003,20.80%
2026,13,43042,8.40%
2026,13,43096,11.90%
2026,13,38283,5.10%
2026,13,38342,23.60%
2026,13,38353,7.60%
2026,13,38524,14.30%
2026,13,38591,1.20%
2026,13,38666,4.10%
2026,13,38685,34.20%
2026,13,38693,13.80%
2026,13,38797,21.30%
2026,13,38985,5.10%
2026,13,38998,0.30%
2026,13,43110,10.60%
2026,13,43168,8.30%
2026,13,38305,1.70%
2026,13,38860,4.70%
2026,13,38895,5.70%
2026,13,43036,3.10%
2026,13,43040,7.60%
2026,13,43125,7.00%
2026,13,43149,5.50%
2026,13,43155,7.80%
2026,13,38306,2.90%
2026,13,38315,6.80%
2026,13,38520,10.10%
2026,13,38631,10.30%
2026,13,38665,0.00%
2026,13,38669,3.60%
2026,13,38689,0.10%
2026,13,38735,4.10%
2026,13,38818,6.50%
2026,13,38953,4.50%
2026,13,43050,3.60%
2026,13,43071,5.50%
2026,13,38331,2.70%
2026,13,38459,6.60%
2026,13,38565,6.70%
2026,13,38650,8.40%
2026,13,38820,0.90%
2026,13,38947,2.60%
2026,13,38959,0.70%
2026,13,43031,7.00%
2026,13,43056,6.60%
2026,13,38457,7.20%
2026,13,38492,3.20%
2026,13,38618,0.70%
2026,13,38776,12.10%
2026,13,38986,11.50%
2026,13,38320,17.80%
2026,13,38323,3.90%
2026,13,38334,6.30%
2026,13,38350,2.40%
2026,13,38373,6.50%
2026,13,38388,5.80%
2026,13,38518,2.70%
2026,13,38573,14.60%
2026,13,38574,18.70%
2026,13,38598,1.90%
2026,13,38609,1.50%
2026,13,38705,6.20%
2026,13,38759,10.30%
2026,13,38786,10.60%
2026,13,38826,5.80%
2026,13,38955,4.00%
2026,13,38988,9.60%
2026,13,43054,0.40%
2026,13,43088,15.10%
2026,13,43098,4.40%
2026,13,43133,11.00%
2026,13,43134,2.70%
2026,13,38250,1.00%
2026,13,38295,5.40%
2026,13,38467,1.80%
2026,13,38728,3.70%
2026,13,38757,3.70%
2026,13,38864,3.70%
2026,13,38871,6.80%
2026,13,38886,2.60%
2026,13,38916,3.50%
2026,13,38944,4.30%
2026,13,38976,1.70%
2026,13,43033,2.50%
2026,13,43180,9.90%
2026,13,38351,2.90%
2026,13,38375,7.80%
2026,13,38429,0.90%
2026,13,38511,1.00%
2026,13,38567,5.30%
2026,13,38678,5.90%
2026,13,38684,7.10%
2026,13,38716,4.00%
2026,13,38718,5.60%
2026,13,38996,4.10%
2026,13,43034,7.10%
2026,13,43164,3.70%
2026,13,38357,1.40%
2026,13,38358,3.60%
2026,13,38790,2.60%
2026,13,38793,6.10%
2026,13,38893,9.80%
2026,13,38908,3.20%
2026,13,38939,3.50%
2026,13,43064,9.90%
2026,13,43170,2.50%
2026,13,38502,0.60%
2026,13,38594,4.00%
2026,13,38657,3.00%
2026,13,38659,0.90%
2026,13,38800,2.00%
2026,13,38801,4.20%
2026,13,38855,4.00%
2026,13,43026,1.20%
2026,13,43163,8.20%
2026,13,43169,4.80%
2026,13,38193,0.10%
2026,13,38372,2.00%
2026,13,38416,5.80%
2026,13,38499,2.50%
2026,13,38530,1.50%
2026,13,38549,3.10%
2026,13,38715,4.20%
2026,13,38764,0.10%
2026,13,38951,1.40%
2026,13,43105,7.90%
2026,13,38117,11.80%
2026,13,38176,22.00%
2026,13,38197,11.40%
2026,13,38427,5.40%
2026,13,38458,3.80%
2026,13,38475,10.40%
2026,13,38561,7.50%
2026,13,38590,7.80%
2026,13,38656,12.70%
2026,13,38695,9.40%
2026,13,38770,4.60%
2026,13,38859,7.30%
2026,13,43152,10.10%
2026,13,38126,6.10%
2026,13,38179,0.10%
2026,13,38185,4.40%
2026,13,38292,8.80%
2026,13,38439,2.00%
2026,13,38452,7.40%
2026,13,38466,0.90%
2026,13,38553,0.30%
2026,13,38568,2.20%
2026,13,38799,4.30%
2026,13,38815,2.60%
2026,13,38918,7.80%
2026,13,43107,4.10%
2026,13,38178,22.60%
2026,13,38199,10.50%
2026,13,38238,3.80%
2026,13,38244,3.10%
2026,13,38276,9.60%
2026,13,38303,1.40%
2026,13,38510,7.80%
2026,13,38603,3.20%
2026,13,38739,3.70%
2026,13,38844,11.10%
2026,13,38849,4.90%
2026,13,38970,5.80%
2026,13,38333,15.30%
2026,13,38339,13.70%
2026,13,38368,11.30%
2026,13,38401,15.80%
2026,13,38456,23.30%
2026,13,38515,15.60%
2026,13,38604,12.10%
2026,13,38862,12.00%
2026,13,38894,10.80%
2026,13,43193,7.80%
2026,13,38377,10.00%
2026,13,38480,7.10%
2026,13,38559,6.90%
2026,13,38629,17.80%
2026,13,38846,8.10%
2026,13,38882,14.80%
2026,13,43055,11.30%
2026,13,43135,12.00%
2026,13,38154,1.30%
2026,13,38221,8.00%
2026,13,38228,10.50%
2026,13,38241,3.30%
2026,13,38314,4.20%
2026,13,38324,0.50%
2026,13,38384,2.10%
2026,13,38592,6.90%
2026,13,38679,3.60%
2026,13,43030,6.20%
2026,13,43151,12.50%
2026,13,38348,7.70%
2026,13,38396,0.70%
2026,13,38410,10.50%
2026,13,38451,2.00%
2026,13,38536,10.20%
2026,13,38550,6.00%
2026,13,38649,8.80%
2026,13,38682,9.30%
2026,13,43044,12.60%
2026,13,43157,7.50%
2026,13,38255,15.80%
2026,13,38302,6.90%
2026,13,38311,14.30%
2026,13,38434,9.10%
2026,13,38714,7.50%
2026,13,38745,10.70%
2026,13,38814,14.00%
2026,13,38980,3.90%
2026,13,43092,17.60%
2026,13,43145,28.60%
2026,13,43171,12.70%
2026,13,43174,16.20%
2026,13,38300,2.90%
2026,13,38316,0.40%
2026,13,38329,1.50%
2026,13,38655,2.10%
2026,13,38758,1.00%
2026,13,38867,0.30%
2026,13,38926,0.10%
2026,13,43000,1.50%
2026,13,38318,1.30%
2026,13,38337,0.10%
2026,13,38476,0.20%
2026,13,38621,0.20%
2026,13,38707,1.20%
2026,13,38892,0.30%
2026,13,38971,2.50%
2026,13,38973,12.60%
2026,13,38321,1.70%
2026,13,38325,6.50%
2026,13,38341,7.10%
2026,13,38490,3.70%
2026,13,38708,3.50%
2026,13,38927,8.20%
2026,13,38932,11.40%
2026,13,38960,2.50%
2026,13,38170,3.60%
2026,13,38218,2.00%
2026,13,38237,5.40%
2026,13,38249,19.40%
2026,13,38287,1.80%
2026,13,38290,1.30%
2026,13,38304,6.20%
2026,13,38330,16.10%
2026,13,38905,1.30%
2026,13,38978,4.30%
2026,13,38431,7.90%
2026,13,38529,6.10%
2026,13,38811,15.80%
2026,13,38903,7.30%
2026,13,38924,14.60%
2026,13,38930,6.70%
2026,13,38937,10.20%
2026,13,38965,4.00%
2026,13,38992,9.10%
2026,13,38995,10.40%
2026,13,38123,11.40%
2026,13,38155,9.00%
2026,13,38203,5.60%
2026,13,38234,7.20%
2026,13,38376,7.00%
2026,13,38463,9.50%
2026,13,38465,3.80%
2026,13,38487,1.10%
2026,13,38497,11.80%
2026,13,38762,3.20%
2026,13,38785,6.00%
2026,13,43123,13.10%
2026,13,38201,16.40%
2026,13,38223,1.00%
2026,13,38224,5.50%
2026,13,38584,6.90%
2026,13,38742,2.90%
2026,13,38907,10.70%
2026,13,38278,2.70%
2026,13,38282,4.70%
2026,13,38310,28.30%
2026,13,38443,3.50%
2026,13,38531,20.40%
2026,13,38537,13.30%
2026,13,38643,7.70%
2026,13,38870,14.20%
2026,13,38920,10.30%
2026,13,43018,5.30%
2026,13,38161,
2026,13,38171,
2026,13,38206,
2026,13,38215,
2026,13,38231,
2026,13,38297,
2026,13,38299,
2026,13,38395,
2026,13,38521,
2026,13,38576,
2026,13,38608,
2026,13,38626,
2026,13,38641,
2026,13,38706,
2026,13,38766,
2026,13,38789,
2026,13,38795,
2026,13,38796,
2026,13,38803,
2026,13,38877,
2026,13,38880,
2026,13,38901,
2026,13,38906,
2026,13,38910,
2026,13,38911,
2026,13,38929,
2026,13,38943,
2026,13,43038,
2026,13,43082,
2026,13,43083,
2026,13,43162,
2026,14,38209,0.80%
2026,14,38317,5.50%
2026,14,38489,2.00%
2026,14,38589,6.00%
2026,14,38843,5.00%
2026,14,38872,20.00%
2026,14,38950,13.90%
2026,14,38989,15.00%
2026,14,43029,9.30%
2026,14,38101,0.50%
2026,14,38240,1.70%
2026,14,38285,0.20%
2026,14,38291,0.30%
2026,14,38389,2.40%
2026,14,38404,3.50%
2026,14,38422,4.00%
2026,14,38433,2.80%
2026,14,38555,1.40%
2026,14,38613,16.20%
2026,14,38654,4.30%
2026,14,38681,9.70%
2026,14,43188,11.60%
2026,14,38183,3.90%
2026,14,38387,11.00%
2026,14,38577,3.10%
2026,14,38721,4.80%
2026,14,38732,7.30%
2026,14,38736,2.20%
2026,14,38813,0.80%
2026,14,38821,0.80%
2026,14,38857,23.50%
2026,14,43008,6.20%
2026,14,43124,9.60%
2026,14,38344,5.10%
2026,14,38635,12.40%
2026,14,38858,0.40%
2026,14,38109,9.00%
2026,14,38173,3.40%
2026,14,38378,5.50%
2026,14,38423,2.40%
2026,14,38432,3.70%
2026,14,38440,2.40%
2026,14,38483,11.50%
2026,14,38498,1.50%
2026,14,38504,6.30%
2026,14,38554,0.10%
2026,14,38556,3.70%
2026,14,38558,5.80%
2026,14,38602,5.90%
2026,14,38658,4.40%
2026,14,38752,5.30%
2026,14,38850,4.80%
2026,14,38113,7.10%
2026,14,38139,8.20%
2026,14,38152,13.40%
2026,14,38208,15.70%
2026,14,38239,7.30%
2026,14,38365,4.30%
2026,14,38417,12.00%
2026,14,38430,2.80%
2026,14,38484,12.50%
2026,14,38585,7.60%
2026,14,38620,3.40%
2026,14,38663,11.90%
2026,14,43025,9.90%
2026,14,38111,4.70%
2026,14,38118,7.30%
2026,14,38194,6.00%
2026,14,38219,5.10%
2026,14,38349,6.70%
2026,14,38399,4.50%
2026,14,38405,3.60%
2026,14,38470,3.40%
2026,14,38557,5.30%
2026,14,38581,7.30%
2026,14,38600,0.00%
2026,14,38612,4.80%
2026,14,38676,2.20%
2026,14,38982,12.80%
2026,14,43045,22.60%
2026,14,38107,10.00%
2026,14,38116,6.40%
2026,14,38124,2.90%
2026,14,38129,5.80%
2026,14,38169,11.50%
2026,14,38398,10.90%
2026,14,38428,8.90%
2026,14,38447,1.60%
2026,14,38544,3.30%
2026,14,38571,2.40%
2026,14,38580,5.70%
2026,14,38615,5.20%
2026,14,38691,9.40%
2026,14,43159,2.10%
2026,14,38226,8.60%
2026,14,38279,2.20%
2026,14,38289,6.80%
2026,14,38418,2.10%
2026,14,38419,0.90%
2026,14,38468,4.80%
2026,14,38477,2.60%
2026,14,38496,8.10%
2026,14,38611,9.20%
2026,14,38645,0.60%
2026,14,38725,7.60%
2026,14,43070,6.40%
2026,14,38131,6.80%
2026,14,38172,3.20%
2026,14,38402,5.20%
2026,14,38406,2.40%
2026,14,38543,4.10%
2026,14,38560,2.80%
2026,14,38605,7.00%
2026,14,38625,2.70%
2026,14,38771,0.90%
2026,14,38784,3.90%
2026,14,38791,0.40%
2026,14,38806,5.20%
2026,14,38866,2.00%
2026,14,38133,13.30%
2026,14,38190,5.80%
2026,14,38192,3.90%
2026,14,38280,1.20%
2026,14,38634,11.80%
2026,14,38638,7.40%
2026,14,38804,3.50%
2026,14,38949,6.80%
2026,14,43069,16.30%
2026,14,43074,13.20%
2026,14,43166,11.40%
2026,14,38146,10.00%
2026,14,38157,5.70%
2026,14,38519,7.00%
2026,14,38698,4.90%
2026,14,38761,3.60%
2026,14,38819,8.70%
2026,14,38831,9.90%
2026,14,38840,10.90%
2026,14,38897,9.70%
2026,14,43009,5.60%
2026,14,38114,6.40%
2026,14,38360,14.30%
2026,14,38379,0.70%
2026,14,38393,9.30%
2026,14,38469,7.20%
2026,14,38471,6.50%
2026,14,38472,6.50%
2026,14,38494,6.00%
2026,14,38637,3.70%
2026,14,38164,10.70%
2026,14,38222,12.80%
2026,14,38264,7.60%
2026,14,38599,12.20%
2026,14,38690,10.70%
2026,14,38731,13.40%
2026,14,38756,4.70%
2026,14,38787,9.80%
2026,14,38942,7.40%
2026,14,43100,16.20%
2026,14,38204,1.40%
2026,14,38359,9.60%
2026,14,38876,16.80%
2026,14,38917,4.70%
2026,14,43021,20.70%
2026,14,38217,1.70%
2026,14,38257,6.80%
2026,14,38259,4.10%
2026,14,38516,4.30%
2026,14,38586,0.60%
2026,14,38610,1.30%
2026,14,38993,22.20%
2026,14,43086,22.40%
2026,14,43146,4.00%
2026,14,38211,18.60%
2026,14,38212,2.30%
2026,14,38214,5.10%
2026,14,38354,21.50%
2026,14,38370,9.20%
2026,14,38639,14.10%
2026,14,38711,21.30%
2026,14,38723,7.40%
2026,14,38889,3.10%
2026,14,38972,29.80%
2026,14,38990,13.80%
2026,14,43001,10.00%
2026,14,38134,2.80%
2026,14,38260,1.10%
2026,14,38340,6.90%
2026,14,38464,8.60%
2026,14,38482,5.40%
2026,14,38501,8.70%
2026,14,38513,1.70%
2026,14,38526,7.50%
2026,14,38569,6.00%
2026,14,38570,5.80%
2026,14,38579,4.30%
2026,14,38619,3.50%
2026,14,38888,2.40%
2026,14,38941,0.80%
2026,14,38296,6.80%
2026,14,38328,10.70%
2026,14,38435,18.50%
2026,14,38488,9.40%
2026,14,38712,16.50%
2026,14,38744,12.60%
2026,14,38805,7.40%
2026,14,38828,27.30%
2026,14,38928,9.60%
2026,14,38975,10.60%
2026,14,43186,23.60%
2026,14,38408,23.50%
2026,14,38525,14.50%
2026,14,38738,10.30%
2026,14,38781,7.00%
2026,14,38839,11.80%
2026,14,38946,6.80%
2026,14,38966,14.40%
2026,14,38967,19.40%
2026,14,38267,14.20%
2026,14,38503,11.80%
2026,14,38760,20.40%
2026,14,38825,15.60%
2026,14,38842,17.70%
2026,14,38923,30.90%
2026,14,38979,14.30%
2026,14,38991,16.60%
2026,14,43190,25.50%
2026,14,38273,0.20%
2026,14,38275,0.50%
2026,14,38335,0.20%
2026,14,38454,0.50%
2026,14,38593,1.30%
2026,14,38887,0.20%
2026,14,38921,0.10%
2026,14,38956,2.70%
2026,14,38983,4.10%
2026,14,43114,0.90%
2026,14,43115,9.00%
2026,14,43138,1.40%
2026,14,38436,2.50%
2026,14,38491,0.70%
2026,14,38782,6.60%
2026,14,38890,0.90%
2026,14,43010,3.20%
2026,14,43113,9.30%
2026,14,38236,6.30%
2026,14,38309,5.90%
2026,14,38397,5.50%
2026,14,38413,1.60%
2026,14,38566,4.60%
2026,14,38614,1.60%
2026,14,38636,2.10%
2026,14,38648,5.40%
2026,14,38696,0.30%
2026,14,38838,4.20%
2026,14,43118,2.80%
2026,14,43137,3.20%
2026,14,38159,2.00%
2026,14,38338,8.40%
2026,14,38345,3.40%
2026,14,38479,10.20%
2026,14,38647,9.30%
2026,14,38868,0.80%
2026,14,38881,2.70%
2026,14,38931,2.10%
2026,14,38938,12.10%
2026,14,38969,0.50%
2026,14,38137,2.50%
2026,14,38143,7.50%
2026,14,38144,16.60%
2026,14,38153,5.40%
2026,14,38195,2.20%
2026,14,38229,9.80%
2026,14,38624,3.40%
2026,14,38640,5.20%
2026,14,38660,8.00%
2026,14,38994,8.00%
2026,14,43172,5.10%
2026,14,38210,1.20%
2026,14,38242,1.40%
2026,14,38288,3.10%
2026,14,38346,1.50%
2026,14,38381,0.80%
2026,14,38517,1.60%
2026,14,38523,1.60%
2026,14,38713,2.90%
2026,14,38863,0.80%
2026,14,38879,1.70%
2026,14,38162,14.50%
2026,14,38177,8.90%
2026,14,38213,4.40%
2026,14,38352,2.40%
2026,14,38356,3.60%
2026,14,38449,3.70%
2026,14,38542,4.30%
2026,14,38575,7.10%
2026,14,38588,4.00%
2026,14,38861,1.70%
2026,14,43046,3.50%
2026,14,43051,6.70%
2026,14,38409,10.30%
2026,14,38448,9.60%
2026,14,38486,11.40%
2026,14,38551,7.00%
2026,14,38583,9.60%
2026,14,38675,4.80%
2026,14,38702,33.10%
2026,14,38703,12.20%
2026,14,43057,23.40%
2026,14,43084,21.40%
2026,14,43148,15.40%
2026,14,38147,16.80%
2026,14,38163,16.10%
2026,14,38174,10.40%
2026,14,38407,8.30%
2026,14,38672,5.90%
2026,14,38699,4.30%
2026,14,38700,2.70%
2026,14,38733,5.50%
2026,14,38753,10.60%
2026,14,38754,1.20%
2026,14,43047,10.20%
2026,14,43129,2.60%
2026,14,38121,9.70%
2026,14,38366,2.00%
2026,14,38386,7.80%
2026,14,38461,8.30%
2026,14,38538,7.50%
2026,14,38644,0.90%
2026,14,38709,16.70%
2026,14,38722,9.00%
2026,14,38727,6.00%
2026,14,43041,4.60%
2026,14,38103,10.70%
2026,14,38104,7.80%
2026,14,38106,6.00%
2026,14,38112,5.50%
2026,14,38188,18.70%
2026,14,38227,2.90%
2026,14,38617,12.80%
2026,14,38646,9.30%
2026,14,38692,11.10%
2026,14,38730,6.30%
2026,14,38746,0.40%
2026,14,43142,7.90%
2026,14,38115,11.20%
2026,14,38119,17.10%
2026,14,38142,14.80%
2026,14,38149,12.30%
2026,14,38266,19.00%
2026,14,38270,14.90%
2026,14,38363,9.90%
2026,14,38394,10.20%
2026,14,38507,17.00%
2026,14,38535,16.90%
2026,14,38925,12.60%
2026,14,43043,9.80%
2026,14,43130,13.50%
2026,14,38108,8.00%
2026,14,38110,0.60%
2026,14,38187,1.40%
2026,14,38191,2.30%
2026,14,38220,5.10%
2026,14,38382,0.10%
2026,14,38415,0.50%
2026,14,38481,2.50%
2026,14,38522,8.00%
2026,14,38541,5.10%
2026,14,38597,9.50%
2026,14,38627,1.10%
2026,14,38136,8.40%
2026,14,38186,9.20%
2026,14,38374,8.00%
2026,14,38442,7.90%
2026,14,38460,9.30%
2026,14,38606,4.80%
2026,14,38661,15.30%
2026,14,38674,11.70%
2026,14,38694,3.90%
2026,14,38792,6.80%
2026,14,38845,5.30%
2026,14,38138,2.50%
2026,14,38141,3.50%
2026,14,38319,5.70%
2026,14,38441,5.10%
2026,14,38547,8.00%
2026,14,38668,3.50%
2026,14,38841,5.30%
2026,14,38896,23.90%
2026,14,38987,5.90%
2026,14,43059,1.60%
2026,14,43068,0.90%
2026,14,38158,5.20%
2026,14,38166,2.20%
2026,14,38390,1.20%
2026,14,38400,0.40%
2026,14,38445,3.40%
2026,14,38512,13.10%
2026,14,38532,10.20%
2026,14,38751,7.10%
2026,14,38755,0.10%
2026,14,38777,1.40%
2026,14,38798,3.20%
2026,14,38810,1.20%
2026,14,38180,8.60%
2026,14,38184,3.50%
2026,14,38533,20.00%
2026,14,38540,18.50%
2026,14,38564,10.20%
2026,14,38765,25.80%
2026,14,38788,10.80%
2026,14,38865,10.50%
2026,14,38968,20.20%
2026,14,38196,4.30%
2026,14,38246,17.80%
2026,14,38254,27.30%
2026,14,38263,22.50%
2026,14,38336,19.20%
2026,14,38596,13.30%
2026,14,38830,6.00%
2026,14,38883,4.00%
2026,14,38898,5.60%
2026,14,38935,15.00%
2026,14,38958,9.00%
2026,14,38963,13.30%
2026,14,38981,0.00%
2026,14,43005,9.10%
2026,14,38205,7.40%
2026,14,38207,2.60%
2026,14,38371,16.10%
2026,14,38411,20.80%
2026,14,38527,6.20%
2026,14,38546,12.00%
2026,14,38651,7.00%
2026,14,38677,21.00%
2026,14,38719,15.00%
2026,14,38837,13.20%
2026,14,43111,34.90%
2026,14,43132,12.30%
2026,14,43194,7.40%
2026,14,43195,3.40%
2026,14,38248,4.60%
2026,14,38671,3.80%
2026,14,38680,1.20%
2026,14,38808,1.60%
2026,14,38816,0.50%
2026,14,38875,6.90%
2026,14,38984,4.10%
2026,14,43007,0.90%
2026,14,43019,3.30%
2026,14,43154,3.20%
2026,14,38258,10.10%
2026,14,38313,6.00%
2026,14,38322,1.50%
2026,14,38380,1.30%
2026,14,38545,1.40%
2026,14,38582,5.90%
2026,14,38670,2.30%
2026,14,38836,3.60%
2026,14,38869,5.20%
2026,14,38874,10.10%
2026,14,38977,2.40%
2026,14,43143,1.50%
2026,14,38122,4.20%
2026,14,38148,5.80%
2026,14,38150,6.20%
2026,14,38189,3.80%
2026,14,38225,4.80%
2026,14,38233,36.10%
2026,14,38361,6.30%
2026,14,38414,0.50%
2026,14,38438,5.10%
2026,14,38485,5.50%
2026,14,38508,3.40%
2026,14,38534,2.50%
2026,14,38578,4.30%
2026,14,38607,6.50%
2026,14,38633,2.60%
2026,14,38704,0.60%
2026,14,38747,0.70%
2026,14,38749,1.20%
2026,14,38769,4.20%
2026,14,38829,1.80%
2026,14,38847,11.30%
2026,14,38957,3.50%
2026,14,43011,2.10%
2026,14,43058,2.90%
2026,14,43147,7.70%
2026,14,38243,12.10%
2026,14,38252,5.60%
2026,14,38271,4.90%
2026,14,38274,6.00%
2026,14,38277,11.90%
2026,14,38307,3.50%
2026,14,38326,11.00%
2026,14,38383,11.10%
2026,14,38446,2.80%
2026,14,38509,9.00%
2026,14,38539,1.70%
2026,14,38664,4.80%
2026,14,38667,0.20%
2026,14,38740,6.80%
2026,14,38763,4.60%
2026,14,38778,2.00%
2026,14,38779,11.60%
2026,14,38922,5.70%
2026,14,38933,3.80%
2026,14,38948,0.30%
2026,14,38952,19.40%
2026,14,43016,6.10%
2026,14,43060,5.50%
2026,14,43106,16.10%
2026,14,43156,7.50%
2026,14,38245,1.80%
2026,14,38247,6.90%
2026,14,38251,13.00%
2026,14,38453,2.30%
2026,14,38552,2.60%
2026,14,38673,7.80%
2026,14,38884,12.60%
2026,14,38904,7.90%
2026,14,43027,10.00%
2026,14,43032,17.10%
2026,14,43089,10.40%
2026,14,38268,11.60%
2026,14,38286,14.00%
2026,14,38601,7.40%
2026,14,38642,2.50%
2026,14,38729,8.30%
2026,14,38809,0.90%
2026,14,38812,2.60%
2026,14,38899,1.30%
2026,14,38997,10.10%
2026,14,38262,11.80%
2026,14,38355,3.30%
2026,14,38392,11.70%
2026,14,38473,6.80%
2026,14,38506,6.10%
2026,14,38563,14.30%
2026,14,38630,10.40%
2026,14,38734,15.10%
2026,14,38891,15.60%
2026,14,38912,24.20%
2026,14,38974,7.20%
2026,14,43063,8.50%
2026,14,43185,18.80%
2026,14,38265,29.80%
2026,14,38412,0.20%
2026,14,38450,0.40%
2026,14,38737,2.50%
2026,14,38848,4.30%
2026,14,38934,4.70%
2026,14,38999,2.40%
2026,14,43076,2.40%
2026,14,38683,9.70%
2026,14,38726,12.10%
2026,14,38743,10.60%
2026,14,38873,6.40%
2026,14,43003,10.20%
2026,14,43042,11.20%
2026,14,43096,15.90%
2026,14,38283,4.90%
2026,14,38342,23.20%
2026,14,38353,7.30%
2026,14,38524,20.20%
2026,14,38591,6.00%
2026,14,38666,4.20%
2026,14,38685,17.00%
2026,14,38693,10.10%
2026,14,38797,16.40%
2026,14,38985,10.50%
2026,14,38998,0.60%
2026,14,43110,8.70%
2026,14,43168,5.20%
2026,14,38305,0.60%
2026,14,38860,3.00%
2026,14,38895,6.40%
2026,14,43036,4.20%
2026,14,43040,11.60%
2026,14,43125,4.60%
2026,14,43149,3.90%
2026,14,43155,6.10%
2026,14,38306,1.60%
2026,14,38315,6.00%
2026,14,38520,8.10%
2026,14,38631,6.40%
2026,14,38665,0.20%
2026,14,38669,4.10%
2026,14,38735,8.50%
2026,14,38818,8.10%
2026,14,38953,1.80%
2026,14,43050,4.60%
2026,14,43071,4.00%
2026,14,38331,2.00%
2026,14,38459,5.50%
2026,14,38565,5.30%
2026,14,38650,6.30%
2026,14,38820,1.30%
2026,14,38947,3.10%
2026,14,38959,0.40%
2026,14,43031,5.90%
2026,14,43056,6.90%
2026,14,38457,6.40%
2026,14,38492,2.80%
2026,14,38618,1.40%
2026,14,38776,8.50%
2026,14,38986,13.80%
2026,14,38320,19.30%
2026,14,38323,3.10%
2026,14,38334,3.40%
2026,14,38350,2.30%
2026,14,38362,0.30%
2026,14,38373,4.50%
2026,14,38388,5.70%
2026,14,38518,2.30%
2026,14,38573,21.90%
2026,14,38574,11.20%
2026,14,38598,1.10%
2026,14,38609,1.20%
2026,14,38705,5.50%
2026,14,38759,8.40%
2026,14,38786,3.20%
2026,14,38826,5.50%
2026,14,38955,1.70%
2026,14,38988,7.10%
2026,14,43054,0.20%
2026,14,43088,11.50%
2026,14,43098,3.50%
2026,14,43133,4.60%
2026,14,43134,1.80%
2026,14,38250,0.60%
2026,14,38295,3.30%
2026,14,38467,2.00%
2026,14,38728,4.70%
2026,14,38757,5.40%
2026,14,38864,1.70%
2026,14,38871,1.00%
2026,14,38886,2.20%
2026,14,38916,1.20%
2026,14,38944,3.40%
2026,14,38976,1.50%
2026,14,43033,2.10%
2026,14,43180,7.20%
2026,14,38351,3.50%
2026,14,38375,4.10%
2026,14,38429,1.60%
2026,14,38511,1.20%
2026,14,38567,4.80%
2026,14,38678,5.40%
2026,14,38684,5.40%
2026,14,38716,3.50%
2026,14,38718,6.60%
2026,14,38996,3.50%
2026,14,43034,5.80%
2026,14,43164,4.60%
2026,14,43183,0.80%
2026,14,38357,1.50%
2026,14,38358,6.60%
2026,14,38790,2.20%
2026,14,38793,5.90%
2026,14,38893,9.00%
2026,14,38908,3.20%
2026,14,38939,3.80%
2026,14,43064,8.80%
2026,14,43170,4.40%
2026,14,38502,2.70%
2026,14,38594,1.50%
2026,14,38657,10.10%
2026,14,38659,2.00%
2026,14,38800,2.80%
2026,14,38801,5.00%
2026,14,38855,11.40%
2026,14,43026,3.80%
2026,14,43163,7.40%
2026,14,43169,3.50%
2026,14,38193,0.30%
2026,14,38372,3.00%
2026,14,38416,4.40%
2026,14,38499,2.00%
2026,14,38530,1.90%
2026,14,38549,3.20%
2026,14,38715,4.30%
2026,14,38764,0.10%
2026,14,43105,6.70%
2026,14,38117,11.10%
2026,14,38176,20.40%
2026,14,38197,11.30%
2026,14,38427,3.60%
2026,14,38458,4.50%
2026,14,38475,11.70%
2026,14,38561,5.20%
2026,14,38590,8.10%
2026,14,38656,14.30%
2026,14,38695,7.00%
2026,14,38770,4.50%
2026,14,38859,5.00%
2026,14,43152,9.00%
2026,14,38126,4.00%
2026,14,38185,6.00%
2026,14,38292,12.60%
2026,14,38439,2.50%
2026,14,38452,8.40%
2026,14,38466,2.40%
2026,14,38568,3.00%
2026,14,38799,3.10%
2026,14,38815,6.00%
2026,14,38918,6.00%
2026,14,43107,5.90%
2026,14,38178,28.80%
2026,14,38199,8.40%
2026,14,38238,2.70%
2026,14,38244,4.40%
2026,14,38276,8.60%
2026,14,38303,1.30%
2026,14,38510,10.90%
2026,14,38603,4.50%
2026,14,38739,5.80%
2026,14,38844,7.80%
2026,14,38849,3.00%
2026,14,38970,6.50%
2026,14,38333,13.50%
2026,14,38339,14.00%
2026,14,38368,12.90%
2026,14,38401,23.00%
2026,14,38456,26.60%
2026,14,38515,15.00%
2026,14,38604,10.90%
2026,14,38862,19.30%
2026,14,38894,7.00%
2026,14,43193,7.80%
2026,14,38377,8.60%
2026,14,38480,5.90%
2026,14,38559,5.20%
2026,14,38629,12.20%
2026,14,38846,8.50%
2026,14,38882,13.60%
2026,14,43055,9.80%
2026,14,43135,11.30%
2026,14,38154,1.60%
2026,14,38221,9.30%
2026,14,38228,8.80%
2026,14,38241,4.40%
2026,14,38314,2.70%
2026,14,38324,0.50%
2026,14,38384,1.90%
2026,14,38592,7.70%
2026,14,38679,2.80%
2026,14,43151,10.30%
2026,14,38348,9.60%
2026,14,38396,3.80%
2026,14,38410,9.80%
2026,14,38451,10.50%
2026,14,38536,9.60%
2026,14,38550,7.20%
2026,14,38649,8.80%
2026,14,38682,19.00%
2026,14,43044,29.80%
2026,14,43157,17.50%
2026,14,38255,14.40%
2026,14,38302,5.00%
2026,14,38311,16.80%
2026,14,38434,9.40%
2026,14,38714,3.10%
2026,14,38745,18.60%
2026,14,38814,11.20%
2026,14,38980,5.00%
2026,14,43092,13.80%
2026,14,43145,30.20%
2026,14,43171,25.30%
2026,14,43174,17.80%
2026,14,38300,2.70%
2026,14,38316,0.20%
2026,14,38329,5.30%
2026,14,38655,1.90%
2026,14,38758,0.10%
2026,14,38926,0.10%
2026,14,43000,3.70%
2026,14,38318,3.80%
2026,14,38337,0.10%
2026,14,38476,0.20%
2026,14,38621,0.10%
2026,14,38707,2.10%
2026,14,38892,0.30%
2026,14,38971,3.40%
2026,14,38973,12.10%
2026,14,38321,5.10%
2026,14,38325,7.00%
2026,14,38341,15.60%
2026,14,38490,4.50%
2026,14,38708,8.40%
2026,14,38909,0.50%
2026,14,38927,0.80%
2026,14,38932,6.40%
2026,14,38960,4.50%
2026,14,38170,4.70%
2026,14,38218,1.60%
2026,14,38237,3.20%
2026,14,38249,14.70%
2026,14,38287,1.40%
2026,14,38290,7.60%
2026,14,38304,5.60%
2026,14,38330,16.00%
2026,14,38905,6.50%
2026,14,38978,7.90%
2026,14,38431,10.20%
2026,14,38529,7.20%
2026,14,38811,12.30%
2026,14,38903,6.00%
2026,14,38924,13.70%
2026,14,38930,5.00%
2026,14,38937,9.60%
2026,14,38965,3.20%
2026,14,38992,6.60%
2026,14,38995,8.50%
2026,14,38123,8.60%
2026,14,38155,7.60%
2026,14,38203,4.70%
2026,14,38234,5.20%
2026,14,38376,5.60%
2026,14,38463,8.30%
2026,14,38465,3.10%
2026,14,38487,0.70%
2026,14,38497,6.60%
2026,14,38762,3.30%
2026,14,38785,2.90%
2026,14,43123,14.40%
2026,14,38201,13.00%
2026,14,38223,0.70%
2026,14,38224,3.80%
2026,14,38584,6.90%
2026,14,38742,2.30%
2026,14,38907,10.00%
2026,14,38278,5.90%
2026,14,38282,6.30%
2026,14,38310,23.20%
2026,14,38443,1.90%
2026,14,38531,9.80%
2026,14,38537,7.10%
2026,14,38643,5.30%
2026,14,38870,12.50%
2026,14,38920,11.70%
2026,14,43018,6.00%
2026,14,38151,
2026,14,38171,
2026,14,38206,
2026,14,38297,
2026,14,38299,
2026,14,38385,
2026,14,38395,
2026,14,38420,
2026,14,38425,
2026,14,38478,
2026,14,38521,
2026,14,38576,
2026,14,38775,
2026,14,38795,
2026,14,38796,
2026,14,38803,
2026,14,38827,
2026,14,38877,
2026,14,38901,
2026,14,38906,
2026,14,38910,
2026,14,38911,
2026,14,38929,
2026,14,38943,
2026,14,43082,
2026,14,43083,
2026,14,43162,
2026,15,38209,5.80%
2026,15,38317,5.70%
2026,15,38489,4.20%
2026,15,38589,7.80%
2026,15,38843,7.40%
2026,15,38872,25.20%
2026,15,38950,15.60%
2026,15,38989,15.40%
2026,15,43029,12.40%
2026,15,38101,1.30%
2026,15,38240,2.70%
2026,15,38285,0.90%
2026,15,38291,2.20%
2026,15,38389,3.60%
2026,15,38404,2.40%
2026,15,38422,3.50%
2026,15,38433,4.20%
2026,15,38555,3.00%
2026,15,38613,18.90%
2026,15,38654,4.10%
2026,15,38681,4.60%
2026,15,43188,13.30%
2026,15,38183,2.60%
2026,15,38387,10.30%
2026,15,38577,2.40%
2026,15,38721,7.00%
2026,15,38732,9.90%
2026,15,38736,2.80%
2026,15,38813,0.80%
2026,15,38821,1.40%
2026,15,38857,23.80%
2026,15,43008,10.20%
2026,15,43124,9.30%
2026,15,38344,8.60%
2026,15,38635,7.40%
2026,15,38858,0.20%
2026,15,38109,10.30%
2026,15,38173,3.30%
2026,15,38378,7.00%
2026,15,38423,3.80%
2026,15,38432,5.10%
2026,15,38440,3.30%
2026,15,38483,9.30%
2026,15,38498,3.00%
2026,15,38504,7.40%
2026,15,38554,0.50%
2026,15,38556,3.20%
2026,15,38558,5.50%
2026,15,38602,7.60%
2026,15,38658,4.10%
2026,15,38752,7.80%
2026,15,38850,4.00%
2026,15,38113,8.50%
2026,15,38139,8.50%
2026,15,38152,11.00%
2026,15,38208,17.20%
2026,15,38239,8.90%
2026,15,38365,5.40%
2026,15,38417,13.10%
2026,15,38430,2.70%
2026,15,38484,12.90%
2026,15,38585,7.40%
2026,15,38620,6.50%
2026,15,38663,15.20%
2026,15,43025,6.00%
2026,15,38111,6.70%
2026,15,38118,5.40%
2026,15,38194,5.80%
2026,15,38219,6.60%
2026,15,38349,7.40%
2026,15,38399,3.90%
2026,15,38405,4.00%
2026,15,38470,4.50%
2026,15,38557,3.50%
2026,15,38581,3.90%
2026,15,38600,0.20%
2026,15,38612,5.10%
2026,15,38676,1.50%
2026,15,38982,11.80%
2026,15,43045,19.50%
2026,15,38107,9.60%
2026,15,38116,6.20%
2026,15,38124,2.80%
2026,15,38129,6.30%
2026,15,38169,7.10%
2026,15,38398,8.40%
2026,15,38428,7.80%
2026,15,38447,1.90%
2026,15,38544,4.10%
2026,15,38571,3.40%
2026,15,38580,7.60%
2026,15,38615,4.60%
2026,15,38691,10.60%
2026,15,43159,2.90%
2026,15,38226,7.40%
2026,15,38279,0.90%
2026,15,38289,7.40%
2026,15,38418,2.10%
2026,15,38419,0.80%
2026,15,38468,5.20%
2026,15,38477,3.60%
2026,15,38496,6.80%
2026,15,38611,9.60%
2026,15,38645,1.30%
2026,15,38725,8.60%
2026,15,43070,5.90%
2026,15,38131,7.40%
2026,15,38172,3.00%
2026,15,38402,4.20%
2026,15,38406,2.90%
2026,15,38543,4.50%
2026,15,38560,3.00%
2026,15,38605,5.80%
2026,15,38625,2.50%
2026,15,38771,1.10%
2026,15,38784,3.50%
2026,15,38791,0.10%
2026,15,38806,6.80%
2026,15,38866,2.00%
2026,15,38133,13.00%
2026,15,38190,7.00%
2026,15,38192,4.10%
2026,15,38280,11.00%
2026,15,38634,9.30%
2026,15,38638,3.90%
2026,15,38804,4.50%
2026,15,38949,7.90%
2026,15,43069,16.80%
2026,15,43074,13.30%
2026,15,43166,8.20%
2026,15,38146,10.40%
2026,15,38157,9.40%
2026,15,38519,4.60%
2026,15,38698,6.30%
2026,15,38761,4.00%
2026,15,38768,5.80%
2026,15,38819,8.10%
2026,15,38831,12.40%
2026,15,38840,9.10%
2026,15,38897,11.30%
2026,15,43009,7.80%
2026,15,38114,6.40%
2026,15,38360,13.10%
2026,15,38379,0.60%
2026,15,38393,11.10%
2026,15,38469,9.40%
2026,15,38471,6.20%
2026,15,38472,4.00%
2026,15,38494,7.90%
2026,15,38637,2.80%
2026,15,38817,5.00%
2026,15,38964,4.10%
2026,15,38164,13.30%
2026,15,38222,16.70%
2026,15,38264,7.50%
2026,15,38599,17.90%
2026,15,38690,12.50%
2026,15,38731,11.70%
2026,15,38756,4.70%
2026,15,38787,13.90%
2026,15,38942,11.10%
2026,15,43100,26.90%
2026,15,38204,1.40%
2026,15,38359,8.30%
2026,15,38876,12.50%
2026,15,38917,7.70%
2026,15,43021,18.30%
2026,15,38217,1.70%
2026,15,38257,8.40%
2026,15,38259,9.40%
2026,15,38516,3.90%
2026,15,38586,1.30%
2026,15,38610,0.80%
2026,15,38993,20.90%
2026,15,43086,27.90%
2026,15,43146,4.50%
2026,15,38211,17.40%
2026,15,38212,2.40%
2026,15,38214,12.80%
2026,15,38354,22.90%
2026,15,38370,8.00%
2026,15,38639,18.50%
2026,15,38711,36.30%
2026,15,38723,9.80%
2026,15,38889,3.60%
2026,15,38972,33.60%
2026,15,38990,26.60%
2026,15,43001,18.40%
2026,15,38134,3.10%
2026,15,38260,1.90%
2026,15,38340,7.40%
2026,15,38464,8.50%
2026,15,38482,7.90%
2026,15,38501,5.00%
2026,15,38513,3.00%
2026,15,38526,5.30%
2026,15,38569,7.30%
2026,15,38570,8.40%
2026,15,38579,4.30%
2026,15,38619,5.90%
2026,15,38888,2.60%
2026,15,38941,1.20%
2026,15,38296,7.60%
2026,15,38328,17.00%
2026,15,38435,13.30%
2026,15,38488,15.40%
2026,15,38712,15.40%
2026,15,38744,22.00%
2026,15,38805,8.40%
2026,15,38828,29.10%
2026,15,38928,12.20%
2026,15,38975,15.20%
2026,15,43186,22.20%
2026,15,38408,21.50%
2026,15,38525,14.80%
2026,15,38738,10.30%
2026,15,38781,4.40%
2026,15,38839,12.30%
2026,15,38946,12.20%
2026,15,38966,17.30%
2026,15,38967,19.20%
2026,15,38267,8.30%
2026,15,38503,17.00%
2026,15,38760,19.20%
2026,15,38825,15.40%
2026,15,38842,18.50%
2026,15,38923,31.70%
2026,15,38979,23.10%
2026,15,38991,16.00%
2026,15,43190,24.90%
2026,15,38273,0.30%
2026,15,38275,0.50%
2026,15,38335,0.20%
2026,15,38454,0.80%
2026,15,38593,0.80%
2026,15,38887,1.10%
2026,15,38956,2.30%
2026,15,38983,4.70%
2026,15,43114,0.50%
2026,15,43115,7.40%
2026,15,43138,2.90%
2026,15,38436,2.30%
2026,15,38491,1.00%
2026,15,38782,5.90%
2026,15,38890,1.20%
2026,15,43010,4.00%
2026,15,43113,8.60%
2026,15,43150,9.50%
2026,15,38236,5.70%
2026,15,38309,5.60%
2026,15,38397,4.30%
2026,15,38413,1.30%
2026,15,38566,4.90%
2026,15,38614,7.90%
2026,15,38636,3.60%
2026,15,38648,4.90%
2026,15,38696,0.10%
2026,15,38838,6.30%
2026,15,43118,8.30%
2026,15,43137,3.00%
2026,15,38159,2.00%
2026,15,38338,7.80%
2026,15,38345,5.00%
2026,15,38479,8.70%
2026,15,38647,7.90%
2026,15,38868,0.50%
2026,15,38881,2.70%
2026,15,38931,1.70%
2026,15,38938,9.70%
2026,15,38969,1.50%
2026,15,38137,7.20%
2026,15,38143,10.80%
2026,15,38144,6.60%
2026,15,38153,5.20%
2026,15,38195,2.70%
2026,15,38229,8.40%
2026,15,38624,3.80%
2026,15,38640,4.10%
2026,15,38660,8.90%
2026,15,38994,2.80%
2026,15,43172,11.40%
2026,15,38210,2.00%
2026,15,38242,1.60%
2026,15,38288,3.30%
2026,15,38346,2.50%
2026,15,38381,1.00%
2026,15,38517,1.10%
2026,15,38523,2.70%
2026,15,38713,3.90%
2026,15,38863,0.80%
2026,15,38879,1.50%
2026,15,38162,11.00%
2026,15,38177,8.60%
2026,15,38213,4.20%
2026,15,38332,1.30%
2026,15,38352,2.70%
2026,15,38356,3.20%
2026,15,38449,5.30%
2026,15,38542,8.80%
2026,15,38575,12.80%
2026,15,38588,7.30%
2026,15,38861,2.20%
2026,15,43046,3.40%
2026,15,43051,17.40%
2026,15,38409,9.80%
2026,15,38448,15.80%
2026,15,38486,13.50%
2026,15,38551,6.60%
2026,15,38583,10.70%
2026,15,38675,6.30%
2026,15,38702,16.50%
2026,15,38703,12.70%
2026,15,43057,23.20%
2026,15,43084,16.20%
2026,15,43148,15.50%
2026,15,38147,18.20%
2026,15,38163,10.40%
2026,15,38174,10.40%
2026,15,38407,8.90%
2026,15,38672,6.60%
2026,15,38699,4.20%
2026,15,38700,4.00%
2026,15,38733,7.60%
2026,15,38753,8.30%
2026,15,38754,1.60%
2026,15,43047,12.90%
2026,15,43129,5.20%
2026,15,38121,10.10%
2026,15,38366,6.00%
2026,15,38386,7.30%
2026,15,38461,8.90%
2026,15,38538,8.30%
2026,15,38644,3.40%
2026,15,38709,13.40%
2026,15,38722,6.30%
2026,15,38727,7.20%
2026,15,38773,4.60%
2026,15,43041,10.50%
2026,15,38103,10.10%
2026,15,38104,11.50%
2026,15,38106,5.30%
2026,15,38112,5.80%
2026,15,38188,9.60%
2026,15,38227,3.50%
2026,15,38617,15.30%
2026,15,38646,11.00%
2026,15,38692,14.30%
2026,15,38730,4.50%
2026,15,38746,0.30%
2026,15,38954,3.60%
2026,15,43142,8.00%
2026,15,38115,11.30%
2026,15,38119,18.20%
2026,15,38142,13.70%
2026,15,38149,11.30%
2026,15,38266,22.50%
2026,15,38270,18.30%
2026,15,38363,10.90%
2026,15,38394,10.10%
2026,15,38507,15.90%
2026,15,38535,14.90%
2026,15,38925,12.50%
2026,15,43043,17.10%
2026,15,43130,14.20%
2026,15,38108,6.30%
2026,15,38110,0.40%
2026,15,38187,2.50%
2026,15,38191,2.60%
2026,15,38220,9.40%
2026,15,38382,0.70%
2026,15,38415,0.30%
2026,15,38481,2.30%
2026,15,38522,6.80%
2026,15,38541,6.30%
2026,15,38597,9.40%
2026,15,38627,1.20%
2026,15,38136,15.50%
2026,15,38186,10.90%
2026,15,38230,7.40%
2026,15,38374,13.30%
2026,15,38442,8.50%
2026,15,38460,9.80%
2026,15,38606,4.80%
2026,15,38661,16.20%
2026,15,38674,18.30%
2026,15,38694,4.00%
2026,15,38792,10.00%
2026,15,38845,12.20%
2026,15,38138,2.00%
2026,15,38141,5.70%
2026,15,38319,8.10%
2026,15,38441,6.60%
2026,15,38547,9.90%
2026,15,38668,3.30%
2026,15,38841,4.10%
2026,15,38896,16.40%
2026,15,38987,7.40%
2026,15,43059,2.90%
2026,15,43068,0.80%
2026,15,38158,5.20%
2026,15,38166,3.40%
2026,15,38390,1.80%
2026,15,38400,0.30%
2026,15,38445,4.70%
2026,15,38512,17.50%
2026,15,38532,7.80%
2026,15,38751,6.90%
2026,15,38755,0.10%
2026,15,38777,2.00%
2026,15,38780,4.20%
2026,15,38798,3.60%
2026,15,38810,1.00%
2026,15,38180,9.70%
2026,15,38184,5.50%
2026,15,38198,19.00%
2026,15,38533,16.70%
2026,15,38540,13.30%
2026,15,38564,3.00%
2026,15,38741,6.00%
2026,15,38765,22.20%
2026,15,38788,13.30%
2026,15,38865,9.00%
2026,15,38968,11.80%
2026,15,38196,3.70%
2026,15,38246,21.40%
2026,15,38254,19.30%
2026,15,38263,20.70%
2026,15,38336,30.30%
2026,15,38596,11.80%
2026,15,38830,4.60%
2026,15,38883,11.60%
2026,15,38898,4.90%
2026,15,38935,18.20%
2026,15,38958,18.30%
2026,15,38963,16.10%
2026,15,38981,0.00%
2026,15,43005,17.50%
2026,15,38205,10.50%
2026,15,38207,2.70%
2026,15,38371,23.20%
2026,15,38411,21.70%
2026,15,38527,8.60%
2026,15,38546,13.70%
2026,15,38651,5.60%
2026,15,38677,20.50%
2026,15,38719,17.90%
2026,15,38837,20.00%
2026,15,43111,37.90%
2026,15,43132,19.00%
2026,15,43194,8.60%
2026,15,43195,2.80%
2026,15,38248,11.90%
2026,15,38671,5.10%
2026,15,38680,1.90%
2026,15,38808,2.10%
2026,15,38816,4.30%
2026,15,38875,11.00%
2026,15,38984,9.40%
2026,15,43007,2.10%
2026,15,43019,4.30%
2026,15,43154,5.80%
2026,15,38258,6.80%
2026,15,38313,7.40%
2026,15,38322,3.10%
2026,15,38380,1.90%
2026,15,38545,4.90%
2026,15,38582,5.60%
2026,15,38670,3.60%
2026,15,38836,6.90%
2026,15,38869,8.10%
2026,15,38874,22.00%
2026,15,38977,1.20%
2026,15,43143,1.70%
2026,15,38122,4.90%
2026,15,38148,5.20%
2026,15,38150,8.60%
2026,15,38189,3.80%
2026,15,38225,8.50%
2026,15,38233,5.40%
2026,15,38361,7.50%
2026,15,38414,2.80%
2026,15,38438,7.70%
2026,15,38485,7.20%
2026,15,38508,4.10%
2026,15,38534,2.00%
2026,15,38578,6.40%
2026,15,38607,7.90%
2026,15,38633,1.60%
2026,15,38704,0.30%
2026,15,38747,0.70%
2026,15,38749,0.50%
2026,15,38769,10.80%
2026,15,38829,3.70%
2026,15,38847,10.50%
2026,15,38957,6.90%
2026,15,43011,4.60%
2026,15,43058,5.00%
2026,15,43147,9.00%
2026,15,38243,9.00%
2026,15,38252,7.50%
2026,15,38271,8.30%
2026,15,38274,5.00%
2026,15,38277,16.40%
2026,15,38307,4.40%
2026,15,38326,9.90%
2026,15,38383,9.80%
2026,15,38446,2.50%
2026,15,38509,9.60%
2026,15,38539,2.30%
2026,15,38664,9.00%
2026,15,38667,0.50%
2026,15,38740,4.50%
2026,15,38763,3.90%
2026,15,38778,0.30%
2026,15,38779,13.70%
2026,15,38922,7.10%
2026,15,38933,1.30%
2026,15,38948,0.20%
2026,15,38952,8.60%
2026,15,43016,5.00%
2026,15,43060,6.80%
2026,15,43106,16.50%
2026,15,43156,8.70%
2026,15,38245,7.90%
2026,15,38247,7.10%
2026,15,38251,14.90%
2026,15,38453,1.40%
2026,15,38552,1.90%
2026,15,38673,11.00%
2026,15,38884,9.50%
2026,15,38904,7.40%
2026,15,43027,20.80%
2026,15,43032,13.90%
2026,15,43089,12.20%
2026,15,38268,12.80%
2026,15,38286,12.90%
2026,15,38601,12.20%
2026,15,38642,2.30%
2026,15,38729,9.40%
2026,15,38809,0.90%
2026,15,38812,2.90%
2026,15,38832,8.20%
2026,15,38899,1.80%
2026,15,38997,13.90%
2026,15,38262,17.60%
2026,15,38355,5.00%
2026,15,38392,12.70%
2026,15,38473,11.70%
2026,15,38506,6.50%
2026,15,38563,14.00%
2026,15,38630,10.10%
2026,15,38734,18.00%
2026,15,38891,13.40%
2026,15,38912,21.90%
2026,15,38974,9.30%
2026,15,43063,10.10%
2026,15,43185,23.10%
2026,15,38265,46.70%
2026,15,38412,2.00%
2026,15,38450,0.70%
2026,15,38737,2.50%
2026,15,38848,4.40%
2026,15,38934,2.70%
2026,15,38999,2.00%
2026,15,43076,2.10%
2026,15,38683,10.50%
2026,15,38726,13.20%
2026,15,38743,12.40%
2026,15,38873,8.80%
2026,15,43003,21.00%
2026,15,43042,14.90%
2026,15,43096,9.40%
2026,15,38283,13.10%
2026,15,38342,28.80%
2026,15,38353,19.30%
2026,15,38524,23.50%
2026,15,38591,9.60%
2026,15,38666,2.80%
2026,15,38685,23.80%
2026,15,38693,8.80%
2026,15,38797,35.00%
2026,15,38985,13.90%
2026,15,38998,0.60%
2026,15,43110,10.30%
2026,15,43168,9.60%
2026,15,38305,0.70%
2026,15,38860,3.30%
2026,15,38895,7.70%
2026,15,43036,3.40%
2026,15,43040,6.60%
2026,15,43125,9.40%
2026,15,43149,7.50%
2026,15,43155,12.60%
2026,15,38306,2.10%
2026,15,38315,6.30%
2026,15,38520,9.90%
2026,15,38631,8.90%
2026,15,38665,0.10%
2026,15,38669,4.90%
2026,15,38689,0.10%
2026,15,38735,6.10%
2026,15,38818,8.10%
2026,15,38953,1.60%
2026,15,43050,3.60%
2026,15,43071,3.90%
2026,15,38331,3.00%
2026,15,38459,6.80%
2026,15,38565,8.20%
2026,15,38650,6.80%
2026,15,38820,2.30%
2026,15,38947,3.80%
2026,15,38959,0.90%
2026,15,43031,5.10%
2026,15,43056,4.90%
2026,15,38457,5.90%
2026,15,38492,3.60%
2026,15,38618,2.20%
2026,15,38776,9.90%
2026,15,38986,9.70%
2026,15,38320,16.00%
2026,15,38323,4.20%
2026,15,38334,2.90%
2026,15,38350,2.20%
2026,15,38362,1.10%
2026,15,38373,6.50%
2026,15,38388,7.80%
2026,15,38518,3.00%
2026,15,38573,22.50%
2026,15,38574,17.80%
2026,15,38598,1.20%
2026,15,38609,2.20%
2026,15,38705,5.10%
2026,15,38759,13.10%
2026,15,38786,5.70%
2026,15,38826,5.20%
2026,15,38955,1.30%
2026,15,38988,7.10%
2026,15,43054,14.30%
2026,15,43088,14.00%
2026,15,43098,8.30%
2026,15,43133,5.80%
2026,15,43134,0.90%
2026,15,38250,2.60%
2026,15,38295,4.20%
2026,15,38467,2.90%
2026,15,38728,8.50%
2026,15,38757,1.50%
2026,15,38864,3.90%
2026,15,38871,0.50%
2026,15,38886,1.60%
2026,15,38916,1.50%
2026,15,38944,5.40%
2026,15,38976,1.20%
2026,15,43033,1.70%
2026,15,43180,14.80%
2026,15,38351,3.60%
2026,15,38375,7.50%
2026,15,38429,4.30%
2026,15,38511,2.20%
2026,15,38567,5.20%
2026,15,38678,5.10%
2026,15,38684,6.10%
2026,15,38716,4.10%
2026,15,38718,4.20%
2026,15,38996,5.30%
2026,15,43034,6.00%
2026,15,43164,4.60%
2026,15,43183,3.40%
2026,15,38357,0.60%
2026,15,38358,4.20%
2026,15,38790,4.00%
2026,15,38793,7.70%
2026,15,38893,10.90%
2026,15,38908,3.50%
2026,15,38939,3.70%
2026,15,43064,11.40%
2026,15,43170,4.90%
2026,15,38502,3.60%
2026,15,38594,2.30%
2026,15,38657,10.30%
2026,15,38659,1.10%
2026,15,38800,3.50%
2026,15,38801,5.10%
2026,15,38855,21.30%
2026,15,43026,4.10%
2026,15,43163,7.50%
2026,15,43169,3.80%
2026,15,38193,0.10%
2026,15,38372,2.20%
2026,15,38416,4.20%
2026,15,38499,5.00%
2026,15,38530,4.70%
2026,15,38549,2.90%
2026,15,38715,3.30%
2026,15,38764,0.10%
2026,15,38951,1.90%
2026,15,43105,2.90%
2026,15,38117,5.50%
2026,15,38176,29.50%
2026,15,38197,10.60%
2026,15,38427,4.30%
2026,15,38458,4.10%
2026,15,38475,11.40%
2026,15,38561,6.40%
2026,15,38590,9.20%
2026,15,38656,22.50%
2026,15,38695,6.80%
2026,15,38770,5.00%
2026,15,38859,3.90%
2026,15,43152,10.40%
2026,15,38126,5.00%
2026,15,38179,2.20%
2026,15,38185,9.80%
2026,15,38292,12.00%
2026,15,38439,5.00%
2026,15,38452,6.10%
2026,15,38466,5.20%
2026,15,38553,1.00%
2026,15,38568,3.60%
2026,15,38799,3.10%
2026,15,38815,6.40%
2026,15,38918,6.00%
2026,15,43107,4.80%
2026,15,38178,34.50%
2026,15,38199,7.20%
2026,15,38238,1.50%
2026,15,38244,6.00%
2026,15,38276,9.30%
2026,15,38303,9.20%
2026,15,38510,13.40%
2026,15,38603,6.60%
2026,15,38739,7.10%
2026,15,38844,9.10%
2026,15,38849,12.80%
2026,15,38970,5.80%
2026,15,38333,15.20%
2026,15,38339,15.80%
2026,15,38368,20.20%
2026,15,38401,35.20%
2026,15,38456,32.00%
2026,15,38515,12.40%
2026,15,38604,16.20%
2026,15,38862,23.70%
2026,15,38894,15.50%
2026,15,43193,7.70%
2026,15,38377,8.50%
2026,15,38480,6.20%
2026,15,38559,6.90%
2026,15,38629,5.90%
2026,15,38846,9.00%
2026,15,38882,14.30%
2026,15,43055,13.40%
2026,15,43135,13.50%
2026,15,38154,1.60%
2026,15,38221,8.70%
2026,15,38228,6.60%
2026,15,38241,1.80%
2026,15,38314,2.60%
2026,15,38324,2.30%
2026,15,38384,2.80%
2026,15,38592,11.00%
2026,15,38679,4.00%
2026,15,43030,2.40%
2026,15,43151,13.60%
2026,15,38348,6.00%
2026,15,38396,12.00%
2026,15,38410,9.00%
2026,15,38451,11.30%
2026,15,38536,9.30%
2026,15,38550,10.00%
2026,15,38649,8.00%
2026,15,38682,19.60%
2026,15,43044,32.20%
2026,15,43157,14.00%
2026,15,38255,12.30%
2026,15,38302,7.00%
2026,15,38311,13.80%
2026,15,38434,9.20%
2026,15,38714,10.50%
2026,15,38745,18.20%
2026,15,38814,10.40%
2026,15,38980,3.10%
2026,15,43092,16.40%
2026,15,43145,34.10%
2026,15,43171,13.70%
2026,15,43174,22.70%
2026,15,38300,1.80%
2026,15,38316,0.60%
2026,15,38329,2.90%
2026,15,38655,1.60%
2026,15,38758,0.40%
2026,15,38867,0.30%
2026,15,38926,0.10%
2026,15,43000,2.90%
2026,15,38318,2.50%
2026,15,38337,0.10%
2026,15,38476,0.10%
2026,15,38621,0.30%
2026,15,38707,2.50%
2026,15,38892,0.50%
2026,15,38971,3.40%
2026,15,38973,11.30%
2026,15,38321,7.40%
2026,15,38325,9.10%
2026,15,38341,10.80%
2026,15,38490,14.40%
2026,15,38708,10.80%
2026,15,38909,16.00%
2026,15,38927,1.10%
2026,15,38932,10.70%
2026,15,38960,7.20%
2026,15,38170,4.50%
2026,15,38218,2.90%
2026,15,38237,2.50%
2026,15,38249,17.90%
2026,15,38287,1.90%
2026,15,38290,2.60%
2026,15,38304,8.50%
2026,15,38330,22.40%
2026,15,38905,4.70%
2026,15,38978,9.40%
2026,15,38431,11.00%
2026,15,38529,7.20%
2026,15,38811,12.20%
2026,15,38903,8.80%
2026,15,38924,20.60%
2026,15,38930,9.70%
2026,15,38937,12.70%
2026,15,38965,4.30%
2026,15,38992,9.50%
2026,15,38995,9.40%
2026,15,38123,12.40%
2026,15,38155,8.50%
2026,15,38203,6.00%
2026,15,38234,8.10%
2026,15,38376,6.50%
2026,15,38463,7.50%
2026,15,38465,4.00%
2026,15,38487,1.00%
2026,15,38497,10.70%
2026,15,38762,8.60%
2026,15,38785,6.00%
2026,15,43123,16.80%
2026,15,38201,15.70%
2026,15,38223,1.00%
2026,15,38224,3.90%
2026,15,38584,8.00%
2026,15,38742,2.60%
2026,15,38907,11.60%
2026,15,38278,10.50%
2026,15,38282,11.30%
2026,15,38310,31.10%
2026,15,38443,3.30%
2026,15,38531,19.30%
2026,15,38537,10.30%
2026,15,38643,7.10%
2026,15,38870,13.00%
2026,15,38920,11.50%
2026,15,43018,12.40%
2026,15,38151,
2026,15,38161,
2026,15,38171,
2026,15,38206,
2026,15,38297,
2026,15,38299,
2026,15,38385,
2026,15,38395,
2026,15,38478,
2026,15,38608,
2026,15,38641,
2026,15,38653,
2026,15,38775,
2026,15,38789,
2026,15,38795,
2026,15,38796,
2026,15,38803,
2026,15,38827,
2026,15,38851,
2026,15,38877,
2026,15,38885,
2026,15,38901,
2026,15,38906,
2026,15,38910,
2026,15,38911,
2026,15,38929,
2026,15,38943,
2026,15,43082,
2026,15,43083,
2026,15,43162,
2026,16,38209,7.60%
2026,16,38317,7.70%
2026,16,38489,8.30%
2026,16,38589,11.40%
2026,16,38843,12.30%
2026,16,38872,18.70%
2026,16,38950,14.10%
2026,16,38989,14.20%
2026,16,43029,10.90%
2026,16,38101,0.50%
2026,16,38240,3.20%
2026,16,38272,3.00%
2026,16,38285,1.90%
2026,16,38291,0.70%
2026,16,38389,2.40%
2026,16,38404,3.80%
2026,16,38422,3.00%
2026,16,38433,3.20%
2026,16,38555,2.20%
2026,16,38613,16.80%
2026,16,38654,2.60%
2026,16,38681,4.80%
2026,16,43188,13.80%
2026,16,38183,6.10%
2026,16,38387,10.30%
2026,16,38577,2.30%
2026,16,38721,5.20%
2026,16,38732,5.20%
2026,16,38736,3.30%
2026,16,38813,1.10%
2026,16,38821,6.20%
2026,16,38857,27.80%
2026,16,43008,9.40%
2026,16,43124,6.80%
2026,16,38344,6.70%
2026,16,38635,6.40%
2026,16,38858,0.50%
2026,16,38109,9.50%
2026,16,38173,2.10%
2026,16,38312,2.80%
2026,16,38378,5.50%
2026,16,38423,3.30%
2026,16,38432,5.30%
2026,16,38440,3.00%
2026,16,38483,7.80%
2026,16,38498,3.60%
2026,16,38504,8.00%
2026,16,38554,0.20%
2026,16,38556,2.70%
2026,16,38558,7.20%
2026,16,38602,6.60%
2026,16,38658,2.90%
2026,16,38752,8.20%
2026,16,38850,2.80%
2026,16,38113,9.00%
2026,16,38139,8.80%
2026,16,38152,10.90%
2026,16,38208,14.50%
2026,16,38239,7.90%
2026,16,38365,4.30%
2026,16,38417,11.00%
2026,16,38430,3.00%
2026,16,38484,11.10%
2026,16,38585,8.70%
2026,16,38620,4.50%
2026,16,38663,13.80%
2026,16,43025,5.40%
2026,16,38111,5.00%
2026,16,38118,3.70%
2026,16,38194,4.10%
2026,16,38219,5.20%
2026,16,38349,9.00%
2026,16,38399,4.50%
2026,16,38405,3.10%
2026,16,38470,3.30%
2026,16,38557,1.30%
2026,16,38581,4.40%
2026,16,38600,0.00%
2026,16,38612,3.80%
2026,16,38676,2.00%
2026,16,38982,11.00%
2026,16,43045,7.50%
2026,16,38107,8.60%
2026,16,38116,6.20%
2026,16,38124,2.70%
2026,16,38129,6.30%
2026,16,38169,6.80%
2026,16,38398,8.60%
2026,16,38428,7.00%
2026,16,38447,1.50%
2026,16,38544,3.00%
2026,16,38571,2.50%
2026,16,38580,6.50%
2026,16,38615,4.30%
2026,16,38691,9.30%
2026,16,43159,1.50%
2026,16,38226,6.40%
2026,16,38279,1.10%
2026,16,38289,4.80%
2026,16,38418,1.60%
2026,16,38419,0.60%
2026,16,38468,3.30%
2026,16,38477,1.50%
2026,16,38496,5.90%
2026,16,38611,8.50%
2026,16,38645,0.70%
2026,16,38725,5.90%
2026,16,43070,10.10%
2026,16,38131,5.20%
2026,16,38172,2.70%
2026,16,38402,3.60%
2026,16,38406,1.80%
2026,16,38543,3.00%
2026,16,38560,1.80%
2026,16,38605,8.50%
2026,16,38625,2.30%
2026,16,38771,0.80%
2026,16,38784,3.60%
2026,16,38791,0.10%
2026,16,38806,5.50%
2026,16,38866,2.20%
2026,16,38133,12.60%
2026,16,38190,12.10%
2026,16,38192,8.70%
2026,16,38280,34.20%
2026,16,38634,18.50%
2026,16,38638,6.00%
2026,16,38804,5.40%
2026,16,38949,6.80%
2026,16,43069,15.10%
2026,16,43074,18.30%
2026,16,43166,7.30%
2026,16,38146,11.20%
2026,16,38157,8.20%
2026,16,38519,5.80%
2026,16,38698,4.80%
2026,16,38761,4.50%
2026,16,38768,3.80%
2026,16,38819,4.70%
2026,16,38831,9.20%
2026,16,38840,9.80%
2026,16,38897,9.90%
2026,16,43009,6.50%
2026,16,38114,5.20%
2026,16,38360,10.20%
2026,16,38379,0.80%
2026,16,38393,9.20%
2026,16,38469,9.80%
2026,16,38471,4.50%
2026,16,38472,4.10%
2026,16,38494,7.50%
2026,16,38637,3.20%
2026,16,38817,5.00%
2026,16,38964,3.90%
2026,16,38164,18.20%
2026,16,38222,14.20%
2026,16,38264,9.40%
2026,16,38599,17.00%
2026,16,38690,11.60%
2026,16,38731,11.20%
2026,16,38756,4.80%
2026,16,38787,10.10%
2026,16,38942,12.90%
2026,16,43100,16.60%
2026,16,38204,3.80%
2026,16,38359,10.60%
2026,16,38876,18.10%
2026,16,38917,12.10%
2026,16,43021,18.20%
2026,16,38217,2.30%
2026,16,38257,6.70%
2026,16,38259,10.90%
2026,16,38516,4.20%
2026,16,38586,3.10%
2026,16,38610,1.10%
2026,16,38993,20.90%
2026,16,43086,21.50%
2026,16,43146,7.10%
2026,16,38211,19.70%
2026,16,38212,5.20%
2026,16,38214,15.40%
2026,16,38354,24.40%
2026,16,38370,7.50%
2026,16,38639,20.00%
2026,16,38711,30.80%
2026,16,38723,11.60%
2026,16,38889,8.90%
2026,16,38972,32.40%
2026,16,38990,31.80%
2026,16,43001,21.50%
2026,16,38134,6.80%
2026,16,38260,1.20%
2026,16,38340,6.10%
2026,16,38464,6.60%
2026,16,38482,10.10%
2026,16,38501,6.40%
2026,16,38513,2.70%
2026,16,38526,4.50%
2026,16,38569,5.80%
2026,16,38570,9.70%
2026,16,38579,4.00%
2026,16,38619,10.10%
2026,16,38888,5.00%
2026,16,38941,1.40%
2026,16,38296,11.50%
2026,16,38328,10.80%
2026,16,38435,10.90%
2026,16,38488,12.40%
2026,16,38712,10.00%
2026,16,38744,16.50%
2026,16,38805,7.70%
2026,16,38828,23.50%
2026,16,38928,9.60%
2026,16,38975,15.10%
2026,16,43186,21.30%
2026,16,38408,18.10%
2026,16,38525,15.70%
2026,16,38738,8.70%
2026,16,38781,4.20%
2026,16,38839,17.40%
2026,16,38946,10.30%
2026,16,38966,21.00%
2026,16,38967,14.20%
2026,16,38267,11.10%
2026,16,38503,14.60%
2026,16,38760,16.90%
2026,16,38825,16.00%
2026,16,38842,15.80%
2026,16,38919,6.00%
2026,16,38923,24.90%
2026,16,38979,16.80%
2026,16,38991,12.70%
2026,16,43190,25.80%
2026,16,38273,0.50%
2026,16,38275,0.60%
2026,16,38335,1.40%
2026,16,38454,0.60%
2026,16,38593,0.90%
2026,16,38887,0.80%
2026,16,38921,0.10%
2026,16,38956,7.00%
2026,16,38983,4.60%
2026,16,43114,0.70%
2026,16,43115,8.10%
2026,16,43138,0.90%
2026,16,38436,2.90%
2026,16,38491,0.70%
2026,16,38782,7.00%
2026,16,38890,0.40%
2026,16,43010,4.00%
2026,16,43113,8.10%
2026,16,43150,10.30%
2026,16,38236,4.90%
2026,16,38309,7.00%
2026,16,38397,4.30%
2026,16,38413,2.50%
2026,16,38566,4.80%
2026,16,38614,6.20%
2026,16,38636,3.80%
2026,16,38648,4.20%
2026,16,38696,2.00%
2026,16,38838,7.50%
2026,16,43118,23.20%
2026,16,43137,3.10%
2026,16,38159,6.00%
2026,16,38338,0.10%
2026,16,38345,3.10%
2026,16,38479,7.20%
2026,16,38647,6.00%
2026,16,38868,1.50%
2026,16,38881,4.20%
2026,16,38931,4.70%
2026,16,38938,18.30%
2026,16,38969,4.50%
2026,16,38137,15.10%
2026,16,38143,5.60%
2026,16,38144,8.10%
2026,16,38153,4.50%
2026,16,38195,3.10%
2026,16,38229,11.80%
2026,16,38624,3.40%
2026,16,38640,8.20%
2026,16,38660,5.50%
2026,16,38994,5.30%
2026,16,43172,13.20%
2026,16,38210,3.70%
2026,16,38242,1.50%
2026,16,38288,1.50%
2026,16,38346,3.30%
2026,16,38381,1.40%
2026,16,38517,2.60%
2026,16,38523,4.40%
2026,16,38713,5.10%
2026,16,38863,0.80%
2026,16,38879,2.60%
2026,16,38162,11.20%
2026,16,38177,7.90%
2026,16,38213,5.60%
2026,16,38332,1.30%
2026,16,38352,5.80%
2026,16,38356,5.30%
2026,16,38449,8.20%
2026,16,38542,6.20%
2026,16,38575,17.40%
2026,16,38588,7.70%
2026,16,38861,4.10%
2026,16,43046,6.30%
2026,16,43051,16.10%
2026,16,38409,9.30%
2026,16,38448,12.70%
2026,16,38486,10.90%
2026,16,38551,5.40%
2026,16,38583,13.00%
2026,16,38675,9.90%
2026,16,38702,17.80%
2026,16,38703,13.90%
2026,16,43057,26.20%
2026,16,43084,15.60%
2026,16,43148,11.20%
2026,16,38147,21.00%
2026,16,38163,13.60%
2026,16,38174,10.60%
2026,16,38407,7.00%
2026,16,38672,4.60%
2026,16,38699,4.00%
2026,16,38700,3.90%
2026,16,38733,7.70%
2026,16,38753,6.50%
2026,16,38754,3.00%
2026,16,43047,13.80%
2026,16,43129,3.10%
2026,16,38121,12.20%
2026,16,38366,2.80%
2026,16,38386,6.80%
2026,16,38461,6.60%
2026,16,38538,7.40%
2026,16,38644,3.00%
2026,16,38709,14.00%
2026,16,38722,6.50%
2026,16,38727,5.80%
2026,16,38773,4.40%
2026,16,43041,6.90%
2026,16,38103,8.80%
2026,16,38104,7.60%
2026,16,38106,5.90%
2026,16,38112,3.90%
2026,16,38188,9.30%
2026,16,38227,1.20%
2026,16,38617,13.20%
2026,16,38646,10.60%
2026,16,38692,11.40%
2026,16,38730,3.90%
2026,16,38746,1.60%
2026,16,38954,4.90%
2026,16,43142,8.00%
2026,16,38115,10.30%
2026,16,38119,13.80%
2026,16,38142,18.10%
2026,16,38149,8.50%
2026,16,38266,17.20%
2026,16,38270,13.80%
2026,16,38363,10.60%
2026,16,38394,11.10%
2026,16,38507,16.50%
2026,16,38535,14.40%
2026,16,38925,9.50%
2026,16,43043,15.60%
2026,16,43130,12.30%
2026,16,38108,6.30%
2026,16,38110,0.20%
2026,16,38187,2.30%
2026,16,38191,2.50%
2026,16,38220,4.40%
2026,16,38382,0.20%
2026,16,38415,0.50%
2026,16,38481,1.50%
2026,16,38522,8.00%
2026,16,38541,5.40%
2026,16,38597,6.30%
2026,16,38627,0.80%
2026,16,38136,13.90%
2026,16,38186,12.20%
2026,16,38230,4.50%
2026,16,38374,12.00%
2026,16,38442,8.40%
2026,16,38460,8.70%
2026,16,38606,5.20%
2026,16,38661,15.20%
2026,16,38674,18.50%
2026,16,38694,3.90%
2026,16,38792,10.10%
2026,16,38845,9.40%
2026,16,38138,1.70%
2026,16,38141,7.60%
2026,16,38319,7.10%
2026,16,38441,4.80%
2026,16,38547,7.80%
2026,16,38668,2.20%
2026,16,38841,4.80%
2026,16,38896,13.00%
2026,16,38987,5.90%
2026,16,43059,3.50%
2026,16,43068,1.80%
2026,16,38158,3.90%
2026,16,38166,2.70%
2026,16,38390,1.70%
2026,16,38400,0.30%
2026,16,38445,3.90%
2026,16,38512,11.60%
2026,16,38532,8.30%
2026,16,38751,6.10%
2026,16,38755,0.10%
2026,16,38777,2.00%
2026,16,38780,5.20%
2026,16,38798,4.80%
2026,16,38810,1.30%
2026,16,38180,6.00%
2026,16,38184,3.20%
2026,16,38198,14.10%
2026,16,38533,18.90%
2026,16,38540,7.20%
2026,16,38564,4.40%
2026,16,38741,5.50%
2026,16,38765,20.00%
2026,16,38788,10.80%
2026,16,38865,12.10%
2026,16,38968,12.20%
2026,16,38196,5.90%
2026,16,38246,16.20%
2026,16,38254,15.50%
2026,16,38263,12.80%
2026,16,38336,25.10%
2026,16,38596,17.40%
2026,16,38830,6.20%
2026,16,38883,13.20%
2026,16,38898,4.50%
2026,16,38935,21.50%
2026,16,38958,21.10%
2026,16,38963,14.20%
2026,16,43005,15.80%
2026,16,38205,11.30%
2026,16,38207,3.40%
2026,16,38371,16.40%
2026,16,38411,20.20%
2026,16,38527,8.60%
2026,16,38546,11.70%
2026,16,38651,5.60%
2026,16,38677,17.60%
2026,16,38719,16.60%
2026,16,38837,16.70%
2026,16,43111,30.50%
2026,16,43132,15.40%
2026,16,43194,7.90%
2026,16,43195,4.60%
2026,16,38248,8.60%
2026,16,38671,3.50%
2026,16,38680,1.60%
2026,16,38808,4.30%
2026,16,38816,4.40%
2026,16,38875,14.80%
2026,16,38984,9.90%
2026,16,43007,16.50%
2026,16,43019,8.00%
2026,16,43154,2.70%
2026,16,38258,7.20%
2026,16,38313,5.60%
2026,16,38322,9.20%
2026,16,38380,1.50%
2026,16,38545,5.80%
2026,16,38582,3.60%
2026,16,38670,5.20%
2026,16,38836,4.90%
2026,16,38869,9.10%
2026,16,38874,15.90%
2026,16,38977,2.50%
2026,16,43143,0.20%
2026,16,38122,3.20%
2026,16,38148,6.70%
2026,16,38150,7.90%
2026,16,38189,3.60%
2026,16,38225,7.30%
2026,16,38233,2.50%
2026,16,38361,6.70%
2026,16,38414,3.50%
2026,16,38438,7.50%
2026,16,38485,7.90%
2026,16,38508,2.30%
2026,16,38534,1.00%
2026,16,38578,9.30%
2026,16,38607,8.00%
2026,16,38633,1.80%
2026,16,38704,0.10%
2026,16,38747,0.50%
2026,16,38749,2.60%
2026,16,38769,7.00%
2026,16,38829,4.00%
2026,16,38847,9.50%
2026,16,38957,9.50%
2026,16,43011,3.50%
2026,16,43058,6.70%
2026,16,43147,7.80%
2026,16,38243,10.60%
2026,16,38252,8.20%
2026,16,38271,5.60%
2026,16,38274,3.00%
2026,16,38277,17.30%
2026,16,38307,2.00%
2026,16,38326,12.10%
2026,16,38383,11.50%
2026,16,38446,4.40%
2026,16,38509,6.30%
2026,16,38539,1.00%
2026,16,38664,6.40%
2026,16,38740,4.10%
2026,16,38763,5.20%
2026,16,38778,13.80%
2026,16,38779,10.80%
2026,16,38922,7.80%
2026,16,38933,2.60%
2026,16,38948,0.60%
2026,16,38952,9.40%
2026,16,43016,4.00%
2026,16,43060,7.40%
2026,16,43106,13.50%
2026,16,43156,6.20%
2026,16,38245,7.70%
2026,16,38247,6.40%
2026,16,38251,14.30%
2026,16,38453,3.40%
2026,16,38552,2.00%
2026,16,38673,8.90%
2026,16,38884,14.40%
2026,16,38904,9.10%
2026,16,43027,15.40%
2026,16,43032,12.60%
2026,16,43089,11.20%
2026,16,38268,11.50%
2026,16,38286,10.20%
2026,16,38601,13.10%
2026,16,38642,3.30%
2026,16,38729,9.20%
2026,16,38809,0.10%
2026,16,38812,5.90%
2026,16,38832,6.80%
2026,16,38899,8.80%
2026,16,38997,12.50%
2026,16,38262,21.80%
2026,16,38355,4.90%
2026,16,38392,11.00%
2026,16,38473,11.40%
2026,16,38506,5.30%
2026,16,38563,14.50%
2026,16,38630,9.00%
2026,16,38734,10.70%
2026,16,38891,14.10%
2026,16,38912,22.50%
2026,16,38974,9.80%
2026,16,43063,8.10%
2026,16,43185,26.50%
2026,16,38265,9.00%
2026,16,38412,0.30%
2026,16,38450,7.20%
2026,16,38737,3.50%
2026,16,38848,6.00%
2026,16,38934,1.40%
2026,16,38999,2.00%
2026,16,43076,2.60%
2026,16,38683,11.10%
2026,16,38726,7.30%
2026,16,38743,10.50%
2026,16,38873,10.70%
2026,16,43003,22.00%
2026,16,43042,12.70%
2026,16,43096,14.00%
2026,16,38283,15.40%
2026,16,38342,22.40%
2026,16,38353,33.80%
2026,16,38524,13.00%
2026,16,38591,11.80%
2026,16,38666,9.80%
2026,16,38685,24.30%
2026,16,38693,14.80%
2026,16,38797,11.60%
2026,16,38985,16.30%
2026,16,38998,1.10%
2026,16,43110,9.90%
2026,16,43168,13.70%
2026,16,38305,1.80%
2026,16,38860,4.00%
2026,16,38895,6.60%
2026,16,43036,7.20%
2026,16,43040,6.70%
2026,16,43125,11.40%
2026,16,43149,6.20%
2026,16,43155,11.60%
2026,16,38306,1.90%
2026,16,38315,5.10%
2026,16,38520,8.20%
2026,16,38631,9.10%
2026,16,38665,0.20%
2026,16,38669,4.40%
2026,16,38689,0.30%
2026,16,38735,7.70%
2026,16,38818,6.80%
2026,16,38953,3.70%
2026,16,43050,2.00%
2026,16,43071,3.60%
2026,16,38331,4.00%
2026,16,38459,4.40%
2026,16,38565,4.70%
2026,16,38650,10.90%
2026,16,38820,9.40%
2026,16,38947,2.20%
2026,16,38959,0.20%
2026,16,43031,6.60%
2026,16,43056,3.30%
2026,16,38457,7.50%
2026,16,38492,4.10%
2026,16,38618,2.10%
2026,16,38776,14.20%
2026,16,38986,7.40%
2026,16,38320,14.80%
2026,16,38323,2.70%
2026,16,38334,6.60%
2026,16,38350,3.30%
2026,16,38362,0.40%
2026,16,38373,9.30%
2026,16,38388,5.00%
2026,16,38518,2.90%
2026,16,38573,18.60%
2026,16,38574,19.60%
2026,16,38598,1.70%
2026,16,38609,4.10%
2026,16,38705,5.30%
2026,16,38759,10.50%
2026,16,38786,3.40%
2026,16,38826,6.90%
2026,16,38955,0.90%
2026,16,38988,5.30%
2026,16,43054,13.70%
2026,16,43088,11.40%
2026,16,43098,6.40%
2026,16,43133,9.30%
2026,16,43134,4.00%
2026,16,38250,1.90%
2026,16,38295,9.40%
2026,16,38467,2.80%
2026,16,38728,8.40%
2026,16,38757,1.20%
2026,16,38864,4.30%
2026,16,38871,0.70%
2026,16,38886,1.40%
2026,16,38916,1.50%
2026,16,38944,4.10%
2026,16,38976,2.60%
2026,16,43033,1.60%
2026,16,43180,17.00%
2026,16,38351,2.70%
2026,16,38375,5.40%
2026,16,38429,11.40%
2026,16,38511,2.00%
2026,16,38567,5.70%
2026,16,38678,4.90%
2026,16,38684,4.10%
2026,16,38716,5.90%
2026,16,38718,3.20%
2026,16,38996,2.50%
2026,16,43034,7.40%
2026,16,43164,4.60%
2026,16,43183,4.90%
2026,16,38357,1.00%
2026,16,38358,3.10%
2026,16,38790,2.50%
2026,16,38793,7.10%
2026,16,38893,16.30%
2026,16,38908,3.20%
2026,16,38939,3.70%
2026,16,43064,9.80%
2026,16,43170,4.50%
2026,16,38502,6.90%
2026,16,38594,1.90%
2026,16,38657,8.90%
2026,16,38659,1.60%
2026,16,38800,2.70%
2026,16,38801,4.80%
2026,16,38855,21.50%
2026,16,43026,2.80%
2026,16,43163,5.10%
2026,16,43169,3.50%
2026,16,38193,0.10%
2026,16,38372,1.50%
2026,16,38416,4.90%
2026,16,38499,3.00%
2026,16,38530,2.40%
2026,16,38549,3.00%
2026,16,38715,6.30%
2026,16,38951,1.90%
2026,16,43105,5.30%
2026,16,38117,7.50%
2026,16,38176,21.10%
2026,16,38197,11.80%
2026,16,38427,6.30%
2026,16,38458,4.40%
2026,16,38475,9.70%
2026,16,38561,5.70%
2026,16,38590,8.20%
2026,16,38656,12.60%
2026,16,38695,5.00%
2026,16,38770,4.30%
2026,16,38859,6.40%
2026,16,43152,10.20%
2026,16,38126,2.90%
2026,16,38179,2.30%
2026,16,38185,6.60%
2026,16,38292,10.30%
2026,16,38439,5.50%
2026,16,38452,6.00%
2026,16,38466,4.80%
2026,16,38553,0.80%
2026,16,38568,3.30%
2026,16,38799,3.50%
2026,16,38815,4.10%
2026,16,38918,3.80%
2026,16,43107,6.00%
2026,16,38178,17.70%
2026,16,38199,6.20%
2026,16,38238,1.70%
2026,16,38244,3.20%
2026,16,38276,8.10%
2026,16,38303,6.90%
2026,16,38510,8.60%
2026,16,38603,2.70%
2026,16,38739,5.50%
2026,16,38844,7.00%
2026,16,38849,12.30%
2026,16,38970,3.00%
2026,16,38333,12.70%
2026,16,38339,15.50%
2026,16,38368,12.40%
2026,16,38401,22.30%
2026,16,38456,23.70%
2026,16,38515,11.90%
2026,16,38604,12.70%
2026,16,38862,17.80%
2026,16,38894,16.90%
2026,16,43193,8.50%
2026,16,38377,7.00%
2026,16,38480,14.70%
2026,16,38559,5.90%
2026,16,38629,6.10%
2026,16,38846,8.30%
2026,16,38882,14.00%
2026,16,43055,10.10%
2026,16,43135,12.10%
2026,16,38154,1.90%
2026,16,38221,9.20%
2026,16,38228,6.40%
2026,16,38241,2.20%
2026,16,38314,3.90%
2026,16,38324,2.40%
2026,16,38384,2.30%
2026,16,38592,9.30%
2026,16,38679,4.30%
2026,16,43030,5.00%
2026,16,43151,13.10%
2026,16,38348,7.90%
2026,16,38396,7.00%
2026,16,38410,6.60%
2026,16,38451,10.80%
2026,16,38536,7.50%
2026,16,38550,8.10%
2026,16,38649,8.10%
2026,16,38682,16.00%
2026,16,43044,18.40%
2026,16,43157,9.70%
2026,16,38255,11.20%
2026,16,38302,18.00%
2026,16,38311,16.30%
2026,16,38434,9.20%
2026,16,38714,5.70%
2026,16,38745,16.30%
2026,16,38814,14.00%
2026,16,38980,4.20%
2026,16,43092,15.60%
2026,16,43145,26.30%
2026,16,43171,15.30%
2026,16,43174,19.70%
2026,16,38300,3.90%
2026,16,38316,7.30%
2026,16,38329,1.70%
2026,16,38655,2.40%
2026,16,38758,3.50%
2026,16,38867,1.70%
2026,16,38926,1.00%
2026,16,43000,1.60%
2026,16,38318,2.90%
2026,16,38337,0.20%
2026,16,38476,0.30%
2026,16,38621,0.20%
2026,16,38707,3.90%
2026,16,38892,0.30%
2026,16,38971,3.80%
2026,16,38973,7.10%
2026,16,38321,6.70%
2026,16,38325,11.40%
2026,16,38341,10.90%
2026,16,38490,9.90%
2026,16,38708,8.50%
2026,16,38909,6.20%
2026,16,38927,1.20%
2026,16,38932,17.20%
2026,16,38960,21.30%
2026,16,38170,3.10%
2026,16,38218,3.00%
2026,16,38237,1.80%
2026,16,38249,17.90%
2026,16,38287,1.70%
2026,16,38290,1.90%
2026,16,38304,10.70%
2026,16,38330,21.30%
2026,16,38905,5.40%
2026,16,38978,5.90%
2026,16,38431,8.10%
2026,16,38529,5.60%
2026,16,38811,12.30%
2026,16,38903,7.30%
2026,16,38924,15.80%
2026,16,38930,7.50%
2026,16,38937,13.30%
2026,16,38965,3.60%
2026,16,38992,9.60%
2026,16,38995,8.10%
2026,16,38123,9.30%
2026,16,38155,6.60%
2026,16,38203,5.90%
2026,16,38234,9.30%
2026,16,38376,5.60%
2026,16,38463,5.10%
2026,16,38465,5.00%
2026,16,38487,5.80%
2026,16,38497,10.00%
2026,16,38762,4.90%
2026,16,38785,2.90%
2026,16,43123,11.40%
2026,16,38201,9.70%
2026,16,38223,0.70%
2026,16,38224,4.20%
2026,16,38584,5.40%
2026,16,38742,4.90%
2026,16,38907,6.60%
2026,16,38278,7.40%
2026,16,38282,8.90%
2026,16,38310,29.40%
2026,16,38443,2.50%
2026,16,38531,23.40%
2026,16,38537,14.30%
2026,16,38643,4.70%
2026,16,38870,15.30%
2026,16,38920,11.50%
2026,16,43018,13.30%
2026,16,38151,
2026,16,38161,
2026,16,38171,
2026,16,38206,
2026,16,38297,
2026,16,38299,
2026,16,38385,
2026,16,38395,
2026,16,38505,
2026,16,38576,
2026,16,38653,
2026,16,38766,
2026,16,38795,
2026,16,38796,
2026,16,38803,
2026,16,38822,
2026,16,38827,
2026,16,38833,
2026,16,38877,
2026,16,38885,
2026,16,38901,
2026,16,38906,
2026,16,38910,
2026,16,38911,
2026,16,38929,
2026,16,38943,
2026,16,43038,
2026,16,43082,
2026,16,43083,
2026,16,43162,
2026,17,38209,11.80%
2026,17,38317,9.50%
2026,17,38489,8.60%
2026,17,38589,9.40%
2026,17,38843,9.20%
2026,17,38872,19.30%
2026,17,38950,19.50%
2026,17,38989,15.10%
2026,17,43029,19.00%
2026,17,38101,1.00%
2026,17,38240,5.60%
2026,17,38272,2.90%
2026,17,38285,1.60%
2026,17,38291,0.90%
2026,17,38389,2.10%
2026,17,38404,7.60%
2026,17,38422,2.10%
2026,17,38433,3.40%
2026,17,38555,3.50%
2026,17,38613,22.20%
2026,17,38654,3.60%
2026,17,38681,6.40%
2026,17,43188,28.80%
2026,17,38183,6.40%
2026,17,38387,10.40%
2026,17,38577,5.10%
2026,17,38721,6.10%
2026,17,38732,8.80%
2026,17,38736,4.20%
2026,17,38813,0.80%
2026,17,38821,8.70%
2026,17,38857,22.40%
2026,17,43008,12.20%
2026,17,43124,15.30%
2026,17,38344,5.40%
2026,17,38635,11.00%
2026,17,38858,0.10%
2026,17,38109,14.50%
2026,17,38173,4.50%
2026,17,38312,2.70%
2026,17,38378,9.80%
2026,17,38423,2.30%
2026,17,38432,6.40%
2026,17,38440,8.20%
2026,17,38483,11.80%
2026,17,38498,3.30%
2026,17,38504,13.10%
2026,17,38554,0.10%
2026,17,38556,2.90%
2026,17,38558,8.50%
2026,17,38602,7.10%
2026,17,38658,5.10%
2026,17,38752,10.60%
2026,17,38850,4.10%
2026,17,38113,11.10%
2026,17,38139,13.30%
2026,17,38152,16.40%
2026,17,38208,21.60%
2026,17,38239,9.30%
2026,17,38365,8.40%
2026,17,38417,12.70%
2026,17,38430,6.10%
2026,17,38484,19.10%
2026,17,38585,12.50%
2026,17,38620,7.90%
2026,17,38663,13.40%
2026,17,43025,9.30%
2026,17,38111,9.10%
2026,17,38118,8.70%
2026,17,38194,3.30%
2026,17,38219,6.80%
2026,17,38349,12.70%
2026,17,38399,11.20%
2026,17,38405,2.10%
2026,17,38470,5.40%
2026,17,38557,8.20%
2026,17,38581,2.80%
2026,17,38600,0.10%
2026,17,38612,7.70%
2026,17,38676,3.20%
2026,17,38982,15.40%
2026,17,43045,9.00%
2026,17,38107,6.50%
2026,17,38116,6.70%
2026,17,38124,3.60%
2026,17,38129,6.30%
2026,17,38169,6.90%
2026,17,38398,10.80%
2026,17,38428,7.60%
2026,17,38447,0.80%
2026,17,38544,3.90%
2026,17,38571,5.20%
2026,17,38580,17.70%
2026,17,38615,7.90%
2026,17,38691,15.70%
2026,17,43159,2.70%
2026,17,38226,7.30%
2026,17,38279,0.50%
2026,17,38289,8.30%
2026,17,38418,8.50%
2026,17,38419,0.90%
2026,17,38468,12.60%
2026,17,38477,1.40%
2026,17,38496,11.00%
2026,17,38611,13.60%
2026,17,38645,0.40%
2026,17,38725,6.70%
2026,17,43070,8.20%
2026,17,38131,7.30%
2026,17,38172,2.70%
2026,17,38402,5.90%
2026,17,38406,4.80%
2026,17,38543,4.10%
2026,17,38560,5.20%
2026,17,38605,5.00%
2026,17,38625,1.70%
2026,17,38771,1.20%
2026,17,38784,8.20%
2026,17,38791,0.10%
2026,17,38806,11.30%
2026,17,38866,2.30%
2026,17,38133,14.50%
2026,17,38190,17.60%
2026,17,38192,5.80%
2026,17,38280,17.10%
2026,17,38634,12.70%
2026,17,38638,5.80%
2026,17,38804,4.50%
2026,17,38949,6.20%
2026,17,43069,18.80%
2026,17,43074,31.00%
2026,17,43166,9.30%
2026,17,38146,9.80%
2026,17,38157,6.40%
2026,17,38519,10.10%
2026,17,38698,4.00%
2026,17,38761,5.90%
2026,17,38768,7.70%
2026,17,38819,6.70%
2026,17,38831,5.50%
2026,17,38840,8.80%
2026,17,38897,9.90%
2026,17,43009,6.90%
2026,17,38114,8.20%
2026,17,38360,7.50%
2026,17,38367,3.90%
2026,17,38379,2.60%
2026,17,38393,13.00%
2026,17,38469,9.80%
2026,17,38471,6.70%
2026,17,38472,2.00%
2026,17,38494,10.70%
2026,17,38637,3.70%
2026,17,38817,3.30%
2026,17,38964,3.40%
2026,17,38164,13.90%
2026,17,38222,9.10%
2026,17,38264,5.20%
2026,17,38599,14.80%
2026,17,38690,18.30%
2026,17,38731,5.70%
2026,17,38756,10.90%
2026,17,38787,6.00%
2026,17,38942,10.40%
2026,17,43100,17.00%
2026,17,38204,5.80%
2026,17,38359,8.30%
2026,17,38876,21.90%
2026,17,38917,9.50%
2026,17,43021,22.10%
2026,17,38217,3.60%
2026,17,38257,8.80%
2026,17,38259,6.40%
2026,17,38516,6.00%
2026,17,38586,1.80%
2026,17,38610,8.90%
2026,17,38993,22.80%
2026,17,43086,29.40%
2026,17,43146,8.90%
2026,17,38211,18.00%
2026,17,38212,6.50%
2026,17,38214,21.30%
2026,17,38354,27.60%
2026,17,38370,11.30%
2026,17,38639,21.30%
2026,17,38711,35.00%
2026,17,38723,11.10%
2026,17,38889,14.40%
2026,17,38972,39.30%
2026,17,38990,37.10%
2026,17,43001,21.10%
2026,17,38134,5.90%
2026,17,38260,2.00%
2026,17,38340,6.90%
2026,17,38464,5.50%
2026,17,38482,9.50%
2026,17,38501,5.60%
2026,17,38513,3.70%
2026,17,38526,5.10%
2026,17,38569,4.80%
2026,17,38570,7.80%
2026,17,38579,5.60%
2026,17,38619,10.30%
2026,17,38888,4.60%
2026,17,38941,3.10%
2026,17,38296,10.60%
2026,17,38328,8.00%
2026,17,38435,13.60%
2026,17,38488,11.80%
2026,17,38712,11.20%
2026,17,38744,14.60%
2026,17,38805,7.60%
2026,17,38828,24.60%
2026,17,38928,11.70%
2026,17,38975,16.60%
2026,17,43186,16.30%
2026,17,38408,15.50%
2026,17,38525,13.40%
2026,17,38738,10.90%
2026,17,38781,7.80%
2026,17,38839,19.50%
2026,17,38946,11.20%
2026,17,38966,15.50%
2026,17,38967,12.40%
2026,17,38267,20.30%
2026,17,38503,18.80%
2026,17,38760,26.80%
2026,17,38825,15.60%
2026,17,38842,15.50%
2026,17,38919,7.20%
2026,17,38923,33.40%
2026,17,38979,15.00%
2026,17,38991,10.70%
2026,17,43190,27.00%
2026,17,38273,0.60%
2026,17,38275,1.40%
2026,17,38335,0.50%
2026,17,38454,0.30%
2026,17,38593,0.50%
2026,17,38887,1.30%
2026,17,38956,3.60%
2026,17,38983,6.10%
2026,17,43114,0.40%
2026,17,43115,5.60%
2026,17,43138,0.50%
2026,17,38436,5.50%
2026,17,38491,1.40%
2026,17,38782,6.70%
2026,17,38890,1.50%
2026,17,43010,2.90%
2026,17,43113,10.10%
2026,17,43150,12.10%
2026,17,38236,7.80%
2026,17,38309,6.90%
2026,17,38397,3.60%
2026,17,38413,3.60%
2026,17,38566,4.20%
2026,17,38614,10.50%
2026,17,38636,3.90%
2026,17,38648,4.00%
2026,17,38696,1.40%
2026,17,38838,6.20%
2026,17,43118,23.50%
2026,17,43137,7.70%
2026,17,38159,13.40%
2026,17,38338,28.40%
2026,17,38345,6.10%
2026,17,38479,12.30%
2026,17,38647,4.40%
2026,17,38868,9.40%
2026,17,38881,11.40%
2026,17,38931,6.90%
2026,17,38938,13.20%
2026,17,38969,11.90%
2026,17,38137,15.30%
2026,17,38143,8.90%
2026,17,38144,11.00%
2026,17,38153,12.00%
2026,17,38195,9.90%
2026,17,38229,19.20%
2026,17,38624,6.30%
2026,17,38640,16.00%
2026,17,38660,12.80%
2026,17,38994,7.70%
2026,17,43172,12.30%
2026,17,38210,4.80%
2026,17,38242,2.20%
2026,17,38288,2.00%
2026,17,38346,2.50%
2026,17,38381,0.90%
2026,17,38517,2.20%
2026,17,38523,7.30%
2026,17,38713,10.50%
2026,17,38863,1.30%
2026,17,38879,5.40%
2026,17,38162,10.40%
2026,17,38177,12.70%
2026,17,38213,6.00%
2026,17,38332,5.10%
2026,17,38352,12.00%
2026,17,38356,7.00%
2026,17,38449,12.00%
2026,17,38542,15.70%
2026,17,38575,23.80%
2026,17,38588,10.30%
2026,17,38861,9.70%
2026,17,43046,14.50%
2026,17,43051,22.20%
2026,17,38409,11.70%
2026,17,38448,13.40%
2026,17,38486,16.40%
2026,17,38551,5.20%
2026,17,38583,9.50%
2026,17,38675,7.80%
2026,17,38702,12.00%
2026,17,38703,10.60%
2026,17,43057,19.00%
2026,17,43084,15.30%
2026,17,43148,9.10%
2026,17,38147,17.20%
2026,17,38163,26.10%
2026,17,38174,10.30%
2026,17,38407,6.20%
2026,17,38672,3.80%
2026,17,38699,5.10%
2026,17,38700,3.70%
2026,17,38733,8.20%
2026,17,38753,8.10%
2026,17,38754,3.40%
2026,17,43047,11.90%
2026,17,43129,1.70%
2026,17,38121,10.40%
2026,17,38366,6.30%
2026,17,38386,12.00%
2026,17,38461,9.80%
2026,17,38538,14.30%
2026,17,38644,2.30%
2026,17,38709,14.90%
2026,17,38722,7.30%
2026,17,38727,7.10%
2026,17,38773,4.40%
2026,17,43041,17.90%
2026,17,38103,11.80%
2026,17,38104,11.10%
2026,17,38106,5.30%
2026,17,38112,4.70%
2026,17,38188,7.50%
2026,17,38227,2.20%
2026,17,38617,22.00%
2026,17,38646,11.20%
2026,17,38692,11.70%
2026,17,38730,9.70%
2026,17,38746,0.70%
2026,17,38954,3.50%
2026,17,43142,7.80%
2026,17,38115,14.90%
2026,17,38119,20.00%
2026,17,38142,21.10%
2026,17,38149,18.00%
2026,17,38266,23.90%
2026,17,38270,16.40%
2026,17,38363,16.10%
2026,17,38394,19.30%
2026,17,38507,22.80%
2026,17,38535,12.90%
2026,17,38925,12.20%
2026,17,43043,20.80%
2026,17,43130,16.10%
2026,17,38108,6.10%
2026,17,38110,0.10%
2026,17,38187,2.50%
2026,17,38191,2.60%
2026,17,38220,10.80%
2026,17,38382,0.70%
2026,17,38415,0.20%
2026,17,38481,1.20%
2026,17,38522,7.00%
2026,17,38541,10.30%
2026,17,38597,16.30%
2026,17,38627,1.40%
2026,17,38136,19.10%
2026,17,38186,19.00%
2026,17,38230,11.00%
2026,17,38374,16.80%
2026,17,38442,20.20%
2026,17,38460,16.60%
2026,17,38606,8.40%
2026,17,38661,21.10%
2026,17,38674,24.90%
2026,17,38694,8.30%
2026,17,38792,13.90%
2026,17,38845,16.40%
2026,17,38138,6.10%
2026,17,38141,11.20%
2026,17,38319,8.10%
2026,17,38441,8.60%
2026,17,38547,12.30%
2026,17,38668,1.60%
2026,17,38841,6.10%
2026,17,38896,13.10%
2026,17,38987,4.40%
2026,17,43059,7.60%
2026,17,43068,7.40%
2026,17,38158,3.80%
2026,17,38166,2.60%
2026,17,38390,1.10%
2026,17,38400,0.40%
2026,17,38445,2.50%
2026,17,38512,11.50%
2026,17,38532,9.20%
2026,17,38751,9.70%
2026,17,38777,2.80%
2026,17,38780,7.50%
2026,17,38798,9.90%
2026,17,38810,0.90%
2026,17,38180,7.40%
2026,17,38184,4.80%
2026,17,38198,16.90%
2026,17,38533,12.60%
2026,17,38540,11.60%
2026,17,38564,26.20%
2026,17,38741,6.70%
2026,17,38765,14.90%
2026,17,38788,8.80%
2026,17,38865,17.30%
2026,17,38968,12.40%
2026,17,38196,9.80%
2026,17,38246,19.60%
2026,17,38254,17.30%
2026,17,38263,16.30%
2026,17,38336,21.80%
2026,17,38596,14.70%
2026,17,38830,5.80%
2026,17,38883,9.80%
2026,17,38898,10.00%
2026,17,38935,21.10%
2026,17,38958,17.00%
2026,17,38963,16.70%
2026,17,38981,0.00%
2026,17,43005,12.70%
2026,17,38205,10.50%
2026,17,38207,4.40%
2026,17,38371,21.60%
2026,17,38411,22.60%
2026,17,38527,15.20%
2026,17,38546,8.50%
2026,17,38651,7.90%
2026,17,38677,21.80%
2026,17,38719,21.60%
2026,17,38837,25.20%
2026,17,43111,30.70%
2026,17,43132,21.50%
2026,17,43194,11.50%
2026,17,43195,3.40%
2026,17,38248,7.10%
2026,17,38671,5.00%
2026,17,38680,2.00%
2026,17,38808,3.70%
2026,17,38816,3.10%
2026,17,38875,12.20%
2026,17,38984,9.30%
2026,17,43007,15.20%
2026,17,43019,7.20%
2026,17,43154,8.60%
2026,17,43181,6.60%
2026,17,38258,5.20%
2026,17,38313,9.70%
2026,17,38322,15.10%
2026,17,38380,1.00%
2026,17,38545,6.70%
2026,17,38582,5.60%
2026,17,38670,4.60%
2026,17,38836,6.50%
2026,17,38869,8.50%
2026,17,38874,13.20%
2026,17,38977,1.40%
2026,17,43143,0.60%
2026,17,38122,6.10%
2026,17,38148,10.20%
2026,17,38150,16.50%
2026,17,38189,5.40%
2026,17,38225,8.00%
2026,17,38233,3.50%
2026,17,38361,9.50%
2026,17,38414,6.60%
2026,17,38438,14.60%
2026,17,38485,10.40%
2026,17,38508,14.20%
2026,17,38534,1.00%
2026,17,38578,6.70%
2026,17,38607,5.40%
2026,17,38633,3.90%
2026,17,38704,0.10%
2026,17,38747,1.40%
2026,17,38749,1.30%
2026,17,38769,15.20%
2026,17,38829,19.60%
2026,17,38847,9.40%
2026,17,38957,13.50%
2026,17,43011,5.80%
2026,17,43058,7.90%
2026,17,43147,16.50%
2026,17,38243,10.70%
2026,17,38252,14.60%
2026,17,38271,8.80%
2026,17,38274,8.30%
2026,17,38277,15.80%
2026,17,38307,4.20%
2026,17,38326,11.30%
2026,17,38383,9.30%
2026,17,38446,2.40%
2026,17,38509,13.50%
2026,17,38539,3.60%
2026,17,38664,3.90%
2026,17,38667,0.80%
2026,17,38740,6.30%
2026,17,38763,6.10%
2026,17,38778,9.70%
2026,17,38779,8.60%
2026,17,38922,8.30%
2026,17,38933,1.00%
2026,17,38948,1.00%
2026,17,38952,12.40%
2026,17,43016,2.90%
2026,17,43060,14.20%
2026,17,43106,22.00%
2026,17,43156,7.30%
2026,17,38245,7.60%
2026,17,38247,8.30%
2026,17,38251,12.90%
2026,17,38453,2.00%
2026,17,38552,3.60%
2026,17,38673,8.80%
2026,17,38884,15.40%
2026,17,38904,10.10%
2026,17,43027,15.10%
2026,17,43032,18.50%
2026,17,43089,9.30%
2026,17,38268,22.00%
2026,17,38286,15.00%
2026,17,38601,15.10%
2026,17,38642,2.20%
2026,17,38729,8.20%
2026,17,38809,2.80%
2026,17,38812,2.60%
2026,17,38832,13.90%
2026,17,38899,10.10%
2026,17,38997,16.60%
2026,17,38262,16.50%
2026,17,38355,6.50%
2026,17,38392,10.90%
2026,17,38473,16.30%
2026,17,38506,11.10%
2026,17,38563,19.10%
2026,17,38630,7.30%
2026,17,38734,15.00%
2026,17,38891,14.10%
2026,17,38912,23.30%
2026,17,38974,10.20%
2026,17,43063,17.60%
2026,17,43185,28.70%
2026,17,38265,7.40%
2026,17,38412,0.30%
2026,17,38450,1.30%
2026,17,38737,1.60%
2026,17,38848,5.00%
2026,17,38934,6.10%
2026,17,38999,0.90%
2026,17,43076,3.20%
2026,17,38683,11.00%
2026,17,38726,10.50%
2026,17,38743,9.20%
2026,17,38873,9.90%
2026,17,43003,14.10%
2026,17,43042,8.80%
2026,17,43096,12.20%
2026,17,38283,15.00%
2026,17,38342,14.70%
2026,17,38353,28.10%
2026,17,38524,24.40%
2026,17,38591,11.40%
2026,17,38666,10.10%
2026,17,38685,15.50%
2026,17,38693,16.30%
2026,17,38797,21.80%
2026,17,38985,13.80%
2026,17,38998,0.70%
2026,17,43110,11.80%
2026,17,43168,11.40%
2026,17,38305,1.40%
2026,17,38860,3.70%
2026,17,38895,7.90%
2026,17,43036,6.40%
2026,17,43040,6.80%
2026,17,43125,6.40%
2026,17,43149,9.20%
2026,17,43155,9.40%
2026,17,38306,3.30%
2026,17,38315,8.00%
2026,17,38520,12.80%
2026,17,38631,10.30%
2026,17,38665,0.20%
2026,17,38669,9.50%
2026,17,38689,1.30%
2026,17,38735,13.20%
2026,17,38818,5.90%
2026,17,38953,9.20%
2026,17,43050,7.90%
2026,17,43071,8.40%
2026,17,38331,7.10%
2026,17,38459,12.50%
2026,17,38565,6.40%
2026,17,38650,9.80%
2026,17,38820,9.30%
2026,17,38947,2.60%
2026,17,38959,1.00%
2026,17,43031,13.60%
2026,17,43056,10.80%
2026,17,38457,12.60%
2026,17,38492,7.10%
2026,17,38618,1.10%
2026,17,38776,20.90%
2026,17,38986,13.80%
2026,17,38320,18.70%
2026,17,38323,4.80%
2026,17,38334,7.70%
2026,17,38350,4.10%
2026,17,38362,0.70%
2026,17,38373,15.10%
2026,17,38388,7.20%
2026,17,38518,7.40%
2026,17,38573,17.90%
2026,17,38574,21.60%
2026,17,38598,4.60%
2026,17,38609,8.40%
2026,17,38705,8.90%
2026,17,38759,12.50%
2026,17,38786,4.00%
2026,17,38826,14.20%
2026,17,38955,2.00%
2026,17,38988,7.80%
2026,17,43054,17.30%
2026,17,43088,22.80%
2026,17,43098,6.00%
2026,17,43133,12.90%
2026,17,43134,12.80%
2026,17,38250,1.10%
2026,17,38295,10.70%
2026,17,38467,3.00%
2026,17,38728,4.20%
2026,17,38757,2.60%
2026,17,38864,2.50%
2026,17,38871,0.40%
2026,17,38886,1.00%
2026,17,38916,1.50%
2026,17,38944,7.20%
2026,17,38976,2.10%
2026,17,43033,5.90%
2026,17,43180,19.20%
2026,17,38351,4.50%
2026,17,38375,7.50%
2026,17,38429,8.60%
2026,17,38511,2.50%
2026,17,38567,11.00%
2026,17,38678,7.80%
2026,17,38684,4.30%
2026,17,38716,12.50%
2026,17,38718,10.20%
2026,17,38996,6.50%
2026,17,43034,13.30%
2026,17,43164,9.40%
2026,17,43183,7.40%
2026,17,38357,0.80%
2026,17,38358,4.80%
2026,17,38790,4.80%
2026,17,38793,8.70%
2026,17,38893,12.20%
2026,17,38908,2.90%
2026,17,38939,2.50%
2026,17,43064,11.10%
2026,17,43170,5.50%
2026,17,38502,2.60%
2026,17,38594,2.60%
2026,17,38657,9.90%
2026,17,38659,2.20%
2026,17,38800,4.50%
2026,17,38801,4.20%
2026,17,38855,22.30%
2026,17,43026,1.30%
2026,17,43163,5.20%
2026,17,43169,7.10%
2026,17,38193,0.10%
2026,17,38372,1.60%
2026,17,38416,6.30%
2026,17,38499,1.30%
2026,17,38530,3.40%
2026,17,38549,2.50%
2026,17,38715,10.90%
2026,17,38951,5.50%
2026,17,43105,7.00%
2026,17,38117,5.60%
2026,17,38176,24.10%
2026,17,38197,18.70%
2026,17,38427,10.80%
2026,17,38458,10.90%
2026,17,38475,13.50%
2026,17,38561,11.10%
2026,17,38590,10.30%
2026,17,38656,26.70%
2026,17,38695,9.80%
2026,17,38770,3.50%
2026,17,38859,9.70%
2026,17,43152,16.40%
2026,17,38126,2.00%
2026,17,38179,1.50%
2026,17,38185,7.20%
2026,17,38292,10.70%
2026,17,38439,5.50%
2026,17,38452,7.70%
2026,17,38466,9.10%
2026,17,38553,0.40%
2026,17,38568,2.20%
2026,17,38799,4.00%
2026,17,38815,5.60%
2026,17,38918,5.60%
2026,17,43107,9.00%
2026,17,38178,1.40%
2026,17,38199,6.70%
2026,17,38238,7.20%
2026,17,38244,4.80%
2026,17,38276,9.20%
2026,17,38303,2.40%
2026,17,38510,8.10%
2026,17,38603,8.50%
2026,17,38739,5.70%
2026,17,38844,14.40%
2026,17,38849,16.60%
2026,17,38970,4.00%
2026,17,38333,16.30%
2026,17,38339,19.30%
2026,17,38368,10.30%
2026,17,38401,27.50%
2026,17,38456,24.80%
2026,17,38515,17.30%
2026,17,38604,15.30%
2026,17,38862,23.50%
2026,17,38894,20.70%
2026,17,43193,10.90%
2026,17,38377,10.10%
2026,17,38480,17.00%
2026,17,38559,11.30%
2026,17,38629,8.10%
2026,17,38846,14.70%
2026,17,38882,20.40%
2026,17,43055,12.20%
2026,17,43135,20.70%
2026,17,38154,1.40%
2026,17,38221,13.10%
2026,17,38228,9.90%
2026,17,38241,1.90%
2026,17,38314,3.40%
2026,17,38324,1.00%
2026,17,38384,6.20%
2026,17,38592,11.60%
2026,17,38679,6.90%
2026,17,43030,6.20%
2026,17,43151,10.50%
2026,17,38348,5.30%
2026,17,38396,6.50%
2026,17,38410,9.50%
2026,17,38451,15.60%
2026,17,38536,11.00%
2026,17,38550,6.50%
2026,17,38649,6.20%
2026,17,38682,9.10%
2026,17,43044,14.30%
2026,17,43157,14.30%
2026,17,38255,15.90%
2026,17,38302,19.30%
2026,17,38311,21.00%
2026,17,38434,13.50%
2026,17,38714,8.90%
2026,17,38745,11.50%
2026,17,38814,13.20%
2026,17,38980,7.80%
2026,17,43092,12.40%
2026,17,43145,28.30%
2026,17,43171,13.90%
2026,17,43174,21.50%
2026,17,38300,6.40%
2026,17,38316,3.70%
2026,17,38329,2.30%
2026,17,38655,1.40%
2026,17,38758,3.50%
2026,17,38867,6.20%
2026,17,38926,1.40%
2026,17,43000,6.40%
2026,17,38318,2.70%
2026,17,38337,0.00%
2026,17,38476,0.40%
2026,17,38621,1.00%
2026,17,38707,5.10%
2026,17,38892,0.80%
2026,17,38971,7.20%
2026,17,38973,4.20%
2026,17,38321,14.30%
2026,17,38325,10.20%
2026,17,38341,14.30%
2026,17,38490,5.90%
2026,17,38708,5.40%
2026,17,38909,2.60%
2026,17,38927,5.40%
2026,17,38932,11.90%
2026,17,38960,27.00%
2026,17,38170,3.10%
2026,17,38218,4.90%
2026,17,38237,1.40%
2026,17,38249,16.10%
2026,17,38287,2.90%
2026,17,38290,3.60%
2026,17,38304,13.80%
2026,17,38330,23.00%
2026,17,38905,3.60%
2026,17,38978,4.90%
2026,17,38431,11.30%
2026,17,38529,5.40%
2026,17,38811,14.70%
2026,17,38903,12.50%
2026,17,38924,17.30%
2026,17,38930,12.60%
2026,17,38937,14.10%
2026,17,38965,2.50%
2026,17,38992,8.40%
2026,17,38995,10.30%
2026,17,38123,17.20%
2026,17,38155,13.10%
2026,17,38203,8.20%
2026,17,38234,11.70%
2026,17,38376,6.10%
2026,17,38463,15.90%
2026,17,38465,6.00%
2026,17,38487,4.40%
2026,17,38497,14.60%
2026,17,38762,7.80%
2026,17,38785,6.80%
2026,17,43123,15.80%
2026,17,38201,12.40%
2026,17,38223,1.40%
2026,17,38224,7.20%
2026,17,38584,10.60%
2026,17,38742,6.90%
2026,17,38907,9.40%
2026,17,38278,7.20%
2026,17,38282,7.70%
2026,17,38310,25.00%
2026,17,38443,5.60%
2026,17,38531,27.50%
2026,17,38537,10.20%
2026,17,38643,6.20%
2026,17,38870,11.90%
2026,17,38920,12.80%
2026,17,43018,13.50%
2026,17,38151,
2026,17,38167,
2026,17,38171,
2026,17,38182,
2026,17,38206,
2026,17,38215,
2026,17,38297,
2026,17,38299,
2026,17,38385,
2026,17,38395,
2026,17,38478,
2026,17,38521,
2026,17,38576,
2026,17,38653,
2026,17,38795,
2026,17,38796,
2026,17,38803,
2026,17,38827,
2026,17,38877,
2026,17,38880,
2026,17,38885,
2026,17,38901,
2026,17,38906,
2026,17,38910,
2026,17,38911,
2026,17,38929,
2026,17,38943,
2026,17,43038,
2026,17,43082,
2026,17,43083,
2026,17,43162,
2026,18,38209,6.20%
2026,18,38317,7.60%
2026,18,38489,8.90%
2026,18,38589,11.00%
2026,18,38843,10.60%
2026,18,38872,20.50%
2026,18,38950,14.10%
2026,18,38989,12.00%
2026,18,43029,16.10%
2026,18,38101,0.40%
2026,18,38240,3.00%
2026,18,38272,2.40%
2026,18,38285,1.80%
2026,18,38291,0.40%
2026,18,38389,6.00%
2026,18,38404,3.40%
2026,18,38422,2.30%
2026,18,38433,2.40%
2026,18,38555,3.30%
2026,18,38613,14.20%
2026,18,38654,5.80%
2026,18,38681,5.60%
2026,18,43188,13.00%
2026,18,38183,5.70%
2026,18,38387,8.40%
2026,18,38577,3.10%
2026,18,38721,6.40%
2026,18,38732,3.60%
2026,18,38736,3.60%
2026,18,38813,1.00%
2026,18,38821,6.60%
2026,18,38857,24.90%
2026,18,43008,12.90%
2026,18,43124,8.00%
2026,18,38344,6.00%
2026,18,38635,7.40%
2026,18,38858,0.10%
2026,18,38109,8.40%
2026,18,38173,2.00%
2026,18,38312,2.10%
2026,18,38378,4.20%
2026,18,38423,2.80%
2026,18,38432,5.00%
2026,18,38440,3.40%
2026,18,38483,5.30%
2026,18,38498,2.80%
2026,18,38504,6.40%
2026,18,38554,0.10%
2026,18,38556,2.80%
2026,18,38558,5.20%
2026,18,38602,5.40%
2026,18,38658,3.20%
2026,18,38752,8.10%
2026,18,38850,3.90%
2026,18,38113,10.20%
2026,18,38139,7.90%
2026,18,38152,10.30%
2026,18,38208,13.90%
2026,18,38239,6.10%
2026,18,38365,3.10%
2026,18,38417,11.20%
2026,18,38430,2.90%
2026,18,38484,12.00%
2026,18,38585,5.90%
2026,18,38620,4.50%
2026,18,38663,12.10%
2026,18,43025,5.80%
2026,18,38111,1.50%
2026,18,38118,9.10%
2026,18,38194,3.30%
2026,18,38219,3.90%
2026,18,38349,12.10%
2026,18,38399,5.60%
2026,18,38405,2.30%
2026,18,38470,4.30%
2026,18,38557,3.00%
2026,18,38581,2.60%
2026,18,38600,0.00%
2026,18,38612,3.90%
2026,18,38676,3.80%
2026,18,38982,10.30%
2026,18,43045,5.00%
2026,18,38107,9.40%
2026,18,38116,6.20%
2026,18,38124,2.60%
2026,18,38129,3.90%
2026,18,38169,5.30%
2026,18,38398,9.70%
2026,18,38428,7.50%
2026,18,38447,1.00%
2026,18,38544,2.80%
2026,18,38571,3.00%
2026,18,38580,6.50%
2026,18,38615,3.20%
2026,18,38691,5.90%
2026,18,43159,3.70%
2026,18,38226,6.70%
2026,18,38279,0.40%
2026,18,38289,2.80%
2026,18,38418,1.70%
2026,18,38419,2.00%
2026,18,38468,4.60%
2026,18,38477,1.50%
2026,18,38496,4.90%
2026,18,38611,7.70%
2026,18,38645,0.20%
2026,18,38725,15.00%
2026,18,43070,9.60%
2026,18,38131,5.60%
2026,18,38172,2.80%
2026,18,38402,3.10%
2026,18,38406,1.50%
2026,18,38543,2.70%
2026,18,38560,3.90%
2026,18,38605,1.80%
2026,18,38625,2.70%
2026,18,38771,0.40%
2026,18,38784,3.60%
2026,18,38806,5.50%
2026,18,38866,1.90%
2026,18,38133,12.20%
2026,18,38190,8.70%
2026,18,38192,4.10%
2026,18,38280,8.20%
2026,18,38634,12.80%
2026,18,38638,8.40%
2026,18,38804,4.40%
2026,18,38949,4.70%
2026,18,43069,21.60%
2026,18,43074,17.10%
2026,18,43166,9.20%
2026,18,38146,9.50%
2026,18,38157,6.50%
2026,18,38519,4.40%
2026,18,38698,7.00%
2026,18,38761,3.60%
2026,18,38768,6.80%
2026,18,38819,8.50%
2026,18,38831,3.90%
2026,18,38840,9.20%
2026,18,38897,9.30%
2026,18,43009,7.50%
2026,18,38114,7.40%
2026,18,38360,8.20%
2026,18,38367,3.50%
2026,18,38379,0.40%
2026,18,38393,10.00%
2026,18,38469,7.10%
2026,18,38471,4.80%
2026,18,38472,3.90%
2026,18,38494,5.90%
2026,18,38637,1.50%
2026,18,38817,5.80%
2026,18,38964,3.80%
2026,18,38164,10.90%
2026,18,38222,9.20%
2026,18,38264,7.00%
2026,18,38599,15.80%
2026,18,38690,12.30%
2026,18,38731,6.00%
2026,18,38756,4.50%
2026,18,38787,6.90%
2026,18,38942,9.40%
2026,18,43100,11.50%
2026,18,38204,6.60%
2026,18,38359,15.40%
2026,18,38876,16.80%
2026,18,38917,12.50%
2026,18,43021,24.30%
2026,18,38217,27.40%
2026,18,38257,9.50%
2026,18,38259,8.70%
2026,18,38516,6.90%
2026,18,38586,11.70%
2026,18,38610,13.70%
2026,18,38993,21.50%
2026,18,43086,27.40%
2026,18,43146,16.40%
2026,18,38211,14.20%
2026,18,38212,5.20%
2026,18,38214,16.60%
2026,18,38354,26.90%
2026,18,38370,8.80%
2026,18,38639,19.60%
2026,18,38711,24.80%
2026,18,38723,10.10%
2026,18,38889,10.10%
2026,18,38972,34.60%
2026,18,38990,27.70%
2026,18,43001,13.40%
2026,18,38134,4.60%
2026,18,38260,4.20%
2026,18,38340,5.30%
2026,18,38464,5.80%
2026,18,38482,7.60%
2026,18,38501,6.80%
2026,18,38513,2.50%
2026,18,38526,5.20%
2026,18,38569,3.60%
2026,18,38570,5.90%
2026,18,38579,5.80%
2026,18,38619,6.30%
2026,18,38888,4.90%
2026,18,38941,2.70%
2026,18,38296,4.70%
2026,18,38328,7.90%
2026,18,38435,9.50%
2026,18,38488,7.40%
2026,18,38712,13.00%
2026,18,38744,15.00%
2026,18,38805,3.70%
2026,18,38828,17.20%
2026,18,38928,9.10%
2026,18,38975,19.90%
2026,18,43186,20.60%
2026,18,38408,13.10%
2026,18,38525,8.90%
2026,18,38738,6.90%
2026,18,38781,3.20%
2026,18,38839,15.50%
2026,18,38946,6.60%
2026,18,38966,15.20%
2026,18,38967,12.00%
2026,18,38267,21.10%
2026,18,38503,14.30%
2026,18,38760,12.70%
2026,18,38825,16.20%
2026,18,38842,18.60%
2026,18,38919,6.20%
2026,18,38923,31.10%
2026,18,38979,7.60%
2026,18,38991,8.60%
2026,18,43190,16.00%
2026,18,38273,0.20%
2026,18,38275,0.20%
2026,18,38335,0.50%
2026,18,38454,0.60%
2026,18,38593,0.40%
2026,18,38887,1.00%
2026,18,38956,0.60%
2026,18,38983,3.50%
2026,18,43114,0.60%
2026,18,43115,15.50%
2026,18,43138,1.30%
2026,18,38436,1.90%
2026,18,38491,0.90%
2026,18,38782,6.40%
2026,18,38890,0.40%
2026,18,43010,0.80%
2026,18,43113,8.80%
2026,18,43150,16.60%
2026,18,38236,5.30%
2026,18,38309,5.60%
2026,18,38397,2.30%
2026,18,38413,3.80%
2026,18,38566,6.40%
2026,18,38614,9.40%
2026,18,38636,5.50%
2026,18,38648,8.70%
2026,18,38696,1.40%
2026,18,38838,5.30%
2026,18,43118,3.10%
2026,18,43137,3.10%
2026,18,38159,9.00%
2026,18,38338,21.70%
2026,18,38345,6.00%
2026,18,38479,8.90%
2026,18,38647,7.60%
2026,18,38868,6.80%
2026,18,38881,9.30%
2026,18,38931,8.60%
2026,18,38938,14.80%
2026,18,38969,8.00%
2026,18,38137,11.20%
2026,18,38143,7.50%
2026,18,38144,8.30%
2026,18,38153,4.90%
2026,18,38195,3.60%
2026,18,38229,15.60%
2026,18,38624,3.10%
2026,18,38640,11.30%
2026,18,38660,9.50%
2026,18,38994,3.70%
2026,18,43172,9.00%
2026,18,38210,4.90%
2026,18,38242,2.10%
2026,18,38288,1.10%
2026,18,38346,4.00%
2026,18,38381,1.40%
2026,18,38517,2.20%
2026,18,38523,4.30%
2026,18,38713,6.00%
2026,18,38863,2.00%
2026,18,38879,6.50%
2026,18,38162,11.40%
2026,18,38177,11.80%
2026,18,38213,7.80%
2026,18,38332,2.90%
2026,18,38352,10.00%
2026,18,38356,6.00%
2026,18,38449,10.60%
2026,18,38542,12.00%
2026,18,38575,19.00%
2026,18,38588,8.40%
2026,18,38861,8.20%
2026,18,43046,9.00%
2026,18,43051,13.90%
2026,18,38409,9.80%
2026,18,38448,15.10%
2026,18,38486,9.50%
2026,18,38551,5.00%
2026,18,38583,8.80%
2026,18,38675,7.20%
2026,18,38702,14.70%
2026,18,38703,6.70%
2026,18,43057,19.00%
2026,18,43084,17.10%
2026,18,43148,9.30%
2026,18,38147,16.50%
2026,18,38163,23.30%
2026,18,38174,8.30%
2026,18,38407,6.70%
2026,18,38672,3.70%
2026,18,38699,4.30%
2026,18,38700,3.30%
2026,18,38733,6.10%
2026,18,38753,5.20%
2026,18,38754,2.20%
2026,18,43047,13.00%
2026,18,43129,1.80%
2026,18,38121,10.70%
2026,18,38366,3.00%
2026,18,38386,4.50%
2026,18,38461,7.80%
2026,18,38538,5.90%
2026,18,38644,2.20%
2026,18,38709,19.60%
2026,18,38722,12.80%
2026,18,38727,4.20%
2026,18,38773,2.80%
2026,18,43041,10.10%
2026,18,38103,8.30%
2026,18,38104,7.40%
2026,18,38106,8.60%
2026,18,38112,6.90%
2026,18,38188,6.10%
2026,18,38227,1.30%
2026,18,38617,12.80%
2026,18,38646,9.40%
2026,18,38692,11.80%
2026,18,38730,5.70%
2026,18,38746,0.70%
2026,18,38954,3.50%
2026,18,43142,7.00%
2026,18,38115,12.90%
2026,18,38119,10.60%
2026,18,38142,13.60%
2026,18,38149,10.40%
2026,18,38266,20.10%
2026,18,38270,14.50%
2026,18,38363,12.20%
2026,18,38394,10.20%
2026,18,38507,17.50%
2026,18,38535,10.40%
2026,18,38925,9.50%
2026,18,43043,14.70%
2026,18,43130,7.40%
2026,18,38108,4.50%
2026,18,38110,1.00%
2026,18,38128,1.90%
2026,18,38187,1.30%
2026,18,38191,2.80%
2026,18,38220,6.80%
2026,18,38382,0.30%
2026,18,38415,0.30%
2026,18,38481,1.40%
2026,18,38522,5.20%
2026,18,38541,6.60%
2026,18,38597,7.50%
2026,18,38627,1.10%
2026,18,38136,9.70%
2026,18,38186,8.80%
2026,18,38230,6.50%
2026,18,38374,11.70%
2026,18,38442,8.00%
2026,18,38460,9.20%
2026,18,38606,4.20%
2026,18,38661,16.20%
2026,18,38674,13.10%
2026,18,38694,5.30%
2026,18,38792,5.90%
2026,18,38845,6.70%
2026,18,38138,2.00%
2026,18,38141,7.70%
2026,18,38319,6.30%
2026,18,38441,5.20%
2026,18,38547,7.30%
2026,18,38668,1.60%
2026,18,38841,6.40%
2026,18,38896,15.80%
2026,18,38987,5.30%
2026,18,43059,3.50%
2026,18,43068,0.60%
2026,18,38158,4.20%
2026,18,38166,3.40%
2026,18,38390,1.10%
2026,18,38400,0.20%
2026,18,38445,5.70%
2026,18,38512,12.30%
2026,18,38532,7.50%
2026,18,38751,6.10%
2026,18,38755,0.30%
2026,18,38777,2.30%
2026,18,38780,5.40%
2026,18,38798,3.40%
2026,18,38810,1.00%
2026,18,38180,7.70%
2026,18,38184,6.90%
2026,18,38198,10.40%
2026,18,38533,11.70%
2026,18,38540,14.80%
2026,18,38564,11.50%
2026,18,38741,5.20%
2026,18,38765,23.70%
2026,18,38788,7.20%
2026,18,38865,7.90%
2026,18,38968,9.80%
2026,18,38196,9.10%
2026,18,38246,22.40%
2026,18,38254,17.90%
2026,18,38263,13.30%
2026,18,38336,21.70%
2026,18,38596,13.10%
2026,18,38830,4.40%
2026,18,38883,9.20%
2026,18,38898,13.90%
2026,18,38935,17.20%
2026,18,38958,14.50%
2026,18,38963,13.70%
2026,18,38981,0.00%
2026,18,43005,13.90%
2026,18,38205,7.50%
2026,18,38207,0.90%
2026,18,38371,12.20%
2026,18,38411,18.00%
2026,18,38527,9.00%
2026,18,38546,7.50%
2026,18,38651,9.00%
2026,18,38677,19.60%
2026,18,38719,13.80%
2026,18,38837,12.00%
2026,18,43111,25.80%
2026,18,43132,13.90%
2026,18,43194,6.10%
2026,18,43195,3.50%
2026,18,38248,6.60%
2026,18,38671,4.30%
2026,18,38680,4.00%
2026,18,38808,7.50%
2026,18,38816,6.70%
2026,18,38875,12.00%
2026,18,38984,10.00%
2026,18,43007,8.80%
2026,18,43019,10.20%
2026,18,43154,9.20%
2026,18,43181,2.20%
2026,18,38258,14.00%
2026,18,38313,7.40%
2026,18,38322,10.40%
2026,18,38380,2.70%
2026,18,38545,6.70%
2026,18,38582,13.60%
2026,18,38670,2.70%
2026,18,38836,5.80%
2026,18,38869,11.90%
2026,18,38874,22.20%
2026,18,38977,1.70%
2026,18,43143,2.40%
2026,18,38122,5.10%
2026,18,38148,4.40%
2026,18,38150,8.30%
2026,18,38189,3.80%
2026,18,38225,3.30%
2026,18,38233,4.20%
2026,18,38361,8.60%
2026,18,38414,8.00%
2026,18,38438,6.10%
2026,18,38485,5.00%
2026,18,38508,4.90%
2026,18,38534,1.60%
2026,18,38578,6.10%
2026,18,38607,7.50%
2026,18,38633,4.10%
2026,18,38704,0.90%
2026,18,38747,0.40%
2026,18,38749,2.20%
2026,18,38769,7.90%
2026,18,38829,6.00%
2026,18,38847,10.20%
2026,18,38957,4.70%
2026,18,43011,6.60%
2026,18,43058,6.90%
2026,18,43147,6.50%
2026,18,38243,9.60%
2026,18,38252,9.70%
2026,18,38271,5.70%
2026,18,38274,2.10%
2026,18,38277,10.60%
2026,18,38307,3.60%
2026,18,38326,6.70%
2026,18,38383,7.00%
2026,18,38446,0.80%
2026,18,38509,8.60%
2026,18,38539,1.90%
2026,18,38664,13.50%
2026,18,38667,1.90%
2026,18,38740,6.80%
2026,18,38763,3.00%
2026,18,38778,1.10%
2026,18,38779,10.50%
2026,18,38922,6.70%
2026,18,38933,3.00%
2026,18,38948,0.60%
2026,18,38952,7.40%
2026,18,43016,7.60%
2026,18,43060,5.90%
2026,18,43106,11.70%
2026,18,43156,3.80%
2026,18,38245,6.20%
2026,18,38247,5.90%
2026,18,38251,12.10%
2026,18,38453,0.80%
2026,18,38552,2.90%
2026,18,38673,8.90%
2026,18,38884,12.30%
2026,18,38904,8.60%
2026,18,43027,9.60%
2026,18,43032,17.80%
2026,18,43089,9.90%
2026,18,38268,13.20%
2026,18,38286,13.20%
2026,18,38601,11.40%
2026,18,38642,4.40%
2026,18,38729,8.40%
2026,18,38809,2.40%
2026,18,38812,2.60%
2026,18,38832,6.30%
2026,18,38899,4.30%
2026,18,38997,14.80%
2026,18,43209,6.80%
2026,18,38262,13.70%
2026,18,38355,5.70%
2026,18,38392,8.10%
2026,18,38473,13.20%
2026,18,38506,4.70%
2026,18,38563,11.80%
2026,18,38630,11.60%
2026,18,38734,15.30%
2026,18,38891,13.00%
2026,18,38912,22.70%
2026,18,38974,10.30%
2026,18,43063,6.40%
2026,18,43185,20.10%
2026,18,38265,5.20%
2026,18,38412,0.40%
2026,18,38450,2.10%
2026,18,38737,3.60%
2026,18,38848,5.70%
2026,18,38934,1.60%
2026,18,38999,3.50%
2026,18,43076,3.90%
2026,18,38683,8.20%
2026,18,38726,8.30%
2026,18,38743,9.30%
2026,18,38873,8.00%
2026,18,43003,19.70%
2026,18,43042,4.30%
2026,18,43096,10.20%
2026,18,38283,10.60%
2026,18,38342,24.70%
2026,18,38353,33.30%
2026,18,38524,23.70%
2026,18,38591,17.20%
2026,18,38666,9.00%
2026,18,38685,19.70%
2026,18,38693,16.00%
2026,18,38797,17.20%
2026,18,38985,15.40%
2026,18,38998,3.20%
2026,18,43110,10.90%
2026,18,43168,10.60%
2026,18,38305,1.40%
2026,18,38860,7.80%
2026,18,38895,4.70%
2026,18,43036,5.10%
2026,18,43040,7.60%
2026,18,43125,5.70%
2026,18,43149,9.00%
2026,18,43155,12.40%
2026,18,38306,1.30%
2026,18,38315,6.40%
2026,18,38520,8.70%
2026,18,38631,5.00%
2026,18,38665,0.90%
2026,18,38669,5.40%
2026,18,38689,0.30%
2026,18,38735,7.20%
2026,18,38818,6.60%
2026,18,38953,7.50%
2026,18,43050,4.20%
2026,18,43071,3.30%
2026,18,38331,4.90%
2026,18,38459,6.60%
2026,18,38565,18.60%
2026,18,38650,13.50%
2026,18,38820,7.40%
2026,18,38947,21.00%
2026,18,38959,4.80%
2026,18,43031,5.40%
2026,18,43056,10.70%
2026,18,38457,4.50%
2026,18,38492,3.50%
2026,18,38618,1.40%
2026,18,38776,10.20%
2026,18,38986,12.10%
2026,18,38320,19.30%
2026,18,38323,4.10%
2026,18,38334,2.90%
2026,18,38350,3.10%
2026,18,38362,1.00%
2026,18,38373,8.10%
2026,18,38388,5.70%
2026,18,38518,1.80%
2026,18,38573,15.10%
2026,18,38574,13.90%
2026,18,38598,4.10%
2026,18,38609,7.10%
2026,18,38705,5.50%
2026,18,38759,12.00%
2026,18,38786,8.60%
2026,18,38826,5.10%
2026,18,38955,1.80%
2026,18,38988,7.00%
2026,18,43054,21.30%
2026,18,43088,13.20%
2026,18,43098,7.00%
2026,18,43133,6.10%
2026,18,43134,10.10%
2026,18,38250,1.30%
2026,18,38295,10.60%
2026,18,38467,3.00%
2026,18,38728,6.70%
2026,18,38757,2.70%
2026,18,38864,3.30%
2026,18,38871,2.20%
2026,18,38886,0.60%
2026,18,38916,4.50%
2026,18,38944,3.20%
2026,18,38976,2.80%
2026,18,43033,1.30%
2026,18,43180,13.70%
2026,18,38351,1.90%
2026,18,38375,3.60%
2026,18,38429,4.70%
2026,18,38511,0.70%
2026,18,38567,5.10%
2026,18,38678,5.30%
2026,18,38684,4.80%
2026,18,38716,4.10%
2026,18,38718,7.60%
2026,18,38996,4.60%
2026,18,43034,5.70%
2026,18,43164,5.30%
2026,18,43183,8.10%
2026,18,38357,1.30%
2026,18,38358,4.00%
2026,18,38790,4.40%
2026,18,38793,56.00%
2026,18,38893,28.20%
2026,18,38908,4.20%
2026,18,38939,2.90%
2026,18,43064,5.50%
2026,18,43170,5.80%
2026,18,38502,1.20%
2026,18,38594,1.40%
2026,18,38657,7.10%
2026,18,38659,0.90%
2026,18,38800,5.00%
2026,18,38801,3.80%
2026,18,38855,21.50%
2026,18,43026,1.90%
2026,18,43163,3.80%
2026,18,43169,2.70%
2026,18,38193,0.10%
2026,18,38372,2.30%
2026,18,38416,7.90%
2026,18,38499,1.90%
2026,18,38530,2.40%
2026,18,38549,2.20%
2026,18,38715,10.10%
2026,18,38951,2.30%
2026,18,43105,6.70%
2026,18,38117,6.50%
2026,18,38176,27.10%
2026,18,38197,9.80%
2026,18,38427,5.80%
2026,18,38458,3.20%
2026,18,38475,11.80%
2026,18,38561,4.50%
2026,18,38590,5.80%
2026,18,38656,12.90%
2026,18,38695,4.70%
2026,18,38770,4.40%
2026,18,38859,4.70%
2026,18,43152,7.40%
2026,18,38126,3.40%
2026,18,38179,0.80%
2026,18,38185,4.70%
2026,18,38292,8.20%
2026,18,38439,5.40%
2026,18,38452,6.00%
2026,18,38466,2.30%
2026,18,38553,1.10%
2026,18,38568,2.00%
2026,18,38799,4.00%
2026,18,38815,3.10%
2026,18,38918,3.80%
2026,18,43107,6.20%
2026,18,38178,2.80%
2026,18,38199,15.70%
2026,18,38238,12.50%
2026,18,38244,2.00%
2026,18,38276,8.20%
2026,18,38303,0.40%
2026,18,38510,9.80%
2026,18,38603,6.20%
2026,18,38739,5.30%
2026,18,38844,7.60%
2026,18,38849,11.20%
2026,18,38970,7.60%
2026,18,38333,10.50%
2026,18,38339,12.40%
2026,18,38368,6.10%
2026,18,38401,17.60%
2026,18,38456,21.40%
2026,18,38515,12.80%
2026,18,38604,7.30%
2026,18,38862,12.20%
2026,18,38894,11.20%
2026,18,43193,5.70%
2026,18,38377,6.90%
2026,18,38480,15.10%
2026,18,38559,5.40%
2026,18,38629,7.30%
2026,18,38846,11.20%
2026,18,38882,15.80%
2026,18,43055,10.60%
2026,18,43135,11.10%
2026,18,38154,1.30%
2026,18,38221,7.60%
2026,18,38228,4.80%
2026,18,38241,1.10%
2026,18,38314,4.40%
2026,18,38324,1.10%
2026,18,38384,1.90%
2026,18,38592,9.50%
2026,18,38679,7.50%
2026,18,43030,6.00%
2026,18,43151,14.50%
2026,18,38348,5.80%
2026,18,38396,7.90%
2026,18,38410,7.30%
2026,18,38451,7.50%
2026,18,38536,6.20%
2026,18,38550,11.70%
2026,18,38649,10.50%
2026,18,38682,10.30%
2026,18,43044,17.60%
2026,18,43157,12.60%
2026,18,38255,9.20%
2026,18,38302,16.30%
2026,18,38311,15.80%
2026,18,38434,8.00%
2026,18,38714,5.50%
2026,18,38745,10.40%
2026,18,38814,11.80%
2026,18,38980,4.60%
2026,18,43092,10.90%
2026,18,43145,31.00%
2026,18,43171,11.80%
2026,18,43174,19.00%
2026,18,38300,4.30%
2026,18,38316,3.70%
2026,18,38329,1.80%
2026,18,38655,1.00%
2026,18,38758,1.20%
2026,18,38867,1.70%
2026,18,38926,0.10%
2026,18,43000,5.80%
2026,18,38318,2.80%
2026,18,38337,0.30%
2026,18,38476,0.30%
2026,18,38621,0.80%
2026,18,38707,10.20%
2026,18,38892,0.10%
2026,18,38971,5.30%
2026,18,38973,7.80%
2026,18,38321,9.40%
2026,18,38325,7.20%
2026,18,38341,12.80%
2026,18,38490,1.80%
2026,18,38708,8.10%
2026,18,38909,1.20%
2026,18,38927,3.80%
2026,18,38932,9.30%
2026,18,38960,41.00%
2026,18,38170,3.30%
2026,18,38218,13.00%
2026,18,38237,1.50%
2026,18,38249,14.80%
2026,18,38287,2.90%
2026,18,38290,8.30%
2026,18,38304,9.70%
2026,18,38330,19.50%
2026,18,38905,1.50%
2026,18,38978,5.20%
2026,18,38431,7.00%
2026,18,38529,4.90%
2026,18,38811,10.10%
2026,18,38903,6.80%
2026,18,38924,11.30%
2026,18,38930,4.00%
2026,18,38937,9.20%
2026,18,38965,1.70%
2026,18,38992,6.60%
2026,18,38995,7.20%
2026,18,38123,8.30%
2026,18,38155,6.40%
2026,18,38203,6.30%
2026,18,38234,7.20%
2026,18,38376,5.00%
2026,18,38463,7.80%
2026,18,38465,2.40%
2026,18,38487,1.70%
2026,18,38497,10.50%
2026,18,38762,7.40%
2026,18,38785,3.40%
2026,18,43123,13.60%
2026,18,38201,6.50%
2026,18,38223,1.10%
2026,18,38224,8.20%
2026,18,38584,6.60%
2026,18,38742,9.20%
2026,18,38907,8.90%
2026,18,38278,6.40%
2026,18,38282,9.30%
2026,18,38310,19.50%
2026,18,38443,1.90%
2026,18,38531,17.40%
2026,18,38537,9.30%
2026,18,38643,3.90%
2026,18,38870,13.40%
2026,18,38920,12.50%
2026,18,43018,9.70%
2026,18,38167,
2026,18,38171,
2026,18,38182,
2026,18,38206,
2026,18,38215,
2026,18,38297,
2026,18,38299,
2026,18,38395,
2026,18,38576,
2026,18,38641,
2026,18,38706,
2026,18,38795,
2026,18,38796,
2026,18,38803,
2026,18,38827,
2026,18,38853,
2026,18,38877,
2026,18,38885,
2026,18,38900,
2026,18,38901,
2026,18,38906,
2026,18,38910,
2026,18,38911,
2026,18,38929,
2026,18,38943,
2026,18,43038,
2026,18,43082,
2026,18,43083,
2026,18,43122,
2026,18,43162,
2026,18,43176,
2026,19,38209,6.10%
2026,19,38317,6.20%
2026,19,38489,8.50%
2026,19,38589,6.80%
2026,19,38843,10.50%
2026,19,38872,22.20%
2026,19,38950,12.30%
2026,19,38989,15.20%
2026,19,43029,19.10%
2026,19,38101,0.80%
2026,19,38240,2.50%
2026,19,38272,2.30%
2026,19,38285,1.60%
2026,19,38291,0.90%
2026,19,38389,6.10%
2026,19,38404,4.60%
2026,19,38422,2.40%
2026,19,38433,2.80%
2026,19,38555,3.90%
2026,19,38613,14.90%
2026,19,38654,6.60%
2026,19,38681,5.60%
2026,19,43188,13.40%
2026,19,38183,5.80%
2026,19,38387,9.90%
2026,19,38577,1.40%
2026,19,38721,5.90%
2026,19,38732,4.40%
2026,19,38736,3.50%
2026,19,38813,1.20%
2026,19,38821,6.00%
2026,19,38857,26.40%
2026,19,43008,13.20%
2026,19,43124,10.10%
2026,19,38344,7.40%
2026,19,38635,5.80%
2026,19,38858,0.10%
2026,19,38109,6.80%
2026,19,38173,1.70%
2026,19,38312,2.90%
2026,19,38378,4.50%
2026,19,38423,1.60%
2026,19,38432,5.90%
2026,19,38440,3.20%
2026,19,38483,7.00%
2026,19,38498,0.70%
2026,19,38504,6.40%
2026,19,38554,0.10%
2026,19,38556,2.00%
2026,19,38558,10.70%
2026,19,38602,6.20%
2026,19,38658,3.20%
2026,19,38752,4.90%
2026,19,38850,5.70%
2026,19,38113,13.20%
2026,19,38139,9.10%
2026,19,38152,11.20%
2026,19,38208,14.60%
2026,19,38239,8.40%
2026,19,38365,3.30%
2026,19,38417,12.60%
2026,19,38430,3.70%
2026,19,38484,13.60%
2026,19,38585,6.10%
2026,19,38620,5.90%
2026,19,38663,13.70%
2026,19,43025,4.50%
2026,19,38111,5.20%
2026,19,38118,10.50%
2026,19,38194,4.20%
2026,19,38219,4.50%
2026,19,38349,8.20%
2026,19,38399,4.60%
2026,19,38405,3.90%
2026,19,38470,7.30%
2026,19,38557,5.10%
2026,19,38581,3.20%
2026,19,38600,0.00%
2026,19,38612,5.20%
2026,19,38676,4.50%
2026,19,38982,9.60%
2026,19,43045,9.80%
2026,19,38107,7.60%
2026,19,38116,6.70%
2026,19,38124,4.10%
2026,19,38129,5.10%
2026,19,38169,7.20%
2026,19,38398,7.60%
2026,19,38428,8.60%
2026,19,38447,1.00%
2026,19,38544,1.90%
2026,19,38571,1.80%
2026,19,38580,7.70%
2026,19,38615,3.70%
2026,19,38691,7.60%
2026,19,43159,2.20%
2026,19,38226,9.70%
2026,19,38279,0.50%
2026,19,38289,2.10%
2026,19,38418,2.50%
2026,19,38419,2.50%
2026,19,38468,5.60%
2026,19,38477,4.60%
2026,19,38496,5.60%
2026,19,38611,6.30%
2026,19,38645,0.10%
2026,19,38725,18.80%
2026,19,43070,13.90%
2026,19,38131,5.10%
2026,19,38172,2.50%
2026,19,38402,3.10%
2026,19,38406,1.10%
2026,19,38543,3.30%
2026,19,38560,3.70%
2026,19,38605,7.50%
2026,19,38625,8.90%
2026,19,38771,1.00%
2026,19,38784,3.30%
2026,19,38806,6.50%
2026,19,38866,1.70%
2026,19,38133,15.00%
2026,19,38190,12.10%
2026,19,38192,4.70%
2026,19,38280,12.80%
2026,19,38634,12.80%
2026,19,38638,8.00%
2026,19,38804,4.80%
2026,19,38949,5.20%
2026,19,43069,23.20%
2026,19,43074,16.90%
2026,19,43166,10.30%
2026,19,38146,12.90%
2026,19,38157,7.10%
2026,19,38444,0.00%
2026,19,38519,6.10%
2026,19,38698,14.00%
2026,19,38761,3.30%
2026,19,38768,7.40%
2026,19,38819,11.00%
2026,19,38831,8.80%
2026,19,38840,9.10%
2026,19,38897,8.80%
2026,19,43009,7.50%
2026,19,38114,6.30%
2026,19,38360,8.60%
2026,19,38367,4.30%
2026,19,38379,0.70%
2026,19,38393,12.00%
2026,19,38469,7.10%
2026,19,38471,6.60%
2026,19,38472,4.00%
2026,19,38494,6.40%
2026,19,38637,2.10%
2026,19,38817,4.20%
2026,19,38964,4.80%
2026,19,38164,12.70%
2026,19,38222,13.40%
2026,19,38264,10.60%
2026,19,38599,14.80%
2026,19,38690,14.50%
2026,19,38731,8.20%
2026,19,38756,5.60%
2026,19,38787,4.00%
2026,19,38942,8.90%
2026,19,43100,12.00%
2026,19,38204,6.70%
2026,19,38359,8.90%
2026,19,38876,17.30%
2026,19,38917,10.40%
2026,19,43021,22.40%
2026,19,38217,30.30%
2026,19,38257,12.60%
2026,19,38259,0.30%
2026,19,38516,12.00%
2026,19,38586,11.40%
2026,19,38610,13.20%
2026,19,38993,29.10%
2026,19,43086,33.90%
2026,19,43146,21.70%
2026,19,38211,19.30%
2026,19,38212,6.90%
2026,19,38214,16.30%
2026,19,38354,26.20%
2026,19,38370,15.80%
2026,19,38639,18.50%
2026,19,38711,31.40%
2026,19,38723,9.50%
2026,19,38889,11.50%
2026,19,38972,38.40%
2026,19,38990,23.50%
2026,19,43001,15.50%
2026,19,38134,6.00%
2026,19,38260,4.90%
2026,19,38340,4.40%
2026,19,38464,5.90%
2026,19,38482,13.10%
2026,19,38501,5.30%
2026,19,38513,3.30%
2026,19,38526,3.80%
2026,19,38569,3.80%
2026,19,38570,5.10%
2026,19,38579,4.60%
2026,19,38619,8.30%
2026,19,38888,2.90%
2026,19,38941,3.80%
2026,19,38296,5.10%
2026,19,38328,9.70%
2026,19,38435,13.60%
2026,19,38488,13.60%
2026,19,38712,7.50%
2026,19,38744,18.60%
2026,19,38805,11.60%
2026,19,38828,16.20%
2026,19,38928,12.00%
2026,19,38975,18.30%
2026,19,43186,19.30%
2026,19,38408,13.30%
2026,19,38525,11.70%
2026,19,38738,6.60%
2026,19,38781,3.20%
2026,19,38839,20.60%
2026,19,38946,7.40%
2026,19,38966,14.50%
2026,19,38967,10.20%
2026,19,38267,16.50%
2026,19,38503,15.20%
2026,19,38760,11.90%
2026,19,38825,12.60%
2026,19,38842,13.80%
2026,19,38919,6.90%
2026,19,38923,23.70%
2026,19,38979,16.40%
2026,19,38991,10.40%
2026,19,43190,14.70%
2026,19,38273,4.10%
2026,19,38275,0.20%
2026,19,38335,3.00%
2026,19,38454,0.90%
2026,19,38593,3.30%
2026,19,38887,1.50%
2026,19,38921,0.30%
2026,19,38956,1.60%
2026,19,38983,6.50%
2026,19,43114,2.80%
2026,19,43115,25.70%
2026,19,43138,4.50%
2026,19,38436,2.80%
2026,19,38491,1.90%
2026,19,38782,5.50%
2026,19,38890,1.60%
2026,19,43010,1.20%
2026,19,43113,10.50%
2026,19,43150,13.70%
2026,19,38236,8.90%
2026,19,38309,6.30%
2026,19,38397,2.90%
2026,19,38413,7.60%
2026,19,38566,7.00%
2026,19,38614,13.20%
2026,19,38636,6.00%
2026,19,38648,10.60%
2026,19,38696,4.20%
2026,19,38838,7.90%
2026,19,43118,2.80%
2026,19,43137,4.30%
2026,19,38159,8.10%
2026,19,38338,36.50%
2026,19,38345,7.70%
2026,19,38479,17.70%
2026,19,38647,11.00%
2026,19,38868,9.70%
2026,19,38881,8.10%
2026,19,38931,14.80%
2026,19,38938,18.90%
2026,19,38969,10.70%
2026,19,38137,10.50%
2026,19,38143,7.80%
2026,19,38144,4.00%
2026,19,38153,4.40%
2026,19,38195,2.70%
2026,19,38229,18.30%
2026,19,38624,4.30%
2026,19,38640,12.40%
2026,19,38660,8.20%
2026,19,38994,8.50%
2026,19,43172,10.40%
2026,19,38210,6.10%
2026,19,38242,3.50%
2026,19,38288,3.60%
2026,19,38346,1.80%
2026,19,38381,8.80%
2026,19,38517,3.10%
2026,19,38523,9.80%
2026,19,38713,13.30%
2026,19,38863,12.90%
2026,19,38879,5.70%
2026,19,38162,11.60%
2026,19,38177,14.70%
2026,19,38213,10.60%
2026,19,38332,2.80%
2026,19,38352,7.90%
2026,19,38356,7.00%
2026,19,38449,8.60%
2026,19,38542,10.00%
2026,19,38575,19.20%
2026,19,38588,7.50%
2026,19,38861,10.10%
2026,19,43046,9.50%
2026,19,43051,20.00%
2026,19,38409,9.30%
2026,19,38448,13.60%
2026,19,38486,11.90%
2026,19,38551,8.50%
2026,19,38583,7.90%
2026,19,38675,17.30%
2026,19,38702,26.50%
2026,19,38703,11.80%
2026,19,43057,19.10%
2026,19,43084,20.50%
2026,19,43148,13.10%
2026,19,38147,13.70%
2026,19,38163,16.80%
2026,19,38174,8.30%
2026,19,38407,6.50%
2026,19,38672,2.10%
2026,19,38699,5.60%
2026,19,38700,4.10%
2026,19,38733,11.60%
2026,19,38753,6.90%
2026,19,38754,8.00%
2026,19,43047,21.40%
2026,19,43129,2.30%
2026,19,38121,9.90%
2026,19,38366,3.40%
2026,19,38386,4.50%
2026,19,38461,10.30%
2026,19,38538,11.60%
2026,19,38644,1.70%
2026,19,38709,14.90%
2026,19,38722,13.70%
2026,19,38727,4.80%
2026,19,38773,3.90%
2026,19,43041,10.50%
2026,19,38103,8.60%
2026,19,38104,11.60%
2026,19,38106,8.50%
2026,19,38112,14.40%
2026,19,38188,5.60%
2026,19,38227,1.00%
2026,19,38617,12.60%
2026,19,38646,9.50%
2026,19,38692,10.90%
2026,19,38730,5.70%
2026,19,38746,2.50%
2026,19,38954,4.10%
2026,19,43142,6.90%
2026,19,38115,14.10%
2026,19,38119,13.30%
2026,19,38142,8.60%
2026,19,38149,10.40%
2026,19,38266,21.00%
2026,19,38270,15.90%
2026,19,38363,10.40%
2026,19,38394,10.20%
2026,19,38507,19.20%
2026,19,38535,11.00%
2026,19,38925,12.20%
2026,19,43043,15.10%
2026,19,43130,11.60%
2026,19,38108,5.00%
2026,19,38110,2.00%
2026,19,38128,1.40%
2026,19,38187,1.60%
2026,19,38191,2.10%
2026,19,38220,6.70%
2026,19,38382,0.50%
2026,19,38415,3.30%
2026,19,38481,1.00%
2026,19,38522,5.10%
2026,19,38541,6.40%
2026,19,38597,6.80%
2026,19,38627,0.60%
2026,19,38136,14.00%
2026,19,38186,9.40%
2026,19,38230,9.20%
2026,19,38374,10.70%
2026,19,38442,9.50%
2026,19,38460,9.10%
2026,19,38606,4.10%
2026,19,38661,17.70%
2026,19,38674,12.70%
2026,19,38694,8.90%
2026,19,38792,8.20%
2026,19,38845,7.30%
2026,19,38138,2.10%
2026,19,38141,7.30%
2026,19,38319,5.90%
2026,19,38441,5.30%
2026,19,38547,9.70%
2026,19,38668,3.30%
2026,19,38841,4.70%
2026,19,38896,9.30%
2026,19,38987,4.20%
2026,19,43059,4.20%
2026,19,43068,0.80%
2026,19,38158,6.30%
2026,19,38166,2.00%
2026,19,38390,2.50%
2026,19,38400,0.30%
2026,19,38445,5.20%
2026,19,38512,15.10%
2026,19,38532,5.70%
2026,19,38751,6.10%
2026,19,38755,0.10%
2026,19,38777,3.40%
2026,19,38780,4.60%
2026,19,38798,5.50%
2026,19,38810,1.50%
2026,19,38180,4.30%
2026,19,38184,7.20%
2026,19,38198,13.90%
2026,19,38533,11.40%
2026,19,38540,13.50%
2026,19,38564,14.10%
2026,19,38741,8.90%
2026,19,38765,18.30%
2026,19,38788,8.90%
2026,19,38865,24.40%
2026,19,38968,20.50%
2026,19,38196,10.00%
2026,19,38246,15.70%
2026,19,38254,23.00%
2026,19,38263,13.10%
2026,19,38336,24.00%
2026,19,38596,23.60%
2026,19,38830,5.00%
2026,19,38883,12.20%
2026,19,38898,12.30%
2026,19,38935,14.10%
2026,19,38958,16.40%
2026,19,38963,15.30%
2026,19,38981,0.00%
2026,19,43005,9.80%
2026,19,38205,6.80%
2026,19,38207,1.40%
2026,19,38371,16.20%
2026,19,38411,20.80%
2026,19,38527,8.00%
2026,19,38546,8.00%
2026,19,38651,16.00%
2026,19,38677,15.30%
2026,19,38719,14.00%
2026,19,38837,14.90%
2026,19,43111,33.30%
2026,19,43132,15.00%
2026,19,43194,6.20%
2026,19,43195,4.40%
2026,19,38248,6.60%
2026,19,38671,3.00%
2026,19,38680,3.90%
2026,19,38808,10.50%
2026,19,38816,5.30%
2026,19,38875,9.50%
2026,19,38984,11.60%
2026,19,43007,5.20%
2026,19,43019,13.80%
2026,19,43154,16.80%
2026,19,43181,17.90%
2026,19,38258,20.60%
2026,19,38313,14.00%
2026,19,38322,8.00%
2026,19,38380,2.10%
2026,19,38545,8.50%
2026,19,38582,16.20%
2026,19,38670,10.20%
2026,19,38836,13.00%
2026,19,38869,10.70%
2026,19,38874,27.00%
2026,19,38977,5.40%
2026,19,43143,3.80%
2026,19,38122,7.10%
2026,19,38148,5.60%
2026,19,38150,10.90%
2026,19,38189,4.50%
2026,19,38225,2.70%
2026,19,38233,6.00%
2026,19,38361,12.60%
2026,19,38414,6.40%
2026,19,38438,9.80%
2026,19,38485,7.30%
2026,19,38508,10.90%
2026,19,38534,4.20%
2026,19,38578,5.40%
2026,19,38607,11.10%
2026,19,38633,8.20%
2026,19,38704,1.00%
2026,19,38747,0.40%
2026,19,38749,3.70%
2026,19,38769,7.00%
2026,19,38829,9.90%
2026,19,38847,11.60%
2026,19,38957,10.40%
2026,19,43011,9.30%
2026,19,43058,8.00%
2026,19,43147,8.40%
2026,19,38243,7.60%
2026,19,38252,11.00%
2026,19,38271,14.60%
2026,19,38274,4.60%
2026,19,38277,10.40%
2026,19,38307,10.20%
2026,19,38326,8.30%
2026,19,38383,13.40%
2026,19,38446,6.90%
2026,19,38509,11.40%
2026,19,38539,6.40%
2026,19,38664,12.50%
2026,19,38667,17.40%
2026,19,38740,10.20%
2026,19,38763,4.80%
2026,19,38778,5.50%
2026,19,38779,12.90%
2026,19,38922,8.80%
2026,19,38933,12.00%
2026,19,38948,0.80%
2026,19,38952,7.90%
2026,19,43016,7.90%
2026,19,43060,12.30%
2026,19,43106,19.20%
2026,19,43156,6.00%
2026,19,38245,5.60%
2026,19,38247,5.70%
2026,19,38251,13.80%
2026,19,38453,1.70%
2026,19,38552,4.30%
2026,19,38673,8.40%
2026,19,38884,11.40%
2026,19,38904,9.40%
2026,19,43027,21.30%
2026,19,43032,22.10%
2026,19,43089,13.30%
2026,19,38268,15.80%
2026,19,38286,20.50%
2026,19,38601,18.30%
2026,19,38642,4.50%
2026,19,38729,9.40%
2026,19,38809,3.10%
2026,19,38812,5.00%
2026,19,38832,8.90%
2026,19,38899,5.70%
2026,19,38997,17.40%
2026,19,43209,13.20%
2026,19,38262,12.40%
2026,19,38355,7.50%
2026,19,38392,7.70%
2026,19,38473,15.30%
2026,19,38506,5.70%
2026,19,38563,11.70%
2026,19,38630,11.60%
2026,19,38734,17.70%
2026,19,38891,12.90%
2026,19,38912,25.00%
2026,19,38974,9.40%
2026,19,43063,8.60%
2026,19,43185,23.10%
2026,19,38265,4.70%
2026,19,38412,0.30%
2026,19,38450,1.60%
2026,19,38737,5.60%
2026,19,38848,5.80%
2026,19,38934,2.20%
2026,19,38999,2.50%
2026,19,43076,4.00%
2026,19,38683,9.20%
2026,19,38726,16.80%
2026,19,38743,14.20%
2026,19,38873,13.30%
2026,19,43003,23.40%
2026,19,43042,5.30%
2026,19,43096,11.70%
2026,19,38283,8.90%
2026,19,38342,14.70%
2026,19,38353,45.80%
2026,19,38524,24.80%
2026,19,38591,13.80%
2026,19,38666,8.10%
2026,19,38685,21.00%
2026,19,38693,19.50%
2026,19,38797,20.20%
2026,19,38985,11.30%
2026,19,38998,16.10%
2026,19,43110,12.70%
2026,19,43168,12.90%
2026,19,38305,5.30%
2026,19,38860,8.90%
2026,19,38895,6.40%
2026,19,38945,0.20%
2026,19,43036,9.20%
2026,19,43040,9.40%
2026,19,43125,18.10%
2026,19,43149,17.20%
2026,19,43155,16.90%
2026,19,38306,1.50%
2026,19,38315,7.10%
2026,19,38520,8.30%
2026,19,38631,7.50%
2026,19,38665,1.20%
2026,19,38669,5.60%
2026,19,38689,0.20%
2026,19,38735,7.10%
2026,19,38818,7.80%
2026,19,38953,7.30%
2026,19,43050,7.60%
2026,19,43071,2.10%
2026,19,38331,5.10%
2026,19,38459,6.00%
2026,19,38565,13.50%
2026,19,38650,10.10%
2026,19,38820,4.40%
2026,19,38947,15.50%
2026,19,38959,7.80%
2026,19,43031,7.60%
2026,19,43056,10.80%
2026,19,38457,4.80%
2026,19,38492,2.90%
2026,19,38618,2.60%
2026,19,38776,8.70%
2026,19,38986,10.60%
2026,19,43161,8.30%
2026,19,38320,29.30%
2026,19,38323,4.00%
2026,19,38334,4.90%
2026,19,38350,3.40%
2026,19,38362,3.10%
2026,19,38373,7.30%
2026,19,38388,5.00%
2026,19,38518,5.50%
2026,19,38573,16.30%
2026,19,38574,16.70%
2026,19,38598,3.40%
2026,19,38609,2.00%
2026,19,38705,5.20%
2026,19,38759,17.30%
2026,19,38786,10.30%
2026,19,38826,5.00%
2026,19,38955,1.20%
2026,19,38988,7.00%
2026,19,43054,23.40%
2026,19,43088,19.90%
2026,19,43098,6.00%
2026,19,43133,4.50%
2026,19,43134,15.90%
2026,19,38250,7.00%
2026,19,38295,18.00%
2026,19,38467,6.80%
2026,19,38728,3.90%
2026,19,38757,4.40%
2026,19,38864,7.30%
2026,19,38871,1.00%
2026,19,38886,3.70%
2026,19,38916,6.70%
2026,19,38944,3.40%
2026,19,38976,3.20%
2026,19,43033,3.90%
2026,19,43180,19.00%
2026,19,38351,1.60%
2026,19,38375,3.80%
2026,19,38429,10.50%
2026,19,38511,1.30%
2026,19,38567,5.00%
2026,19,38678,5.60%
2026,19,38684,14.90%
2026,19,38716,5.40%
2026,19,38718,5.50%
2026,19,38996,6.70%
2026,19,43034,5.90%
2026,19,43164,6.50%
2026,19,43183,6.70%
2026,19,38357,1.50%
2026,19,38358,4.10%
2026,19,38790,9.20%
2026,19,38793,85.10%
2026,19,38893,17.30%
2026,19,38908,3.00%
2026,19,38939,3.40%
2026,19,43064,36.50%
2026,19,43170,8.50%
2026,19,38502,1.80%
2026,19,38594,2.50%
2026,19,38657,7.10%
2026,19,38659,1.00%
2026,19,38800,2.60%
2026,19,38801,3.40%
2026,19,38855,17.00%
2026,19,43026,3.90%
2026,19,43163,5.30%
2026,19,43169,5.80%
2026,19,38193,0.20%
2026,19,38372,3.10%
2026,19,38416,7.90%
2026,19,38499,2.30%
2026,19,38530,2.40%
2026,19,38549,2.40%
2026,19,38715,6.80%
2026,19,38951,1.40%
2026,19,43105,8.10%
2026,19,38117,12.90%
2026,19,38176,22.70%
2026,19,38197,11.40%
2026,19,38427,5.10%
2026,19,38458,6.90%
2026,19,38475,11.60%
2026,19,38561,3.90%
2026,19,38590,9.80%
2026,19,38656,13.80%
2026,19,38695,6.20%
2026,19,38770,3.90%
2026,19,38859,3.80%
2026,19,43152,8.60%
2026,19,38126,3.30%
2026,19,38179,3.40%
2026,19,38185,5.50%
2026,19,38292,8.60%
2026,19,38439,7.80%
2026,19,38452,7.50%
2026,19,38466,2.30%
2026,19,38553,0.40%
2026,19,38568,1.80%
2026,19,38799,2.50%
2026,19,38815,4.10%
2026,19,38918,5.10%
2026,19,43107,5.60%
2026,19,38178,1.50%
2026,19,38199,17.40%
2026,19,38238,9.50%
2026,19,38244,13.60%
2026,19,38276,7.90%
2026,19,38303,1.60%
2026,19,38510,8.30%
2026,19,38603,3.70%
2026,19,38739,9.20%
2026,19,38844,11.00%
2026,19,38849,11.90%
2026,19,38970,16.70%
2026,19,38333,13.30%
2026,19,38339,16.00%
2026,19,38368,4.70%
2026,19,38401,14.60%
2026,19,38456,17.50%
2026,19,38515,16.70%
2026,19,38604,8.30%
2026,19,38862,13.50%
2026,19,38894,9.50%
2026,19,43193,4.30%
2026,19,38377,9.80%
2026,19,38480,13.60%
2026,19,38559,5.20%
2026,19,38629,9.40%
2026,19,38750,0.00%
2026,19,38846,10.00%
2026,19,38882,15.80%
2026,19,43055,10.50%
2026,19,43135,12.70%
2026,19,38154,1.40%
2026,19,38221,8.30%
2026,19,38228,6.20%
2026,19,38241,2.20%
2026,19,38314,5.00%
2026,19,38324,2.60%
2026,19,38384,2.40%
2026,19,38592,12.50%
2026,19,38679,7.20%
2026,19,43030,7.10%
2026,19,43151,21.70%
2026,19,38348,6.00%
2026,19,38396,10.30%
2026,19,38410,5.00%
2026,19,38451,12.00%
2026,19,38536,8.60%
2026,19,38550,9.40%
2026,19,38649,8.30%
2026,19,38682,9.40%
2026,19,43044,18.60%
2026,19,43157,12.10%
2026,19,38255,9.20%
2026,19,38302,18.70%
2026,19,38311,14.60%
2026,19,38434,7.40%
2026,19,38714,7.40%
2026,19,38745,12.70%
2026,19,38814,7.20%
2026,19,38980,2.30%
2026,19,43092,11.90%
2026,19,43145,28.30%
2026,19,43171,11.30%
2026,19,43174,20.40%
2026,19,38300,7.60%
2026,19,38316,21.80%
2026,19,38329,3.80%
2026,19,38655,2.30%
2026,19,38758,3.40%
2026,19,38867,6.50%
2026,19,38926,2.20%
2026,19,43000,16.40%
2026,19,38318,4.70%
2026,19,38337,0.20%
2026,19,38476,3.70%
2026,19,38621,0.70%
2026,19,38707,11.80%
2026,19,38892,0.90%
2026,19,38971,6.90%
2026,19,38973,22.20%
2026,19,38321,6.30%
2026,19,38325,4.80%
2026,19,38341,14.70%
2026,19,38490,4.90%
2026,19,38708,10.80%
2026,19,38909,10.90%
2026,19,38927,2.60%
2026,19,38932,7.90%
2026,19,38960,39.50%
2026,19,38170,3.90%
2026,19,38218,10.00%
2026,19,38237,3.70%
2026,19,38249,17.10%
2026,19,38287,5.40%
2026,19,38290,11.10%
2026,19,38304,7.00%
2026,19,38330,23.30%
2026,19,38905,1.00%
2026,19,38978,8.10%
2026,19,38431,9.40%
2026,19,38529,8.20%
2026,19,38811,12.20%
2026,19,38903,6.50%
2026,19,38924,12.00%
2026,19,38930,6.10%
2026,19,38937,8.20%
2026,19,38965,2.20%
2026,19,38992,4.90%
2026,19,38995,7.00%
2026,19,38123,7.90%
2026,19,38155,6.00%
2026,19,38203,3.60%
2026,19,38234,9.90%
2026,19,38376,6.50%
2026,19,38463,7.00%
2026,19,38465,1.70%
2026,19,38487,1.00%
2026,19,38497,8.50%
2026,19,38762,6.70%
2026,19,38785,3.60%
2026,19,43123,11.50%
2026,19,38201,10.20%
2026,19,38223,4.30%
2026,19,38224,9.30%
2026,19,38584,7.30%
2026,19,38742,14.20%
2026,19,38907,15.30%
2026,19,38278,5.90%
2026,19,38282,7.80%
2026,19,38310,21.10%
2026,19,38443,1.00%
2026,19,38531,13.60%
2026,19,38537,5.00%
2026,19,38870,11.50%
2026,19,38920,8.00%
2026,19,43018,7.90%
2026,19,38161,
2026,19,38171,
2026,19,38182,
2026,19,38206,
2026,19,38297,
2026,19,38299,
2026,19,38395,
2026,19,38425,
2026,19,38521,
2026,19,38572,
2026,19,38576,
2026,19,38789,
2026,19,38795,
2026,19,38796,
2026,19,38803,
2026,19,38877,
2026,19,38901,
2026,19,38906,
2026,19,38910,
2026,19,38913,
2026,19,38929,
2026,19,38943,
2026,19,43082,
2026,19,43083,
2026,19,43162,
2026,19,43176,
2026,20,38209,4.50%
2026,20,38317,8.20%
2026,20,38489,8.30%
2026,20,38589,8.30%
2026,20,38843,9.40%
2026,20,38872,17.10%
2026,20,38950,14.20%
2026,20,38989,13.10%
2026,20,43029,9.40%
2026,20,38101,2.50%
2026,20,38240,3.00%
2026,20,38272,2.40%
2026,20,38285,2.50%
2026,20,38291,1.50%
2026,20,38389,6.80%
2026,20,38404,4.50%
2026,20,38422,1.50%
2026,20,38433,3.20%
2026,20,38555,4.80%
2026,20,38613,16.50%
2026,20,38654,10.30%
2026,20,38681,4.60%
2026,20,43188,18.10%
2026,20,38183,4.40%
2026,20,38387,11.80%
2026,20,38577,4.50%
2026,20,38721,4.90%
2026,20,38732,3.40%
2026,20,38736,2.40%
2026,20,38813,1.80%
2026,20,38821,6.10%
2026,20,38857,20.40%
2026,20,43008,11.70%
2026,20,43124,11.50%
2026,20,38344,5.90%
2026,20,38635,7.10%
2026,20,38858,0.10%
2026,20,38109,7.50%
2026,20,38173,3.30%
2026,20,38312,3.60%
2026,20,38378,10.50%
2026,20,38423,1.70%
2026,20,38432,10.70%
2026,20,38440,5.10%
2026,20,38483,8.50%
2026,20,38498,2.60%
2026,20,38504,4.20%
2026,20,38554,0.20%
2026,20,38556,2.30%
2026,20,38558,12.70%
2026,20,38602,5.50%
2026,20,38658,3.80%
2026,20,38752,7.80%
2026,20,38850,4.80%
2026,20,38113,13.10%
2026,20,38139,8.30%
2026,20,38152,14.00%
2026,20,38208,11.30%
2026,20,38239,11.00%
2026,20,38365,4.90%
2026,20,38417,12.30%
2026,20,38430,2.80%
2026,20,38484,9.70%
2026,20,38585,6.90%
2026,20,38620,5.30%
2026,20,38663,14.20%
2026,20,43025,5.70%
2026,20,38111,6.60%
2026,20,38118,10.60%
2026,20,38194,4.10%
2026,20,38219,4.70%
2026,20,38349,13.30%
2026,20,38399,6.90%
2026,20,38405,4.60%
2026,20,38470,12.60%
2026,20,38557,4.60%
2026,20,38581,2.30%
2026,20,38600,0.10%
2026,20,38612,5.40%
2026,20,38676,4.20%
2026,20,38982,10.10%
2026,20,43045,9.60%
2026,20,38107,7.50%
2026,20,38116,6.50%
2026,20,38124,3.00%
2026,20,38129,3.50%
2026,20,38169,6.00%
2026,20,38398,6.50%
2026,20,38428,8.30%
2026,20,38447,0.80%
2026,20,38544,4.10%
2026,20,38571,4.60%
2026,20,38580,5.00%
2026,20,38615,2.60%
2026,20,38691,5.50%
2026,20,43159,2.90%
2026,20,38226,13.40%
2026,20,38279,0.50%
2026,20,38289,1.30%
2026,20,38418,2.50%
2026,20,38419,2.10%
2026,20,38468,4.80%
2026,20,38477,10.00%
2026,20,38496,5.00%
2026,20,38611,6.20%
2026,20,38645,2.60%
2026,20,38725,12.00%
2026,20,43070,13.50%
2026,20,38131,5.90%
2026,20,38172,2.70%
2026,20,38402,3.80%
2026,20,38406,1.30%
2026,20,38543,3.20%
2026,20,38560,3.30%
2026,20,38605,9.00%
2026,20,38625,8.20%
2026,20,38771,0.80%
2026,20,38784,3.70%
2026,20,38791,0.10%
2026,20,38806,5.50%
2026,20,38866,2.20%
2026,20,38133,16.50%
2026,20,38190,9.20%
2026,20,38192,6.30%
2026,20,38280,12.30%
2026,20,38634,9.30%
2026,20,38638,11.40%
2026,20,38804,5.00%
2026,20,38949,8.20%
2026,20,43069,21.50%
2026,20,43074,23.80%
2026,20,43166,9.10%
2026,20,38146,11.40%
2026,20,38157,6.70%
2026,20,38519,5.80%
2026,20,38698,9.70%
2026,20,38761,4.50%
2026,20,38768,8.10%
2026,20,38819,8.20%
2026,20,38831,9.50%
2026,20,38840,11.40%
2026,20,38897,8.40%
2026,20,43009,9.30%
2026,20,38114,7.70%
2026,20,38360,8.40%
2026,20,38367,7.10%
2026,20,38379,0.30%
2026,20,38393,8.40%
2026,20,38469,6.90%
2026,20,38471,6.50%
2026,20,38472,10.00%
2026,20,38494,7.70%
2026,20,38637,2.90%
2026,20,38817,5.80%
2026,20,38964,4.50%
2026,20,38164,11.80%
2026,20,38222,13.00%
2026,20,38264,9.50%
2026,20,38599,21.50%
2026,20,38690,12.40%
2026,20,38731,7.40%
2026,20,38756,4.20%
2026,20,38787,4.50%
2026,20,38942,10.70%
2026,20,43100,11.60%
2026,20,38204,15.00%
2026,20,38359,10.20%
2026,20,38876,18.30%
2026,20,38917,13.10%
2026,20,43021,27.60%
2026,20,38217,32.30%
2026,20,38257,15.70%
2026,20,38259,1.70%
2026,20,38516,8.80%
2026,20,38586,8.90%
2026,20,38610,10.90%
2026,20,38993,29.60%
2026,20,43086,38.30%
2026,20,43146,24.30%
2026,20,38211,20.60%
2026,20,38212,7.70%
2026,20,38214,13.80%
2026,20,38354,29.00%
2026,20,38370,16.60%
2026,20,38639,25.30%
2026,20,38711,32.50%
2026,20,38723,12.60%
2026,20,38889,14.00%
2026,20,38972,34.50%
2026,20,38990,25.70%
2026,20,43001,17.10%
2026,20,38134,6.10%
2026,20,38260,2.70%
2026,20,38340,6.30%
2026,20,38464,8.00%
2026,20,38482,11.30%
2026,20,38501,8.50%
2026,20,38513,3.80%
2026,20,38526,5.30%
2026,20,38569,5.50%
2026,20,38570,5.60%
2026,20,38579,5.40%
2026,20,38619,8.00%
2026,20,38888,3.10%
2026,20,38941,2.50%
2026,20,38296,9.00%
2026,20,38328,12.80%
2026,20,38435,13.40%
2026,20,38488,15.40%
2026,20,38712,14.90%
2026,20,38744,14.00%
2026,20,38805,5.20%
2026,20,38828,14.40%
2026,20,38928,10.10%
2026,20,38975,19.30%
2026,20,43186,17.30%
2026,20,38408,12.50%
2026,20,38525,14.00%
2026,20,38738,6.00%
2026,20,38781,3.40%
2026,20,38839,15.10%
2026,20,38946,6.00%
2026,20,38966,13.60%
2026,20,38967,9.70%
2026,20,38267,11.80%
2026,20,38503,13.90%
2026,20,38760,13.00%
2026,20,38825,13.40%
2026,20,38842,17.50%
2026,20,38919,8.80%
2026,20,38923,22.30%
2026,20,38979,13.40%
2026,20,38991,14.30%
2026,20,43190,25.40%
2026,20,38273,6.50%
2026,20,38275,1.80%
2026,20,38335,14.70%
2026,20,38454,0.80%
2026,20,38593,7.70%
2026,20,38887,2.60%
2026,20,38921,0.40%
2026,20,38956,3.20%
2026,20,38983,14.70%
2026,20,43114,0.90%
2026,20,43115,24.80%
2026,20,43138,10.50%
2026,20,38436,3.30%
2026,20,38491,3.60%
2026,20,38782,6.50%
2026,20,38890,1.70%
2026,20,43010,1.40%
2026,20,43113,13.80%
2026,20,43150,14.80%
2026,20,38236,19.10%
2026,20,38309,9.80%
2026,20,38397,4.20%
2026,20,38413,18.60%
2026,20,38566,9.90%
2026,20,38614,16.60%
2026,20,38636,6.60%
2026,20,38648,11.50%
2026,20,38696,6.50%
2026,20,38838,9.50%
2026,20,43118,7.90%
2026,20,43137,6.80%
2026,20,38159,10.50%
2026,20,38338,19.20%
2026,20,38345,11.90%
2026,20,38479,27.70%
2026,20,38647,14.50%
2026,20,38868,9.50%
2026,20,38881,10.90%
2026,20,38931,17.20%
2026,20,38938,17.50%
2026,20,38969,6.90%
2026,20,38137,12.50%
2026,20,38143,7.00%
2026,20,38144,3.80%
2026,20,38153,5.80%
2026,20,38195,10.70%
2026,20,38229,22.60%
2026,20,38624,5.10%
2026,20,38640,16.20%
2026,20,38660,9.70%
2026,20,38994,14.50%
2026,20,43172,9.00%
2026,20,38210,8.20%
2026,20,38242,4.00%
2026,20,38288,6.10%
2026,20,38346,10.80%
2026,20,38381,9.30%
2026,20,38517,9.20%
2026,20,38523,16.90%
2026,20,38713,13.90%
2026,20,38863,19.50%
2026,20,38879,7.60%
2026,20,38162,13.50%
2026,20,38177,13.70%
2026,20,38213,11.40%
2026,20,38332,3.60%
2026,20,38352,8.90%
2026,20,38356,5.00%
2026,20,38449,7.00%
2026,20,38542,19.00%
2026,20,38575,22.30%
2026,20,38588,8.40%
2026,20,38861,7.90%
2026,20,43046,7.10%
2026,20,43051,24.50%
2026,20,38409,8.80%
2026,20,38448,17.10%
2026,20,38486,10.80%
2026,20,38551,8.60%
2026,20,38583,14.90%
2026,20,38675,17.70%
2026,20,38702,19.20%
2026,20,38703,16.30%
2026,20,43057,18.90%
2026,20,43084,15.50%
2026,20,43148,16.00%
2026,20,38147,12.60%
2026,20,38163,19.50%
2026,20,38174,7.60%
2026,20,38407,7.40%
2026,20,38672,3.20%
2026,20,38699,6.70%
2026,20,38700,5.30%
2026,20,38733,7.00%
2026,20,38753,6.50%
2026,20,38754,5.30%
2026,20,43047,25.00%
2026,20,43129,0.40%
2026,20,38121,10.60%
2026,20,38366,4.60%
2026,20,38386,4.70%
2026,20,38461,10.30%
2026,20,38538,13.80%
2026,20,38644,1.30%
2026,20,38709,15.50%
2026,20,38722,14.80%
2026,20,38727,5.10%
2026,20,38773,4.20%
2026,20,43041,10.80%
2026,20,38103,10.10%
2026,20,38104,10.10%
2026,20,38106,7.90%
2026,20,38112,25.00%
2026,20,38188,5.90%
2026,20,38227,1.70%
2026,20,38617,16.40%
2026,20,38646,12.20%
2026,20,38692,13.20%
2026,20,38730,6.30%
2026,20,38746,4.00%
2026,20,38954,4.90%
2026,20,43142,5.20%
2026,20,38115,14.30%
2026,20,38119,13.30%
2026,20,38142,12.20%
2026,20,38149,12.90%
2026,20,38266,19.00%
2026,20,38270,16.00%
2026,20,38363,13.40%
2026,20,38394,9.70%
2026,20,38507,19.00%
2026,20,38535,10.10%
2026,20,38925,8.10%
2026,20,43043,16.70%
2026,20,43130,9.60%
2026,20,38108,4.90%
2026,20,38110,1.90%
2026,20,38128,0.80%
2026,20,38187,2.00%
2026,20,38191,2.70%
2026,20,38220,6.90%
2026,20,38382,0.30%
2026,20,38415,0.50%
2026,20,38481,0.70%
2026,20,38522,7.80%
2026,20,38541,5.60%
2026,20,38597,7.70%
2026,20,38627,1.00%
2026,20,38136,11.00%
2026,20,38186,9.60%
2026,20,38230,12.70%
2026,20,38374,11.00%
2026,20,38442,8.50%
2026,20,38460,11.50%
2026,20,38606,5.10%
2026,20,38661,16.20%
2026,20,38674,16.60%
2026,20,38694,9.10%
2026,20,38792,10.00%
2026,20,38845,6.50%
2026,20,38138,6.20%
2026,20,38141,8.90%
2026,20,38319,5.10%
2026,20,38441,6.20%
2026,20,38547,8.90%
2026,20,38668,4.20%
2026,20,38841,1.60%
2026,20,38896,18.60%
2026,20,38987,6.00%
2026,20,43059,4.40%
2026,20,43068,4.00%
2026,20,38158,5.00%
2026,20,38166,3.30%
2026,20,38390,3.90%
2026,20,38400,0.50%
2026,20,38445,6.10%
2026,20,38512,16.70%
2026,20,38532,8.10%
2026,20,38751,5.70%
2026,20,38755,0.10%
2026,20,38777,3.50%
2026,20,38780,5.20%
2026,20,38798,4.10%
2026,20,38810,0.80%
2026,20,38180,3.90%
2026,20,38184,8.70%
2026,20,38198,12.10%
2026,20,38533,9.30%
2026,20,38540,15.20%
2026,20,38564,14.90%
2026,20,38741,6.50%
2026,20,38765,20.60%
2026,20,38788,9.00%
2026,20,38865,17.70%
2026,20,38968,13.90%
2026,20,38196,10.00%
2026,20,38246,11.80%
2026,20,38254,21.50%
2026,20,38263,18.60%
2026,20,38336,27.10%
2026,20,38596,11.60%
2026,20,38830,6.10%
2026,20,38883,13.30%
2026,20,38898,12.60%
2026,20,38935,20.50%
2026,20,38958,18.10%
2026,20,38963,13.30%
2026,20,38981,0.10%
2026,20,43005,14.00%
2026,20,38205,7.10%
2026,20,38207,2.10%
2026,20,38371,19.90%
2026,20,38411,22.00%
2026,20,38527,10.90%
2026,20,38546,10.60%
2026,20,38651,14.00%
2026,20,38677,17.60%
2026,20,38719,15.60%
2026,20,38837,21.60%
2026,20,43111,30.70%
2026,20,43132,12.90%
2026,20,43194,5.80%
2026,20,43195,5.10%
2026,20,38248,11.30%
2026,20,38671,6.10%
2026,20,38680,6.00%
2026,20,38808,10.80%
2026,20,38816,7.00%
2026,20,38875,11.80%
2026,20,38984,10.60%
2026,20,43007,5.80%
2026,20,43019,14.70%
2026,20,43154,9.30%
2026,20,43181,12.80%
2026,20,38258,15.80%
2026,20,38313,14.10%
2026,20,38322,7.70%
2026,20,38380,0.70%
2026,20,38545,8.80%
2026,20,38582,15.60%
2026,20,38670,14.10%
2026,20,38836,10.80%
2026,20,38869,15.50%
2026,20,38874,20.90%
2026,20,38977,5.90%
2026,20,43143,7.30%
2026,20,38122,5.50%
2026,20,38148,7.10%
2026,20,38150,9.80%
2026,20,38189,5.90%
2026,20,38225,2.60%
2026,20,38233,4.40%
2026,20,38361,12.00%
2026,20,38414,5.20%
2026,20,38438,5.50%
2026,20,38485,7.60%
2026,20,38508,10.00%
2026,20,38534,6.90%
2026,20,38578,6.10%
2026,20,38607,10.50%
2026,20,38633,8.70%
2026,20,38704,2.60%
2026,20,38747,0.30%
2026,20,38749,4.50%
2026,20,38769,6.90%
2026,20,38829,9.90%
2026,20,38847,14.40%
2026,20,38957,10.00%
2026,20,43011,11.00%
2026,20,43058,8.70%
2026,20,43147,13.60%
2026,20,38243,13.40%
2026,20,38252,9.60%
2026,20,38271,21.40%
2026,20,38274,9.00%
2026,20,38277,11.00%
2026,20,38307,16.40%
2026,20,38326,6.70%
2026,20,38383,11.60%
2026,20,38446,19.50%
2026,20,38509,11.90%
2026,20,38539,11.50%
2026,20,38664,12.00%
2026,20,38667,11.80%
2026,20,38740,11.70%
2026,20,38763,3.40%
2026,20,38778,5.20%
2026,20,38779,15.60%
2026,20,38922,8.90%
2026,20,38933,20.10%
2026,20,38948,7.20%
2026,20,38952,12.90%
2026,20,43016,20.10%
2026,20,43060,10.30%
2026,20,43106,24.60%
2026,20,43156,14.90%
2026,20,38245,4.80%
2026,20,38247,5.70%
2026,20,38251,16.90%
2026,20,38453,4.40%
2026,20,38552,3.20%
2026,20,38673,10.00%
2026,20,38884,15.70%
2026,20,38904,7.00%
2026,20,43027,21.80%
2026,20,43032,20.90%
2026,20,43089,11.50%
2026,20,38268,15.00%
2026,20,38286,11.80%
2026,20,38601,12.90%
2026,20,38642,3.00%
2026,20,38729,8.60%
2026,20,38809,3.00%
2026,20,38812,5.30%
2026,20,38832,10.10%
2026,20,38899,5.30%
2026,20,38997,18.30%
2026,20,43209,16.50%
2026,20,38262,12.90%
2026,20,38355,7.70%
2026,20,38392,8.10%
2026,20,38473,17.20%
2026,20,38506,7.80%
2026,20,38563,11.00%
2026,20,38630,12.10%
2026,20,38734,19.70%
2026,20,38891,12.10%
2026,20,38912,20.80%
2026,20,38974,13.50%
2026,20,43063,8.90%
2026,20,43185,23.30%
2026,20,38265,5.20%
2026,20,38412,2.40%
2026,20,38450,7.10%
2026,20,38737,6.40%
2026,20,38848,11.50%
2026,20,38934,5.80%
2026,20,38999,6.10%
2026,20,43076,3.20%
2026,20,38683,14.30%
2026,20,38726,19.40%
2026,20,38743,13.10%
2026,20,38873,20.40%
2026,20,43003,20.90%
2026,20,43042,9.90%
2026,20,43096,15.40%
2026,20,38283,12.30%
2026,20,38342,13.90%
2026,20,38353,39.20%
2026,20,38524,22.60%
2026,20,38591,11.20%
2026,20,38666,9.30%
2026,20,38685,16.10%
2026,20,38693,17.30%
2026,20,38797,16.20%
2026,20,38985,12.30%
2026,20,38998,18.70%
2026,20,43110,12.90%
2026,20,43168,10.40%
2026,20,38305,7.00%
2026,20,38860,9.00%
2026,20,38895,6.30%
2026,20,38945,0.10%
2026,20,43036,7.10%
2026,20,43040,6.60%
2026,20,43125,22.10%
2026,20,43149,16.80%
2026,20,43155,16.80%
2026,20,38306,1.90%
2026,20,38315,5.90%
2026,20,38520,9.90%
2026,20,38631,10.10%
2026,20,38665,0.60%
2026,20,38669,7.70%
2026,20,38689,0.50%
2026,20,38735,3.10%
2026,20,38818,6.30%
2026,20,38953,5.70%
2026,20,43050,11.40%
2026,20,43071,2.10%
2026,20,38331,7.80%
2026,20,38459,6.10%
2026,20,38565,22.40%
2026,20,38650,13.10%
2026,20,38820,3.80%
2026,20,38947,17.00%
2026,20,38959,8.50%
2026,20,43031,4.70%
2026,20,43056,12.90%
2026,20,38457,9.50%
2026,20,38492,5.30%
2026,20,38618,1.70%
2026,20,38776,8.20%
2026,20,38986,18.60%
2026,20,43161,11.80%
2026,20,38320,37.70%
2026,20,38323,11.80%
2026,20,38334,10.30%
2026,20,38350,5.90%
2026,20,38362,8.00%
2026,20,38373,7.40%
2026,20,38388,7.60%
2026,20,38518,13.30%
2026,20,38573,15.40%
2026,20,38574,23.00%
2026,20,38598,11.50%
2026,20,38609,3.70%
2026,20,38705,6.00%
2026,20,38759,15.20%
2026,20,38786,5.70%
2026,20,38826,8.70%
2026,20,38955,2.80%
2026,20,38988,8.10%
2026,20,43054,30.50%
2026,20,43088,30.30%
2026,20,43098,4.70%
2026,20,43133,11.40%
2026,20,43134,14.80%
2026,20,38250,12.70%
2026,20,38295,10.70%
2026,20,38467,9.50%
2026,20,38728,2.40%
2026,20,38757,10.10%
2026,20,38864,4.40%
2026,20,38871,0.70%
2026,20,38886,3.40%
2026,20,38916,5.70%
2026,20,38944,6.30%
2026,20,38976,4.30%
2026,20,43033,4.40%
2026,20,43180,16.30%
2026,20,38351,1.90%
2026,20,38375,5.80%
2026,20,38429,12.40%
2026,20,38511,1.00%
2026,20,38567,5.40%
2026,20,38678,4.80%
2026,20,38684,12.30%
2026,20,38716,6.00%
2026,20,38718,10.00%
2026,20,38996,7.40%
2026,20,43034,5.70%
2026,20,43164,7.10%
2026,20,43183,11.20%
2026,20,38357,3.60%
2026,20,38358,6.70%
2026,20,38790,5.30%
2026,20,38793,19.70%
2026,20,38893,21.30%
2026,20,38908,5.10%
2026,20,38939,7.60%
2026,20,43064,22.80%
2026,20,43170,11.30%
2026,20,38502,2.80%
2026,20,38594,3.10%
2026,20,38657,6.50%
2026,20,38659,1.80%
2026,20,38800,6.80%
2026,20,38801,4.00%
2026,20,38855,25.20%
2026,20,43026,5.00%
2026,20,43163,8.80%
2026,20,43169,9.90%
2026,20,38193,0.20%
2026,20,38372,3.30%
2026,20,38416,8.10%
2026,20,38499,2.40%
2026,20,38530,3.20%
2026,20,38549,2.10%
2026,20,38715,7.40%
2026,20,38764,0.10%
2026,20,38951,1.50%
2026,20,43105,5.40%
2026,20,38117,10.70%
2026,20,38176,24.30%
2026,20,38197,10.10%
2026,20,38427,5.20%
2026,20,38458,4.10%
2026,20,38475,11.50%
2026,20,38561,4.60%
2026,20,38590,13.30%
2026,20,38656,12.70%
2026,20,38695,5.70%
2026,20,38770,5.10%
2026,20,38859,6.30%
2026,20,43152,11.50%
2026,20,38126,2.50%
2026,20,38179,4.10%
2026,20,38185,4.10%
2026,20,38292,11.00%
2026,20,38439,7.30%
2026,20,38452,5.90%
2026,20,38466,2.50%
2026,20,38553,1.00%
2026,20,38568,2.00%
2026,20,38799,1.80%
2026,20,38815,3.70%
2026,20,38918,5.10%
2026,20,43107,5.20%
2026,20,38178,25.80%
2026,20,38199,17.60%
2026,20,38238,5.90%
2026,20,38244,15.30%
2026,20,38276,7.50%
2026,20,38303,3.10%
2026,20,38510,9.00%
2026,20,38603,24.00%
2026,20,38739,8.60%
2026,20,38844,8.20%
2026,20,38849,9.70%
2026,20,38970,24.10%
2026,20,38333,11.80%
2026,20,38339,12.90%
2026,20,38368,3.80%
2026,20,38401,16.10%
2026,20,38456,19.10%
2026,20,38515,18.60%
2026,20,38604,7.70%
2026,20,38862,12.00%
2026,20,38894,9.00%
2026,20,43193,4.40%
2026,20,38377,7.80%
2026,20,38480,13.10%
2026,20,38559,7.70%
2026,20,38629,13.20%
2026,20,38750,0.10%
2026,20,38846,11.00%
2026,20,38882,17.40%
2026,20,43055,9.70%
2026,20,43135,12.80%
2026,20,38154,1.10%
2026,20,38221,7.00%
2026,20,38228,6.70%
2026,20,38241,2.00%
2026,20,38314,6.90%
2026,20,38324,1.60%
2026,20,38384,1.70%
2026,20,38592,16.20%
2026,20,38679,6.50%
2026,20,43030,6.40%
2026,20,43151,17.00%
2026,20,38348,5.50%
2026,20,38396,8.10%
2026,20,38410,5.30%
2026,20,38451,9.90%
2026,20,38536,8.50%
2026,20,38550,10.90%
2026,20,38649,1.50%
2026,20,38682,13.10%
2026,20,43044,16.80%
2026,20,43157,12.60%
2026,20,38255,11.30%
2026,20,38302,20.80%
2026,20,38311,12.80%
2026,20,38434,8.30%
2026,20,38714,5.00%
2026,20,38745,10.30%
2026,20,38814,6.30%
2026,20,38980,2.70%
2026,20,43092,12.20%
2026,20,43145,32.40%
2026,20,43171,10.20%
2026,20,43174,17.70%
2026,20,38300,7.70%
2026,20,38316,28.10%
2026,20,38329,7.00%
2026,20,38655,10.90%
2026,20,38758,16.90%
2026,20,38867,10.50%
2026,20,38926,2.20%
2026,20,43000,28.30%
2026,20,38318,9.50%
2026,20,38337,0.80%
2026,20,38476,4.10%
2026,20,38621,1.00%
2026,20,38707,17.70%
2026,20,38892,4.50%
2026,20,38971,5.30%
2026,20,38973,28.40%
2026,20,38321,10.10%
2026,20,38325,4.70%
2026,20,38341,11.90%
2026,20,38490,5.00%
2026,20,38708,12.60%
2026,20,38909,15.90%
2026,20,38927,6.30%
2026,20,38932,11.00%
2026,20,38960,35.80%
2026,20,38170,3.10%
2026,20,38218,14.30%
2026,20,38237,7.60%
2026,20,38249,19.50%
2026,20,38287,7.20%
2026,20,38290,21.80%
2026,20,38304,7.30%
2026,20,38330,19.60%
2026,20,38905,1.50%
2026,20,38978,8.80%
2026,20,38431,7.90%
2026,20,38529,8.10%
2026,20,38811,14.80%
2026,20,38903,7.30%
2026,20,38924,18.00%
2026,20,38930,9.10%
2026,20,38937,10.60%
2026,20,38965,2.40%
2026,20,38992,9.40%
2026,20,38995,10.50%
2026,20,38123,9.80%
2026,20,38155,8.80%
2026,20,38203,6.20%
2026,20,38234,6.70%
2026,20,38376,5.90%
2026,20,38463,7.40%
2026,20,38465,2.90%
2026,20,38487,1.50%
2026,20,38497,10.00%
2026,20,38762,10.30%
2026,20,38785,5.60%
2026,20,43123,13.00%
2026,20,38201,7.60%
2026,20,38223,15.50%
2026,20,38224,6.90%
2026,20,38584,6.40%
2026,20,38742,21.30%
2026,20,38907,18.00%
2026,20,38278,5.10%
2026,20,38282,5.00%
2026,20,38310,22.80%
2026,20,38531,15.80%
2026,20,38537,7.70%
2026,20,38870,12.70%
2026,20,38920,7.60%
2026,20,43018,5.70%
2026,20,38151,
2026,20,38165,
2026,20,38167,
2026,20,38171,
2026,20,38182,
2026,20,38206,
2026,20,38297,
2026,20,38299,
2026,20,38395,
2026,20,38420,
2026,20,38576,
2026,20,38626,
2026,20,38641,
2026,20,38789,
2026,20,38795,
2026,20,38796,
2026,20,38803,
2026,20,38827,
2026,20,38877,
2026,20,38901,
2026,20,38906,
2026,20,38910,
2026,20,38911,
2026,20,38929,
2026,20,38943,
2026,20,43082,
2026,20,43083,
2026,20,43162,
2026,20,43176,
2026,21,38209,4.00%
2026,21,38317,6.30%
2026,21,38489,5.00%
2026,21,38589,9.80%
2026,21,38843,13.90%
2026,21,38872,14.00%
2026,21,38950,6.50%
2026,21,38989,13.10%
2026,21,43029,19.40%
2026,21,38101,2.80%
2026,21,38240,2.80%
2026,21,38272,2.60%
2026,21,38285,2.50%
2026,21,38291,0.90%
2026,21,38389,7.90%
2026,21,38404,4.30%
2026,21,38422,1.90%
2026,21,38433,3.30%
2026,21,38555,3.40%
2026,21,38613,15.60%
2026,21,38654,17.20%
2026,21,38681,4.90%
2026,21,43188,18.40%
2026,21,38183,5.10%
2026,21,38387,8.90%
2026,21,38577,4.30%
2026,21,38721,6.50%
2026,21,38732,5.70%
2026,21,38736,3.70%
2026,21,38813,1.70%
2026,21,38821,7.40%
2026,21,38857,26.70%
2026,21,43008,12.60%
2026,21,43124,13.50%
2026,21,38344,7.90%
2026,21,38635,6.50%
2026,21,38109,8.00%
2026,21,38173,4.30%
2026,21,38312,2.80%
2026,21,38378,9.50%
2026,21,38423,1.60%
2026,21,38432,14.00%
2026,21,38440,4.50%
2026,21,38483,9.50%
2026,21,38498,3.00%
2026,21,38504,6.20%
2026,21,38554,0.20%
2026,21,38556,2.10%
2026,21,38558,14.80%
2026,21,38602,5.90%
2026,21,38658,4.10%
2026,21,38752,6.60%
2026,21,38850,6.30%
2026,21,38113,9.30%
2026,21,38139,7.80%
2026,21,38152,13.70%
2026,21,38208,12.50%
2026,21,38239,9.40%
2026,21,38365,6.40%
2026,21,38417,12.50%
2026,21,38430,3.00%
2026,21,38484,10.40%
2026,21,38585,7.80%
2026,21,38620,5.70%
2026,21,38663,14.70%
2026,21,43025,4.30%
2026,21,38111,6.20%
2026,21,38118,9.60%
2026,21,38194,5.20%
2026,21,38219,5.10%
2026,21,38349,10.30%
2026,21,38399,4.90%
2026,21,38405,4.20%
2026,21,38470,12.70%
2026,21,38557,3.40%
2026,21,38581,2.50%
2026,21,38600,0.10%
2026,21,38612,5.70%
2026,21,38676,7.30%
2026,21,38982,9.80%
2026,21,43045,9.20%
2026,21,38107,6.90%
2026,21,38116,7.30%
2026,21,38124,2.30%
2026,21,38129,4.20%
2026,21,38169,7.20%
2026,21,38398,10.70%
2026,21,38428,8.40%
2026,21,38447,1.00%
2026,21,38544,3.40%
2026,21,38571,3.00%
2026,21,38580,5.40%
2026,21,38615,4.00%
2026,21,38691,8.80%
2026,21,43159,2.40%
2026,21,38226,13.10%
2026,21,38279,0.70%
2026,21,38289,1.20%
2026,21,38418,2.40%
2026,21,38419,1.70%
2026,21,38468,5.50%
2026,21,38477,6.00%
2026,21,38496,7.40%
2026,21,38611,10.00%
2026,21,38645,7.60%
2026,21,38725,13.90%
2026,21,43070,13.30%
2026,21,38131,6.20%
2026,21,38172,2.70%
2026,21,38402,3.70%
2026,21,38406,1.00%
2026,21,38543,4.10%
2026,21,38560,2.80%
2026,21,38605,8.80%
2026,21,38625,9.60%
2026,21,38771,1.30%
2026,21,38784,3.50%
2026,21,38806,6.10%
2026,21,38866,1.90%
2026,21,38133,18.10%
2026,21,38190,8.70%
2026,21,38192,6.70%
2026,21,38280,13.80%
2026,21,38634,7.70%
2026,21,38638,10.10%
2026,21,38804,4.80%
2026,21,38949,8.80%
2026,21,43069,20.50%
2026,21,43074,25.80%
2026,21,43166,5.80%
2026,21,38146,10.90%
2026,21,38157,6.50%
2026,21,38444,0.00%
2026,21,38519,8.30%
2026,21,38698,8.50%
2026,21,38761,4.20%
2026,21,38768,9.20%
2026,21,38819,6.80%
2026,21,38831,9.10%
2026,21,38840,9.10%
2026,21,38897,7.40%
2026,21,43009,5.10%
2026,21,38114,7.40%
2026,21,38360,10.70%
2026,21,38367,5.80%
2026,21,38379,0.50%
2026,21,38393,11.00%
2026,21,38469,9.60%
2026,21,38471,7.60%
2026,21,38472,10.80%
2026,21,38494,10.90%
2026,21,38637,3.00%
2026,21,38817,5.50%
2026,21,38964,5.80%
2026,21,38164,13.50%
2026,21,38222,12.30%
2026,21,38264,11.10%
2026,21,38599,16.90%
2026,21,38690,13.70%
2026,21,38731,4.60%
2026,21,38756,3.50%
2026,21,38787,4.40%
2026,21,38942,10.80%
2026,21,43100,11.40%
2026,21,38204,16.80%
2026,21,38359,8.60%
2026,21,38876,25.80%
2026,21,38917,10.10%
2026,21,43021,23.20%
2026,21,38217,30.20%
2026,21,38257,17.40%
2026,21,38259,11.20%
2026,21,38516,13.50%
2026,21,38586,5.00%
2026,21,38610,7.10%
2026,21,38993,26.00%
2026,21,43086,30.20%
2026,21,43146,18.80%
2026,21,38211,14.70%
2026,21,38212,6.70%
2026,21,38214,10.60%
2026,21,38354,18.20%
2026,21,38370,13.80%
2026,21,38639,20.40%
2026,21,38711,33.90%
2026,21,38723,14.80%
2026,21,38889,13.00%
2026,21,38972,35.50%
2026,21,38990,32.30%
2026,21,43001,14.50%
2026,21,38134,4.20%
2026,21,38260,2.10%
2026,21,38340,7.60%
2026,21,38464,9.00%
2026,21,38482,8.80%
2026,21,38501,7.50%
2026,21,38513,3.60%
2026,21,38526,4.60%
2026,21,38569,4.70%
2026,21,38570,4.90%
2026,21,38579,7.90%
2026,21,38619,10.90%
2026,21,38888,3.00%
2026,21,38941,2.60%
2026,21,38296,9.00%
2026,21,38328,18.90%
2026,21,38435,11.20%
2026,21,38488,18.70%
2026,21,38712,9.80%
2026,21,38744,9.00%
2026,21,38805,7.50%
2026,21,38828,17.40%
2026,21,38928,9.50%
2026,21,38975,17.20%
2026,21,43186,22.00%
2026,21,38408,12.90%
2026,21,38525,7.60%
2026,21,38738,10.10%
2026,21,38781,6.10%
2026,21,38839,16.30%
2026,21,38946,9.50%
2026,21,38966,11.00%
2026,21,38967,7.10%
2026,21,38267,14.50%
2026,21,38503,11.60%
2026,21,38760,17.40%
2026,21,38825,12.10%
2026,21,38842,21.20%
2026,21,38919,22.10%
2026,21,38923,20.10%
2026,21,38979,13.00%
2026,21,38991,13.40%
2026,21,43190,21.50%
2026,21,38273,3.50%
2026,21,38275,1.10%
2026,21,38335,19.60%
2026,21,38454,1.20%
2026,21,38593,7.60%
2026,21,38887,2.40%
2026,21,38921,1.00%
2026,21,38956,3.30%
2026,21,38983,9.20%
2026,21,43114,1.20%
2026,21,43115,31.80%
2026,21,43138,12.50%
2026,21,38436,2.50%
2026,21,38491,3.80%
2026,21,38782,2.70%
2026,21,38890,1.70%
2026,21,43010,4.10%
2026,21,43113,14.40%
2026,21,43150,13.60%
2026,21,38236,19.90%
2026,21,38309,9.20%
2026,21,38397,8.20%
2026,21,38413,15.00%
2026,21,38566,11.60%
2026,21,38614,18.50%
2026,21,38636,9.10%
2026,21,38648,13.70%
2026,21,38696,5.30%
2026,21,38838,12.50%
2026,21,43118,8.90%
2026,21,43137,8.10%
2026,21,38159,6.10%
2026,21,38338,14.20%
2026,21,38345,9.40%
2026,21,38479,27.40%
2026,21,38647,14.30%
2026,21,38868,8.50%
2026,21,38881,8.30%
2026,21,38931,17.10%
2026,21,38938,18.50%
2026,21,38969,7.30%
2026,21,38137,10.50%
2026,21,38143,8.40%
2026,21,38144,8.70%
2026,21,38153,4.90%
2026,21,38195,5.60%
2026,21,38229,17.40%
2026,21,38624,4.10%
2026,21,38640,16.30%
2026,21,38660,8.90%
2026,21,38994,14.10%
2026,21,43172,7.10%
2026,21,38210,8.30%
2026,21,38242,9.20%
2026,21,38288,7.70%
2026,21,38346,10.80%
2026,21,38381,7.20%
2026,21,38517,13.40%
2026,21,38523,15.30%
2026,21,38713,12.20%
2026,21,38863,3.70%
2026,21,38879,6.70%
2026,21,38162,16.70%
2026,21,38177,16.10%
2026,21,38213,11.10%
2026,21,38332,2.60%
2026,21,38352,8.60%
2026,21,38356,6.80%
2026,21,38449,11.70%
2026,21,38542,18.70%
2026,21,38575,19.80%
2026,21,38588,9.10%
2026,21,38861,10.50%
2026,21,43046,15.30%
2026,21,43051,27.20%
2026,21,38409,10.40%
2026,21,38448,12.40%
2026,21,38486,13.40%
2026,21,38551,10.60%
2026,21,38583,9.40%
2026,21,38675,13.10%
2026,21,38702,18.80%
2026,21,38703,12.90%
2026,21,43057,16.00%
2026,21,43084,12.20%
2026,21,43148,19.60%
2026,21,38147,11.10%
2026,21,38163,20.90%
2026,21,38174,6.50%
2026,21,38407,7.80%
2026,21,38672,4.90%
2026,21,38699,6.40%
2026,21,38700,4.70%
2026,21,38733,6.10%
2026,21,38753,7.00%
2026,21,38754,6.40%
2026,21,43047,22.30%
2026,21,43129,0.90%
2026,21,38121,13.10%
2026,21,38366,3.10%
2026,21,38386,5.80%
2026,21,38461,13.40%
2026,21,38538,6.90%
2026,21,38644,2.60%
2026,21,38709,14.90%
2026,21,38722,13.80%
2026,21,38727,4.60%
2026,21,38773,2.90%
2026,21,43041,13.60%
2026,21,38103,10.00%
2026,21,38104,8.50%
2026,21,38106,5.20%
2026,21,38112,17.90%
2026,21,38188,7.50%
2026,21,38227,1.30%
2026,21,38617,17.50%
2026,21,38646,13.00%
2026,21,38692,12.10%
2026,21,38730,7.10%
2026,21,38746,2.30%
2026,21,38954,8.80%
2026,21,43142,8.30%
2026,21,38115,13.80%
2026,21,38119,18.50%
2026,21,38142,16.10%
2026,21,38149,12.90%
2026,21,38266,25.50%
2026,21,38270,17.70%
2026,21,38363,14.50%
2026,21,38394,10.20%
2026,21,38507,18.50%
2026,21,38535,11.50%
2026,21,38925,6.60%
2026,21,43043,15.10%
2026,21,43130,13.30%
2026,21,38108,3.80%
2026,21,38110,2.90%
2026,21,38128,0.70%
2026,21,38187,2.60%
2026,21,38191,2.30%
2026,21,38220,8.50%
2026,21,38382,0.30%
2026,21,38415,1.20%
2026,21,38481,0.30%
2026,21,38522,10.60%
2026,21,38541,4.40%
2026,21,38597,7.20%
2026,21,38627,0.60%
2026,21,38136,12.10%
2026,21,38186,11.30%
2026,21,38230,8.10%
2026,21,38374,11.40%
2026,21,38442,9.60%
2026,21,38460,7.40%
2026,21,38606,4.90%
2026,21,38661,17.60%
2026,21,38674,17.80%
2026,21,38694,8.80%
2026,21,38792,6.60%
2026,21,38845,6.50%
2026,21,38138,5.30%
2026,21,38141,6.20%
2026,21,38319,6.50%
2026,21,38441,6.00%
2026,21,38547,9.70%
2026,21,38668,5.80%
2026,21,38841,8.20%
2026,21,38896,11.60%
2026,21,38987,6.40%
2026,21,43059,6.60%
2026,21,43068,6.10%
2026,21,38158,4.00%
2026,21,38166,2.80%
2026,21,38390,2.00%
2026,21,38400,0.40%
2026,21,38445,7.80%
2026,21,38512,16.50%
2026,21,38532,7.50%
2026,21,38751,4.00%
2026,21,38755,0.10%
2026,21,38777,3.40%
2026,21,38780,5.30%
2026,21,38798,6.20%
2026,21,38810,1.10%
2026,21,38180,2.90%
2026,21,38184,9.30%
2026,21,38198,7.40%
2026,21,38533,18.70%
2026,21,38540,14.40%
2026,21,38564,10.20%
2026,21,38741,8.20%
2026,21,38765,22.30%
2026,21,38788,9.40%
2026,21,38865,14.60%
2026,21,38968,15.60%
2026,21,38196,10.50%
2026,21,38246,11.40%
2026,21,38254,20.70%
2026,21,38263,30.50%
2026,21,38336,29.90%
2026,21,38596,12.20%
2026,21,38830,8.50%
2026,21,38883,28.00%
2026,21,38898,11.80%
2026,21,38935,19.40%
2026,21,38958,19.00%
2026,21,38963,13.50%
2026,21,38981,0.10%
2026,21,43005,9.60%
2026,21,38205,6.00%
2026,21,38207,2.00%
2026,21,38371,14.40%
2026,21,38411,23.10%
2026,21,38527,7.70%
2026,21,38546,14.30%
2026,21,38651,20.10%
2026,21,38677,22.80%
2026,21,38719,15.60%
2026,21,38837,20.80%
2026,21,43111,29.60%
2026,21,43132,19.50%
2026,21,43194,5.80%
2026,21,43195,5.50%
2026,21,38248,10.30%
2026,21,38671,10.50%
2026,21,38680,6.60%
2026,21,38808,4.40%
2026,21,38816,14.00%
2026,21,38875,8.40%
2026,21,38984,10.40%
2026,21,43007,9.60%
2026,21,43019,12.10%
2026,21,43154,14.90%
2026,21,43181,15.90%
2026,21,38258,14.40%
2026,21,38313,6.20%
2026,21,38322,5.70%
2026,21,38380,0.80%
2026,21,38545,7.50%
2026,21,38582,22.60%
2026,21,38670,4.10%
2026,21,38836,10.10%
2026,21,38869,14.40%
2026,21,38874,22.80%
2026,21,38977,5.80%
2026,21,43143,7.10%
2026,21,38122,6.10%
2026,21,38148,4.30%
2026,21,38150,6.00%
2026,21,38189,6.30%
2026,21,38225,4.60%
2026,21,38233,6.80%
2026,21,38361,14.10%
2026,21,38414,6.70%
2026,21,38438,5.90%
2026,21,38485,12.50%
2026,21,38508,8.80%
2026,21,38534,6.90%
2026,21,38578,6.50%
2026,21,38607,16.50%
2026,21,38633,7.50%
2026,21,38704,8.40%
2026,21,38747,0.40%
2026,21,38749,7.40%
2026,21,38769,7.20%
2026,21,38829,7.40%
2026,21,38847,10.50%
2026,21,38957,11.80%
2026,21,43011,11.80%
2026,21,43058,9.20%
2026,21,43147,14.00%
2026,21,38243,7.00%
2026,21,38252,9.00%
2026,21,38271,8.60%
2026,21,38274,8.50%
2026,21,38277,13.40%
2026,21,38307,7.10%
2026,21,38326,5.20%
2026,21,38383,8.90%
2026,21,38446,11.60%
2026,21,38509,13.10%
2026,21,38539,15.00%
2026,21,38664,11.10%
2026,21,38667,22.20%
2026,21,38740,9.60%
2026,21,38763,3.10%
2026,21,38778,11.70%
2026,21,38779,4.60%
2026,21,38922,8.70%
2026,21,38933,11.50%
2026,21,38948,4.60%
2026,21,38952,10.30%
2026,21,43016,21.40%
2026,21,43060,13.00%
2026,21,43106,29.60%
2026,21,43156,10.80%
2026,21,38245,4.10%
2026,21,38247,4.90%
2026,21,38251,16.40%
2026,21,38453,8.20%
2026,21,38552,3.50%
2026,21,38673,6.10%
2026,21,38884,18.90%
2026,21,38904,9.90%
2026,21,43027,25.20%
2026,21,43032,24.90%
2026,21,43089,9.50%
2026,21,38268,13.50%
2026,21,38286,20.60%
2026,21,38601,15.80%
2026,21,38642,3.60%
2026,21,38729,8.10%
2026,21,38809,3.10%
2026,21,38812,6.60%
2026,21,38832,10.60%
2026,21,38899,0.80%
2026,21,38997,13.30%
2026,21,43209,17.90%
2026,21,38262,14.40%
2026,21,38355,5.60%
2026,21,38392,8.30%
2026,21,38473,14.10%
2026,21,38506,9.20%
2026,21,38563,15.10%
2026,21,38630,21.00%
2026,21,38734,18.50%
2026,21,38891,12.20%
2026,21,38912,16.60%
2026,21,38974,15.30%
2026,21,43063,7.30%
2026,21,43185,25.10%
2026,21,38265,6.30%
2026,21,38412,6.00%
2026,21,38450,11.10%
2026,21,38737,10.60%
2026,21,38848,11.70%
2026,21,38934,12.80%
2026,21,38999,7.30%
2026,21,43076,6.30%
2026,21,38683,14.90%
2026,21,38726,15.60%
2026,21,38743,11.30%
2026,21,38873,20.50%
2026,21,43003,8.60%
2026,21,43042,8.80%
2026,21,43096,17.60%
2026,21,38283,12.90%
2026,21,38342,21.90%
2026,21,38353,38.00%
2026,21,38524,23.70%
2026,21,38591,13.60%
2026,21,38666,10.60%
2026,21,38685,18.80%
2026,21,38693,15.30%
2026,21,38797,17.30%
2026,21,38985,14.60%
2026,21,38998,16.50%
2026,21,43110,15.60%
2026,21,43168,9.20%
2026,21,38305,2.90%
2026,21,38860,9.10%
2026,21,38895,7.30%
2026,21,43036,5.10%
2026,21,43040,8.10%
2026,21,43125,21.10%
2026,21,43149,18.10%
2026,21,43155,12.30%
2026,21,38306,5.10%
2026,21,38315,12.00%
2026,21,38520,9.10%
2026,21,38631,10.40%
2026,21,38665,1.10%
2026,21,38669,9.10%
2026,21,38689,4.50%
2026,21,38735,9.90%
2026,21,38818,6.50%
2026,21,38953,8.70%
2026,21,43050,12.10%
2026,21,43071,4.10%
2026,21,38331,4.90%
2026,21,38459,6.10%
2026,21,38565,14.40%
2026,21,38650,13.50%
2026,21,38820,20.30%
2026,21,38947,25.60%
2026,21,38959,20.00%
2026,21,43031,6.30%
2026,21,43056,8.60%
2026,21,38457,11.70%
2026,21,38492,19.30%
2026,21,38618,2.30%
2026,21,38776,10.60%
2026,21,38986,22.60%
2026,21,43161,19.80%
2026,21,38320,34.50%
2026,21,38323,9.30%
2026,21,38334,13.60%
2026,21,38350,13.30%
2026,21,38362,7.30%
2026,21,38373,8.10%
2026,21,38388,11.50%
2026,21,38518,7.00%
2026,21,38573,16.30%
2026,21,38574,26.40%
2026,21,38598,10.10%
2026,21,38609,3.90%
2026,21,38705,9.60%
2026,21,38759,11.70%
2026,21,38786,15.00%
2026,21,38826,8.20%
2026,21,38955,3.60%
2026,21,38988,10.50%
2026,21,43054,23.50%
2026,21,43088,37.00%
2026,21,43098,9.10%
2026,21,43133,14.70%
2026,21,43134,6.50%
2026,21,38250,9.50%
2026,21,38295,11.40%
2026,21,38467,7.70%
2026,21,38728,3.80%
2026,21,38757,13.70%
2026,21,38864,5.50%
2026,21,38871,2.40%
2026,21,38886,3.60%
2026,21,38916,6.90%
2026,21,38944,4.40%
2026,21,38976,3.70%
2026,21,43033,3.60%
2026,21,43180,14.80%
2026,21,38351,2.40%
2026,21,38375,8.80%
2026,21,38429,10.20%
2026,21,38511,1.60%
2026,21,38567,4.00%
2026,21,38678,7.40%
2026,21,38684,18.70%
2026,21,38716,7.40%
2026,21,38718,8.30%
2026,21,38996,6.80%
2026,21,43034,5.70%
2026,21,43164,6.70%
2026,21,43183,9.70%
2026,21,38357,4.80%
2026,21,38358,13.10%
2026,21,38790,5.50%
2026,21,38793,6.90%
2026,21,38893,19.30%
2026,21,38908,5.60%
2026,21,38939,7.80%
2026,21,43064,16.50%
2026,21,43170,8.00%
2026,21,38502,1.10%
2026,21,38594,2.40%
2026,21,38657,6.80%
2026,21,38659,3.00%
2026,21,38800,12.80%
2026,21,38801,4.10%
2026,21,38855,19.50%
2026,21,43026,3.50%
2026,21,43163,8.80%
2026,21,43169,8.40%
2026,21,38193,0.20%
2026,21,38372,3.30%
2026,21,38416,6.60%
2026,21,38499,3.20%
2026,21,38530,2.50%
2026,21,38549,2.70%
2026,21,38715,6.00%
2026,21,38764,0.30%
2026,21,38951,2.40%
2026,21,43105,5.60%
2026,21,38117,13.30%
2026,21,38176,28.90%
2026,21,38197,11.70%
2026,21,38427,5.00%
2026,21,38458,4.20%
2026,21,38475,11.00%
2026,21,38561,5.40%
2026,21,38590,13.80%
2026,21,38656,12.20%
2026,21,38695,7.00%
2026,21,38770,4.90%
2026,21,38859,6.50%
2026,21,43152,9.40%
2026,21,38126,2.40%
2026,21,38179,4.90%
2026,21,38185,4.40%
2026,21,38292,8.40%
2026,21,38439,5.90%
2026,21,38452,7.40%
2026,21,38466,3.50%
2026,21,38553,2.00%
2026,21,38568,3.30%
2026,21,38799,2.80%
2026,21,38815,3.50%
2026,21,38918,5.20%
2026,21,43107,4.10%
2026,21,38178,7.40%
2026,21,38199,21.50%
2026,21,38238,2.70%
2026,21,38244,3.40%
2026,21,38276,21.70%
2026,21,38303,3.80%
2026,21,38510,7.10%
2026,21,38603,25.40%
2026,21,38739,5.50%
2026,21,38844,11.00%
2026,21,38849,8.80%
2026,21,38970,14.20%
2026,21,38333,11.90%
2026,21,38339,12.80%
2026,21,38368,4.90%
2026,21,38401,14.60%
2026,21,38456,20.60%
2026,21,38515,14.60%
2026,21,38604,6.30%
2026,21,38862,12.90%
2026,21,38894,13.10%
2026,21,43193,5.20%
2026,21,38377,10.10%
2026,21,38480,15.80%
2026,21,38559,8.10%
2026,21,38629,22.10%
2026,21,38846,11.10%
2026,21,38882,16.90%
2026,21,43055,11.50%
2026,21,43135,13.40%
2026,21,38154,3.60%
2026,21,38221,8.10%
2026,21,38228,9.30%
2026,21,38241,2.90%
2026,21,38314,7.60%
2026,21,38324,6.10%
2026,21,38384,2.20%
2026,21,38592,16.80%
2026,21,38679,5.90%
2026,21,43030,5.40%
2026,21,43151,13.30%
2026,21,38348,6.40%
2026,21,38396,9.90%
2026,21,38410,7.00%
2026,21,38451,9.60%
2026,21,38536,6.10%
2026,21,38550,7.80%
2026,21,38649,3.40%
2026,21,38682,11.30%
2026,21,43044,17.80%
2026,21,43157,8.00%
2026,21,38255,14.70%
2026,21,38302,19.80%
2026,21,38311,15.50%
2026,21,38434,11.90%
2026,21,38714,8.80%
2026,21,38745,11.50%
2026,21,38814,7.80%
2026,21,38980,3.50%
2026,21,43092,13.10%
2026,21,43145,37.20%
2026,21,43171,12.40%
2026,21,43174,23.40%
2026,21,38300,15.70%
2026,21,38316,28.00%
2026,21,38329,6.80%
2026,21,38655,9.30%
2026,21,38758,23.00%
2026,21,38867,15.40%
2026,21,38926,2.90%
2026,21,43000,33.60%
2026,21,38318,7.50%
2026,21,38337,1.50%
2026,21,38476,5.40%
2026,21,38621,1.50%
2026,21,38707,16.00%
2026,21,38892,5.00%
2026,21,38971,6.30%
2026,21,38973,24.60%
2026,21,38321,13.10%
2026,21,38325,2.90%
2026,21,38341,11.50%
2026,21,38490,5.90%
2026,21,38708,13.50%
2026,21,38909,8.00%
2026,21,38927,4.70%
2026,21,38932,17.20%
2026,21,38960,25.00%
2026,21,38170,3.90%
2026,21,38218,17.50%
2026,21,38237,6.60%
2026,21,38249,18.50%
2026,21,38287,5.90%
2026,21,38290,20.20%
2026,21,38304,8.30%
2026,21,38330,22.20%
2026,21,38905,1.60%
2026,21,38978,7.60%
2026,21,38431,9.80%
2026,21,38529,7.30%
2026,21,38811,16.00%
2026,21,38903,6.80%
2026,21,38924,17.60%
2026,21,38930,7.30%
2026,21,38937,11.00%
2026,21,38965,2.90%
2026,21,38992,11.00%
2026,21,38995,8.00%
2026,21,38123,9.20%
2026,21,38155,11.70%
2026,21,38203,4.80%
2026,21,38234,7.00%
2026,21,38376,6.20%
2026,21,38463,8.30%
2026,21,38487,2.70%
2026,21,38497,10.20%
2026,21,38762,10.90%
2026,21,38785,7.40%
2026,21,43123,9.50%
2026,21,38201,9.70%
2026,21,38223,27.50%
2026,21,38224,5.40%
2026,21,38584,5.40%
2026,21,38742,15.80%
2026,21,38907,14.10%
2026,21,38278,4.50%
2026,21,38282,6.50%
2026,21,38310,16.80%
2026,21,38531,17.40%
2026,21,38537,10.30%
2026,21,38870,12.40%
2026,21,38920,3.80%
2026,21,43018,4.10%
2026,21,38161,
2026,21,38165,
2026,21,38171,
2026,21,38182,
2026,21,38206,
2026,21,38297,
2026,21,38299,
2026,21,38395,
2026,21,38576,
2026,21,38626,
2026,21,38706,
2026,21,38789,
2026,21,38795,
2026,21,38796,
2026,21,38803,
2026,21,38827,
2026,21,38851,
2026,21,38877,
2026,21,38901,
2026,21,38906,
2026,21,38910,
2026,21,38911,
2026,21,38929,
2026,21,38943,
2026,21,43038,
2026,21,43082,
2026,21,43083,
2026,21,43108,
2026,21,43119,
2026,21,43162,
2026,22,38209,5.20%
2026,22,38317,10.00%
2026,22,38489,7.70%
2026,22,38589,7.20%
2026,22,38843,11.90%
2026,22,38872,15.00%
2026,22,38950,9.30%
2026,22,38989,13.30%
2026,22,43029,13.50%
2026,22,38101,2.50%
2026,22,38240,1.80%
2026,22,38272,2.90%
2026,22,38285,3.00%
2026,22,38291,1.10%
2026,22,38389,6.70%
2026,22,38404,4.50%
2026,22,38422,2.60%
2026,22,38433,3.40%
2026,22,38555,3.60%
2026,22,38613,16.30%
2026,22,38654,16.30%
2026,22,38681,5.30%
2026,22,43188,15.30%
2026,22,38183,4.20%
2026,22,38387,9.50%
2026,22,38577,4.20%
2026,22,38721,6.50%
2026,22,38732,5.10%
2026,22,38736,3.90%
2026,22,38813,1.60%
2026,22,38821,4.60%
2026,22,38857,24.60%
2026,22,43008,8.80%
2026,22,43124,11.30%
2026,22,38344,7.90%
2026,22,38635,6.70%
2026,22,38109,9.10%
2026,22,38173,3.00%
2026,22,38312,2.70%
2026,22,38378,10.60%
2026,22,38423,0.50%
2026,22,38432,9.30%
2026,22,38440,4.50%
2026,22,38483,6.70%
2026,22,38498,4.30%
2026,22,38504,5.00%
2026,22,38554,0.50%
2026,22,38556,2.90%
2026,22,38558,8.80%
2026,22,38602,8.30%
2026,22,38658,3.50%
2026,22,38752,5.60%
2026,22,38850,5.70%
2026,22,38113,10.50%
2026,22,38139,10.20%
2026,22,38152,10.90%
2026,22,38208,13.20%
2026,22,38239,6.20%
2026,22,38365,4.90%
2026,22,38417,11.40%
2026,22,38430,2.10%
2026,22,38484,12.30%
2026,22,38585,7.80%
2026,22,38620,4.20%
2026,22,38663,13.00%
2026,22,43025,3.20%
2026,22,38111,5.80%
2026,22,38118,6.20%
2026,22,38194,3.40%
2026,22,38219,2.80%
2026,22,38349,8.60%
2026,22,38399,7.20%
2026,22,38405,3.30%
2026,22,38470,9.30%
2026,22,38557,3.20%
2026,22,38581,2.30%
2026,22,38600,0.00%
2026,22,38612,5.40%
2026,22,38676,6.70%
2026,22,38982,7.00%
2026,22,43045,11.70%
2026,22,38107,6.00%
2026,22,38116,7.90%
2026,22,38124,2.10%
2026,22,38129,4.70%
2026,22,38169,7.90%
2026,22,38398,9.60%
2026,22,38428,7.00%
2026,22,38447,0.80%
2026,22,38544,2.80%
2026,22,38571,4.40%
2026,22,38580,6.00%
2026,22,38615,2.90%
2026,22,38691,8.60%
2026,22,43159,1.90%
2026,22,38226,12.30%
2026,22,38279,0.40%
2026,22,38289,1.50%
2026,22,38418,2.40%
2026,22,38419,2.20%
2026,22,38468,6.10%
2026,22,38477,4.00%
2026,22,38496,5.40%
2026,22,38611,9.00%
2026,22,38645,12.40%
2026,22,38725,13.00%
2026,22,43070,14.20%
2026,22,38131,6.60%
2026,22,38172,3.10%
2026,22,38402,3.90%
2026,22,38406,0.80%
2026,22,38543,3.30%
2026,22,38560,4.20%
2026,22,38605,8.60%
2026,22,38625,10.70%
2026,22,38771,1.10%
2026,22,38784,2.70%
2026,22,38791,0.20%
2026,22,38806,6.00%
2026,22,38866,1.80%
2026,22,38133,17.10%
2026,22,38190,7.60%
2026,22,38192,8.10%
2026,22,38280,11.20%
2026,22,38634,6.30%
2026,22,38638,8.80%
2026,22,38804,4.70%
2026,22,38949,4.30%
2026,22,43069,18.20%
2026,22,43074,31.30%
2026,22,43166,5.80%
2026,22,38146,10.60%
2026,22,38157,6.20%
2026,22,38519,6.90%
2026,22,38698,4.40%
2026,22,38761,3.80%
2026,22,38768,7.60%
2026,22,38819,7.20%
2026,22,38831,6.40%
2026,22,38840,7.50%
2026,22,38897,7.90%
2026,22,43009,2.80%
2026,22,38114,7.10%
2026,22,38360,10.60%
2026,22,38367,6.40%
2026,22,38379,0.60%
2026,22,38393,9.80%
2026,22,38469,5.70%
2026,22,38471,6.10%
2026,22,38472,14.30%
2026,22,38494,9.70%
2026,22,38637,5.80%
2026,22,38817,5.10%
2026,22,38964,3.90%
2026,22,38164,10.50%
2026,22,38222,9.70%
2026,22,38264,9.00%
2026,22,38599,16.10%
2026,22,38690,10.40%
2026,22,38731,4.30%
2026,22,38756,4.50%
2026,22,38787,4.20%
2026,22,38942,8.00%
2026,22,43100,11.60%
2026,22,38204,13.40%
2026,22,38359,5.70%
2026,22,38876,16.70%
2026,22,38917,7.80%
2026,22,43021,24.80%
2026,22,38217,29.90%
2026,22,38257,15.60%
2026,22,38259,14.80%
2026,22,38516,9.00%
2026,22,38586,4.30%
2026,22,38610,3.90%
2026,22,38993,24.30%
2026,22,43086,33.40%
2026,22,43146,17.90%
2026,22,38211,16.10%
2026,22,38212,5.80%
2026,22,38214,8.10%
2026,22,38354,22.20%
2026,22,38370,11.60%
2026,22,38639,15.00%
2026,22,38711,36.70%
2026,22,38723,10.00%
2026,22,38889,11.10%
2026,22,38972,31.40%
2026,22,38990,25.70%
2026,22,43001,14.50%
2026,22,38134,4.30%
2026,22,38260,3.30%
2026,22,38340,9.20%
2026,22,38464,15.60%
2026,22,38482,11.90%
2026,22,38501,7.40%
2026,22,38513,4.50%
2026,22,38526,2.20%
2026,22,38569,2.90%
2026,22,38570,3.70%
2026,22,38579,7.50%
2026,22,38619,13.90%
2026,22,38888,2.80%
2026,22,38941,2.20%
2026,22,38296,7.20%
2026,22,38328,14.90%
2026,22,38435,11.60%
2026,22,38488,14.40%
2026,22,38712,11.00%
2026,22,38744,11.90%
2026,22,38805,5.20%
2026,22,38828,11.80%
2026,22,38928,11.40%
2026,22,38975,20.00%
2026,22,43186,20.20%
2026,22,38408,13.50%
2026,22,38525,8.00%
2026,22,38738,12.30%
2026,22,38781,4.10%
2026,22,38839,8.70%
2026,22,38946,14.50%
2026,22,38966,9.00%
2026,22,38967,5.50%
2026,22,38267,24.00%
2026,22,38503,14.40%
2026,22,38760,15.10%
2026,22,38825,13.70%
2026,22,38842,22.40%
2026,22,38919,20.30%
2026,22,38923,20.00%
2026,22,38979,13.90%
2026,22,38991,10.40%
2026,22,43190,22.60%
2026,22,38273,3.40%
2026,22,38275,1.00%
2026,22,38335,15.30%
2026,22,38454,1.00%
2026,22,38593,5.00%
2026,22,38887,1.00%
2026,22,38921,0.40%
2026,22,38956,4.00%
2026,22,38983,8.40%
2026,22,43114,5.00%
2026,22,43115,28.00%
2026,22,43138,4.90%
2026,22,38436,1.90%
2026,22,38491,2.70%
2026,22,38782,4.10%
2026,22,38890,4.80%
2026,22,43010,3.20%
2026,22,43113,13.10%
2026,22,43150,17.30%
2026,22,38236,14.60%
2026,22,38309,10.30%
2026,22,38397,10.70%
2026,22,38413,11.70%
2026,22,38566,11.30%
2026,22,38614,17.00%
2026,22,38636,5.70%
2026,22,38648,11.90%
2026,22,38696,2.50%
2026,22,38838,12.40%
2026,22,43118,6.40%
2026,22,43137,6.30%
2026,22,38159,6.70%
2026,22,38338,6.10%
2026,22,38345,9.00%
2026,22,38479,21.60%
2026,22,38647,10.10%
2026,22,38868,7.80%
2026,22,38881,5.90%
2026,22,38931,10.10%
2026,22,38938,17.00%
2026,22,38969,4.50%
2026,22,38137,10.20%
2026,22,38143,10.20%
2026,22,38144,9.10%
2026,22,38153,8.60%
2026,22,38195,5.20%
2026,22,38229,15.20%
2026,22,38624,3.80%
2026,22,38640,13.20%
2026,22,38660,7.80%
2026,22,38994,12.90%
2026,22,43172,8.20%
2026,22,38210,11.70%
2026,22,38242,7.90%
2026,22,38288,5.60%
2026,22,38346,8.80%
2026,22,38381,10.60%
2026,22,38517,9.10%
2026,22,38523,15.50%
2026,22,38713,11.90%
2026,22,38863,2.00%
2026,22,38879,5.30%
2026,22,38162,9.20%
2026,22,38177,11.40%
2026,22,38213,6.70%
2026,22,38332,3.50%
2026,22,38352,6.30%
2026,22,38356,6.20%
2026,22,38449,7.00%
2026,22,38542,13.10%
2026,22,38575,21.80%
2026,22,38588,7.80%
2026,22,38861,6.40%
2026,22,43046,12.20%
2026,22,43051,18.10%
2026,22,43160,3.70%
2026,22,38409,8.30%
2026,22,38448,13.60%
2026,22,38486,9.80%
2026,22,38551,10.20%
2026,22,38583,8.30%
2026,22,38675,10.20%
2026,22,38702,12.20%
2026,22,38703,8.40%
2026,22,43057,18.70%
2026,22,43084,10.50%
2026,22,43148,11.40%
2026,22,38147,8.00%
2026,22,38163,17.60%
2026,22,38174,5.40%
2026,22,38407,9.60%
2026,22,38672,6.30%
2026,22,38699,4.40%
2026,22,38700,5.40%
2026,22,38733,7.30%
2026,22,38753,5.10%
2026,22,38754,4.90%
2026,22,43047,18.30%
2026,22,43129,1.10%
2026,22,38121,11.20%
2026,22,38366,6.30%
2026,22,38386,5.30%
2026,22,38461,8.30%
2026,22,38538,11.10%
2026,22,38644,2.70%
2026,22,38709,14.40%
2026,22,38722,10.50%
2026,22,38727,3.60%
2026,22,38773,2.20%
2026,22,43041,8.70%
2026,22,38103,11.10%
2026,22,38104,9.00%
2026,22,38106,5.20%
2026,22,38112,19.50%
2026,22,38188,6.30%
2026,22,38227,0.50%
2026,22,38617,14.50%
2026,22,38646,15.60%
2026,22,38692,12.40%
2026,22,38730,7.30%
2026,22,38746,4.60%
2026,22,38954,14.20%
2026,22,43142,8.00%
2026,22,38115,12.60%
2026,22,38119,16.40%
2026,22,38142,13.60%
2026,22,38149,9.20%
2026,22,38266,19.30%
2026,22,38270,14.60%
2026,22,38363,11.40%
2026,22,38394,10.50%
2026,22,38507,18.10%
2026,22,38535,11.40%
2026,22,38925,8.50%
2026,22,43043,12.60%
2026,22,43130,10.50%
2026,22,38108,5.90%
2026,22,38110,1.70%
2026,22,38128,0.60%
2026,22,38187,1.60%
2026,22,38191,2.00%
2026,22,38220,6.50%
2026,22,38382,0.10%
2026,22,38415,2.60%
2026,22,38481,0.80%
2026,22,38522,8.70%
2026,22,38541,4.80%
2026,22,38597,7.30%
2026,22,38627,1.10%
2026,22,38136,8.50%
2026,22,38186,11.20%
2026,22,38230,9.90%
2026,22,38374,10.40%
2026,22,38442,7.20%
2026,22,38460,7.00%
2026,22,38606,4.80%
2026,22,38661,16.50%
2026,22,38674,16.80%
2026,22,38694,4.10%
2026,22,38792,8.60%
2026,22,38845,5.70%
2026,22,38138,3.40%
2026,22,38141,8.10%
2026,22,38319,5.80%
2026,22,38441,6.70%
2026,22,38547,10.60%
2026,22,38668,3.70%
2026,22,38841,5.90%
2026,22,38896,10.40%
2026,22,38987,5.60%
2026,22,43059,6.00%
2026,22,43068,1.70%
2026,22,38158,3.60%
2026,22,38166,3.40%
2026,22,38390,1.60%
2026,22,38400,0.10%
2026,22,38445,4.50%
2026,22,38512,18.60%
2026,22,38532,7.50%
2026,22,38751,5.60%
2026,22,38755,0.10%
2026,22,38777,2.90%
2026,22,38780,7.10%
2026,22,38798,6.60%
2026,22,38810,2.00%
2026,22,38180,2.60%
2026,22,38184,14.40%
2026,22,38198,17.30%
2026,22,38533,22.50%
2026,22,38540,10.40%
2026,22,38564,8.90%
2026,22,38741,6.90%
2026,22,38765,17.80%
2026,22,38788,23.90%
2026,22,38865,15.60%
2026,22,38968,17.60%
2026,22,38196,6.70%
2026,22,38246,15.60%
2026,22,38254,17.60%
2026,22,38263,24.30%
2026,22,38336,25.00%
2026,22,38596,13.50%
2026,22,38830,9.90%
2026,22,38883,31.00%
2026,22,38898,13.40%
2026,22,38935,15.10%
2026,22,38958,21.10%
2026,22,38963,7.80%
2026,22,43005,15.00%
2026,22,38205,5.50%
2026,22,38207,1.50%
2026,22,38371,14.90%
2026,22,38411,19.00%
2026,22,38527,8.50%
2026,22,38546,10.80%
2026,22,38651,12.00%
2026,22,38677,18.00%
2026,22,38719,17.80%
2026,22,38837,18.80%
2026,22,43111,28.90%
2026,22,43132,18.30%
2026,22,43194,5.40%
2026,22,43195,5.30%
2026,22,38248,11.00%
2026,22,38671,7.60%
2026,22,38680,3.80%
2026,22,38808,27.60%
2026,22,38816,11.00%
2026,22,38875,10.10%
2026,22,38984,12.90%
2026,22,43007,15.20%
2026,22,43019,12.50%
2026,22,43154,15.00%
2026,22,43181,13.40%
2026,22,43182,8.40%
2026,22,38258,9.10%
2026,22,38313,6.50%
2026,22,38322,4.70%
2026,22,38380,0.50%
2026,22,38545,7.00%
2026,22,38582,16.30%
2026,22,38670,6.90%
2026,22,38836,9.70%
2026,22,38869,13.90%
2026,22,38874,16.70%
2026,22,38977,3.00%
2026,22,43143,5.20%
2026,22,38122,6.70%
2026,22,38148,6.10%
2026,22,38150,7.40%
2026,22,38189,4.90%
2026,22,38225,3.00%
2026,22,38233,7.40%
2026,22,38361,10.00%
2026,22,38414,6.40%
2026,22,38438,6.60%
2026,22,38485,10.50%
2026,22,38508,7.70%
2026,22,38534,4.60%
2026,22,38578,3.30%
2026,22,38607,13.80%
2026,22,38633,6.20%
2026,22,38704,1.30%
2026,22,38747,0.60%
2026,22,38749,7.40%
2026,22,38769,5.70%
2026,22,38829,5.60%
2026,22,38847,7.90%
2026,22,38957,9.80%
2026,22,43011,9.20%
2026,22,43058,9.00%
2026,22,43147,12.40%
2026,22,38243,6.30%
2026,22,38252,8.30%
2026,22,38271,8.00%
2026,22,38274,7.00%
2026,22,38277,7.60%
2026,22,38307,7.50%
2026,22,38326,2.90%
2026,22,38383,8.20%
2026,22,38446,9.60%
2026,22,38509,9.70%
2026,22,38539,10.40%
2026,22,38664,8.00%
2026,22,38667,33.10%
2026,22,38740,7.70%
2026,22,38763,5.30%
2026,22,38778,7.40%
2026,22,38779,3.20%
2026,22,38922,9.30%
2026,22,38933,4.30%
2026,22,38948,1.60%
2026,22,38952,10.80%
2026,22,43016,22.10%
2026,22,43060,12.00%
2026,22,43106,19.20%
2026,22,43156,9.10%
2026,22,38245,3.60%
2026,22,38247,3.80%
2026,22,38251,12.40%
2026,22,38453,2.70%
2026,22,38552,3.70%
2026,22,38673,6.50%
2026,22,38884,13.10%
2026,22,38904,6.50%
2026,22,43027,22.20%
2026,22,43032,19.40%
2026,22,43089,8.30%
2026,22,38268,12.60%
2026,22,38286,18.20%
2026,22,38601,11.40%
2026,22,38642,3.40%
2026,22,38729,10.00%
2026,22,38809,2.70%
2026,22,38812,2.80%
2026,22,38832,7.70%
2026,22,38899,0.10%
2026,22,38997,9.50%
2026,22,43209,20.50%
2026,22,38262,11.50%
2026,22,38355,6.50%
2026,22,38392,7.60%
2026,22,38473,15.20%
2026,22,38506,6.60%
2026,22,38563,10.90%
2026,22,38630,4.50%
2026,22,38734,16.60%
2026,22,38891,9.80%
2026,22,38912,14.20%
2026,22,38974,15.00%
2026,22,43063,6.60%
2026,22,43185,18.20%
2026,22,38265,5.90%
2026,22,38412,3.80%
2026,22,38450,10.00%
2026,22,38737,5.90%
2026,22,38848,10.70%
2026,22,38934,10.00%
2026,22,38999,4.50%
2026,22,43076,23.50%
2026,22,43204,14.10%
2026,22,38683,9.90%
2026,22,38726,13.20%
2026,22,38743,9.50%
2026,22,38873,14.70%
2026,22,43003,9.30%
2026,22,43042,8.50%
2026,22,43096,16.90%
2026,22,38283,11.80%
2026,22,38342,13.30%
2026,22,38353,41.20%
2026,22,38524,22.90%
2026,22,38591,9.60%
2026,22,38666,8.90%
2026,22,38685,14.10%
2026,22,38693,12.90%
2026,22,38797,8.00%
2026,22,38985,16.30%
2026,22,38998,17.10%
2026,22,43110,16.70%
2026,22,43168,10.60%
2026,22,38305,2.30%
2026,22,38860,8.00%
2026,22,38895,5.00%
2026,22,43036,4.30%
2026,22,43040,6.90%
2026,22,43125,17.90%
2026,22,43149,7.90%
2026,22,43155,11.80%
2026,22,38306,1.80%
2026,22,38315,9.00%
2026,22,38520,8.40%
2026,22,38631,7.30%
2026,22,38665,0.80%
2026,22,38669,5.70%
2026,22,38689,6.00%
2026,22,38735,11.30%
2026,22,38818,5.70%
2026,22,38953,3.60%
2026,22,43050,8.50%
2026,22,43071,4.30%
2026,22,38331,3.60%
2026,22,38459,6.90%
2026,22,38565,10.10%
2026,22,38650,16.50%
2026,22,38820,6.10%
2026,22,38947,13.80%
2026,22,38959,16.10%
2026,22,43031,6.10%
2026,22,43056,12.40%
2026,22,38457,7.90%
2026,22,38492,12.70%
2026,22,38618,1.70%
2026,22,38776,10.80%
2026,22,38986,15.30%
2026,22,43161,14.80%
2026,22,38320,34.40%
2026,22,38323,6.20%
2026,22,38334,11.10%
2026,22,38350,9.10%
2026,22,38362,8.40%
2026,22,38373,6.30%
2026,22,38388,10.50%
2026,22,38518,8.40%
2026,22,38573,15.10%
2026,22,38574,18.40%
2026,22,38598,12.30%
2026,22,38609,8.60%
2026,22,38705,9.40%
2026,22,38759,7.20%
2026,22,38786,17.20%
2026,22,38826,5.20%
2026,22,38955,3.90%
2026,22,38988,6.60%
2026,22,43054,24.90%
2026,22,43088,31.30%
2026,22,43098,12.80%
2026,22,43133,11.60%
2026,22,43134,8.20%
2026,22,38250,6.20%
2026,22,38295,10.20%
2026,22,38467,7.80%
2026,22,38728,3.30%
2026,22,38757,13.30%
2026,22,38864,3.80%
2026,22,38871,6.10%
2026,22,38886,1.70%
2026,22,38916,4.40%
2026,22,38944,5.60%
2026,22,38976,2.70%
2026,22,43033,5.50%
2026,22,43180,15.10%
2026,22,38351,2.40%
2026,22,38375,5.40%
2026,22,38429,6.70%
2026,22,38511,1.40%
2026,22,38567,5.70%
2026,22,38678,7.30%
2026,22,38684,15.30%
2026,22,38716,10.60%
2026,22,38718,6.50%
2026,22,38996,6.00%
2026,22,43034,6.30%
2026,22,43164,7.30%
2026,22,43183,9.20%
2026,22,38357,3.50%
2026,22,38358,12.40%
2026,22,38790,7.00%
2026,22,38793,4.40%
2026,22,38893,17.20%
2026,22,38908,3.80%
2026,22,38939,4.50%
2026,22,43064,19.80%
2026,22,43170,4.70%
2026,22,38502,0.40%
2026,22,38594,1.90%
2026,22,38657,6.20%
2026,22,38659,1.80%
2026,22,38800,7.50%
2026,22,38801,3.80%
2026,22,38855,17.20%
2026,22,43026,3.30%
2026,22,43163,6.70%
2026,22,43169,10.30%
2026,22,38193,0.20%
2026,22,38372,3.00%
2026,22,38416,10.10%
2026,22,38499,2.70%
2026,22,38530,2.20%
2026,22,38549,2.30%
2026,22,38715,6.60%
2026,22,38764,0.20%
2026,22,38951,2.00%
2026,22,43105,4.90%
2026,22,38117,11.50%
2026,22,38176,22.60%
2026,22,38197,12.20%
2026,22,38427,5.40%
2026,22,38458,4.60%
2026,22,38475,9.90%
2026,22,38561,6.90%
2026,22,38590,9.30%
2026,22,38656,15.30%
2026,22,38695,6.60%
2026,22,38770,4.70%
2026,22,38859,4.40%
2026,22,43152,9.30%
2026,22,38126,2.90%
2026,22,38179,3.10%
2026,22,38185,4.80%
2026,22,38292,9.90%
2026,22,38439,5.30%
2026,22,38452,4.40%
2026,22,38466,4.40%
2026,22,38553,1.50%
2026,22,38568,1.70%
2026,22,38799,3.50%
2026,22,38815,5.90%
2026,22,38918,6.90%
2026,22,43107,3.50%
2026,22,38178,13.40%
2026,22,38199,14.90%
2026,22,38238,3.50%
2026,22,38244,16.10%
2026,22,38276,22.70%
2026,22,38303,3.10%
2026,22,38510,10.10%
2026,22,38603,26.20%
2026,22,38739,11.10%
2026,22,38844,7.90%
2026,22,38849,5.80%
2026,22,38970,16.00%
2026,22,38333,9.50%
2026,22,38339,10.30%
2026,22,38368,4.90%
2026,22,38401,9.60%
2026,22,38456,15.80%
2026,22,38515,14.90%
2026,22,38604,6.20%
2026,22,38862,10.10%
2026,22,38894,10.40%
2026,22,43193,4.00%
2026,22,38377,10.40%
2026,22,38480,13.60%
2026,22,38559,6.40%
2026,22,38629,14.80%
2026,22,38750,0.10%
2026,22,38846,8.40%
2026,22,38882,17.80%
2026,22,43055,10.90%
2026,22,43135,11.50%
2026,22,38154,3.50%
2026,22,38221,5.70%
2026,22,38228,8.40%
2026,22,38241,2.20%
2026,22,38314,7.60%
2026,22,38324,4.80%
2026,22,38384,1.90%
2026,22,38592,13.90%
2026,22,38679,13.90%
2026,22,43030,6.10%
2026,22,43151,12.70%
2026,22,38348,6.10%
2026,22,38396,7.90%
2026,22,38410,4.40%
2026,22,38451,8.50%
2026,22,38536,6.10%
2026,22,38550,6.00%
2026,22,38649,3.30%
2026,22,38682,7.70%
2026,22,43044,10.90%
2026,22,43157,5.00%
2026,22,38255,14.70%
2026,22,38302,15.80%
2026,22,38311,16.80%
2026,22,38434,9.40%
2026,22,38714,9.80%
2026,22,38745,10.30%
2026,22,38814,8.50%
2026,22,38980,5.00%
2026,22,43092,9.90%
2026,22,43145,27.00%
2026,22,43171,8.40%
2026,22,43174,21.50%
2026,22,38300,8.90%
2026,22,38316,21.20%
2026,22,38329,11.70%
2026,22,38655,4.70%
2026,22,38758,15.70%
2026,22,38867,13.20%
2026,22,38926,0.80%
2026,22,43000,25.70%
2026,22,38318,13.60%
2026,22,38337,2.90%
2026,22,38476,4.70%
2026,22,38621,1.30%
2026,22,38707,14.20%
2026,22,38892,2.30%
2026,22,38971,3.50%
2026,22,38973,13.80%
2026,22,38321,8.50%
2026,22,38325,5.30%
2026,22,38341,10.90%
2026,22,38490,6.90%
2026,22,38708,7.80%
2026,22,38909,7.90%
2026,22,38927,4.30%
2026,22,38932,11.20%
2026,22,38960,29.70%
2026,22,38170,2.70%
2026,22,38218,11.50%
2026,22,38237,2.90%
2026,22,38249,19.80%
2026,22,38287,3.60%
2026,22,38290,16.40%
2026,22,38304,9.30%
2026,22,38330,21.50%
2026,22,38905,1.10%
2026,22,38978,7.70%
2026,22,38431,8.60%
2026,22,38529,7.50%
2026,22,38811,12.00%
2026,22,38903,6.90%
2026,22,38924,15.10%
2026,22,38930,8.20%
2026,22,38937,9.30%
2026,22,38965,2.50%
2026,22,38992,9.30%
2026,22,38995,8.90%
2026,22,38123,8.50%
2026,22,38155,9.30%
2026,22,38203,4.00%
2026,22,38234,6.00%
2026,22,38376,5.00%
2026,22,38463,7.30%
2026,22,38487,1.00%
2026,22,38497,10.80%
2026,22,38762,14.20%
2026,22,38785,4.70%
2026,22,43123,8.70%
2026,22,38201,6.10%
2026,22,38223,14.20%
2026,22,38224,5.80%
2026,22,38584,6.60%
2026,22,38742,13.20%
2026,22,38907,10.20%
2026,22,38278,3.90%
2026,22,38282,1.90%
2026,22,38310,15.90%
2026,22,38531,18.00%
2026,22,38537,9.40%
2026,22,38870,7.60%
2026,22,38920,5.60%
2026,22,43018,5.80%
2026,22,38151,
2026,22,38171,
2026,22,38182,
2026,22,38206,
2026,22,38231,
2026,22,38297,
2026,22,38299,
2026,22,38385,
2026,22,38395,
2026,22,38425,
2026,22,38688,
2026,22,38795,
2026,22,38796,
2026,22,38803,
2026,22,38827,
2026,22,38834,
2026,22,38851,
2026,22,38877,
2026,22,38901,
2026,22,38906,
2026,22,38910,
2026,22,38911,
2026,22,38913,
2026,22,38929,
2026,22,38943,
2026,22,43082,
2026,22,43083,
2026,22,43162,
2026,23,38209,3.10%
2026,23,38317,6.30%
2026,23,38489,8.00%
2026,23,38589,8.70%
2026,23,38843,10.80%
2026,23,38872,14.20%
2026,23,38950,10.30%
2026,23,38989,10.90%
2026,23,43029,21.00%
2026,23,38101,2.80%
2026,23,38240,1.50%
2026,23,38272,1.60%
2026,23,38285,3.10%
2026,23,38291,1.10%
2026,23,38389,5.30%
2026,23,38404,3.90%
2026,23,38422,2.60%
2026,23,38433,2.60%
2026,23,38555,4.00%
2026,23,38613,13.60%
2026,23,38654,12.40%
2026,23,38681,5.30%
2026,23,43188,18.70%
2026,23,38183,6.10%
2026,23,38387,13.00%
2026,23,38577,3.70%
2026,23,38721,7.80%
2026,23,38732,4.90%
2026,23,38736,4.20%
2026,23,38813,1.90%
2026,23,38821,5.40%
2026,23,38857,24.40%
2026,23,43008,11.70%
2026,23,43124,15.30%
2026,23,38344,8.60%
2026,23,38635,7.20%
2026,23,38109,8.70%
2026,23,38173,2.80%
2026,23,38312,4.80%
2026,23,38378,6.50%
2026,23,38423,0.80%
2026,23,38432,11.50%
2026,23,38440,4.30%
2026,23,38483,6.10%
2026,23,38498,2.80%
2026,23,38504,3.30%
2026,23,38554,0.10%
2026,23,38556,3.20%
2026,23,38558,10.00%
2026,23,38602,11.10%
2026,23,38658,3.60%
2026,23,38752,6.50%
2026,23,38850,4.20%
2026,23,38113,10.30%
2026,23,38139,10.90%
2026,23,38152,15.70%
2026,23,38208,11.40%
2026,23,38239,9.00%
2026,23,38365,6.20%
2026,23,38417,11.20%
2026,23,38430,4.00%
2026,23,38484,12.70%
2026,23,38585,7.60%
2026,23,38620,7.00%
2026,23,38663,13.30%
2026,23,43025,3.50%
2026,23,38111,5.90%
2026,23,38118,5.20%
2026,23,38194,3.50%
2026,23,38219,4.20%
2026,23,38349,8.10%
2026,23,38399,3.90%
2026,23,38405,4.10%
2026,23,38470,11.60%
2026,23,38557,4.10%
2026,23,38581,1.50%
2026,23,38600,0.00%
2026,23,38612,5.30%
2026,23,38676,6.50%
2026,23,38982,9.00%
2026,23,43045,7.30%
2026,23,38107,4.10%
2026,23,38116,5.50%
2026,23,38124,6.00%
2026,23,38129,5.40%
2026,23,38169,8.40%
2026,23,38398,10.20%
2026,23,38428,8.60%
2026,23,38447,0.60%
2026,23,38544,2.10%
2026,23,38571,3.40%
2026,23,38580,4.70%
2026,23,38615,2.90%
2026,23,38691,7.80%
2026,23,43159,5.30%
2026,23,38226,11.50%
2026,23,38279,0.90%
2026,23,38289,1.30%
2026,23,38418,2.30%
2026,23,38419,1.80%
2026,23,38468,5.70%
2026,23,38477,4.10%
2026,23,38496,6.90%
2026,23,38611,8.40%
2026,23,38645,28.00%
2026,23,38725,17.60%
2026,23,43070,15.60%
2026,23,38131,7.60%
2026,23,38172,4.20%
2026,23,38402,4.10%
2026,23,38406,3.10%
2026,23,38543,3.20%
2026,23,38560,2.40%
2026,23,38605,9.70%
2026,23,38625,13.00%
2026,23,38771,1.70%
2026,23,38784,3.60%
2026,23,38791,0.20%
2026,23,38806,5.80%
2026,23,38866,1.30%
2026,23,38133,18.70%
2026,23,38190,8.80%
2026,23,38192,9.50%
2026,23,38280,13.00%
2026,23,38634,5.90%
2026,23,38638,8.60%
2026,23,38804,4.20%
2026,23,38949,7.60%
2026,23,43069,23.70%
2026,23,43074,30.80%
2026,23,43166,10.90%
2026,23,38146,13.30%
2026,23,38157,5.40%
2026,23,38444,0.00%
2026,23,38519,8.90%
2026,23,38698,4.20%
2026,23,38761,4.70%
2026,23,38768,9.40%
2026,23,38819,9.10%
2026,23,38831,6.20%
2026,23,38840,8.80%
2026,23,38897,8.00%
2026,23,43009,5.80%
2026,23,38114,8.70%
2026,23,38360,10.20%
2026,23,38367,6.60%
2026,23,38379,0.90%
2026,23,38393,10.40%
2026,23,38469,5.90%
2026,23,38471,8.00%
2026,23,38472,14.20%
2026,23,38494,14.30%
2026,23,38637,7.20%
2026,23,38817,3.20%
2026,23,38964,3.20%
2026,23,38164,13.80%
2026,23,38222,10.60%
2026,23,38264,6.30%
2026,23,38599,18.30%
2026,23,38690,13.80%
2026,23,38731,11.10%
2026,23,38756,3.60%
2026,23,38787,5.70%
2026,23,38942,15.30%
2026,23,43100,10.60%
2026,23,38204,11.00%
2026,23,38359,12.70%
2026,23,38876,21.20%
2026,23,38917,6.00%
2026,23,43021,31.00%
2026,23,38217,28.00%
2026,23,38257,13.10%
2026,23,38259,13.10%
2026,23,38516,6.80%
2026,23,38586,8.90%
2026,23,38610,6.00%
2026,23,38993,30.60%
2026,23,43086,34.10%
2026,23,43146,18.60%
2026,23,38211,17.80%
2026,23,38212,6.90%
2026,23,38214,11.60%
2026,23,38354,20.50%
2026,23,38370,16.30%
2026,23,38639,17.70%
2026,23,38711,36.60%
2026,23,38723,13.80%
2026,23,38889,11.90%
2026,23,38972,34.60%
2026,23,38990,28.40%
2026,23,43001,9.80%
2026,23,38134,6.00%
2026,23,38260,2.70%
2026,23,38340,5.30%
2026,23,38464,19.50%
2026,23,38482,9.10%
2026,23,38501,9.60%
2026,23,38513,2.90%
2026,23,38526,4.40%
2026,23,38569,4.00%
2026,23,38570,2.80%
2026,23,38579,10.20%
2026,23,38619,11.20%
2026,23,38888,3.10%
2026,23,38941,3.10%
2026,23,38296,8.30%
2026,23,38328,13.00%
2026,23,38435,10.90%
2026,23,38488,11.60%
2026,23,38712,15.30%
2026,23,38744,13.70%
2026,23,38805,5.00%
2026,23,38828,15.00%
2026,23,38928,9.30%
2026,23,38975,14.80%
2026,23,43186,23.00%
2026,23,38408,13.10%
2026,23,38525,14.00%
2026,23,38738,12.40%
2026,23,38781,4.90%
2026,23,38839,9.40%
2026,23,38946,16.30%
2026,23,38966,11.50%
2026,23,38967,14.70%
2026,23,38267,30.90%
2026,23,38503,10.80%
2026,23,38760,11.40%
2026,23,38825,12.30%
2026,23,38842,25.50%
2026,23,38919,9.50%
2026,23,38923,28.60%
2026,23,38979,10.90%
2026,23,38991,12.70%
2026,23,43190,19.20%
2026,23,38273,6.40%
2026,23,38275,3.10%
2026,23,38335,17.90%
2026,23,38454,0.90%
2026,23,38593,5.10%
2026,23,38887,2.40%
2026,23,38921,0.80%
2026,23,38956,9.90%
2026,23,38983,8.20%
2026,23,43114,6.00%
2026,23,43115,28.30%
2026,23,43138,8.00%
2026,23,38436,1.70%
2026,23,38491,4.00%
2026,23,38782,5.20%
2026,23,38890,2.40%
2026,23,43010,10.80%
2026,23,43113,15.70%
2026,23,43150,13.20%
2026,23,38236,14.80%
2026,23,38309,6.30%
2026,23,38397,10.50%
2026,23,38413,12.60%
2026,23,38566,9.90%
2026,23,38614,18.00%
2026,23,38636,6.40%
2026,23,38648,12.80%
2026,23,38696,6.00%
2026,23,38838,14.10%
2026,23,43118,4.20%
2026,23,43137,9.00%
2026,23,38159,10.30%
2026,23,38338,36.40%
2026,23,38345,9.40%
2026,23,38479,15.30%
2026,23,38647,7.60%
2026,23,38868,6.50%
2026,23,38881,6.70%
2026,23,38931,12.50%
2026,23,38938,8.90%
2026,23,38969,6.60%
2026,23,38137,8.50%
2026,23,38143,10.30%
2026,23,38144,8.20%
2026,23,38153,10.20%
2026,23,38195,7.40%
2026,23,38229,20.80%
2026,23,38624,3.90%
2026,23,38640,12.20%
2026,23,38660,6.20%
2026,23,38994,9.50%
2026,23,43172,4.90%
2026,23,38210,4.70%
2026,23,38242,6.90%
2026,23,38288,4.70%
2026,23,38346,7.70%
2026,23,38381,6.50%
2026,23,38517,6.80%
2026,23,38523,15.60%
2026,23,38713,13.20%
2026,23,38863,2.60%
2026,23,38879,4.50%
2026,23,38162,16.50%
2026,23,38177,10.80%
2026,23,38213,7.40%
2026,23,38332,3.20%
2026,23,38352,8.50%
2026,23,38356,9.00%
2026,23,38449,4.90%
2026,23,38542,20.00%
2026,23,38575,17.90%
2026,23,38588,10.10%
2026,23,38861,5.80%
2026,23,43046,10.30%
2026,23,43051,20.50%
2026,23,43160,3.80%
2026,23,38409,9.60%
2026,23,38448,16.70%
2026,23,38486,8.60%
2026,23,38551,6.70%
2026,23,38583,8.50%
2026,23,38675,13.00%
2026,23,38702,16.20%
2026,23,38703,8.60%
2026,23,43057,17.30%
2026,23,43084,11.30%
2026,23,43148,16.20%
2026,23,38147,9.10%
2026,23,38163,26.50%
2026,23,38174,6.50%
2026,23,38407,9.30%
2026,23,38672,6.60%
2026,23,38699,9.10%
2026,23,38700,6.50%
2026,23,38733,8.10%
2026,23,38753,7.10%
2026,23,38754,3.90%
2026,23,43047,22.20%
2026,23,43129,2.90%
2026,23,38121,11.30%
2026,23,38366,11.60%
2026,23,38386,2.80%
2026,23,38461,12.10%
2026,23,38538,11.00%
2026,23,38644,3.50%
2026,23,38709,14.70%
2026,23,38722,9.00%
2026,23,38727,3.70%
2026,23,38773,2.10%
2026,23,43041,7.40%
2026,23,38103,11.50%
2026,23,38104,7.60%
2026,23,38106,3.10%
2026,23,38112,17.70%
2026,23,38188,6.00%
2026,23,38227,1.40%
2026,23,38617,15.70%
2026,23,38646,17.50%
2026,23,38692,13.00%
2026,23,38730,5.40%
2026,23,38746,3.50%
2026,23,38954,10.30%
2026,23,43142,7.30%
2026,23,38115,13.20%
2026,23,38119,14.10%
2026,23,38142,13.20%
2026,23,38149,10.10%
2026,23,38266,21.00%
2026,23,38270,14.70%
2026,23,38363,11.70%
2026,23,38394,11.20%
2026,23,38507,19.60%
2026,23,38535,12.40%
2026,23,38925,8.60%
2026,23,43043,11.80%
2026,23,43130,10.60%
2026,23,38108,7.30%
2026,23,38110,1.80%
2026,23,38128,0.80%
2026,23,38187,2.70%
2026,23,38191,2.30%
2026,23,38220,11.40%
2026,23,38382,0.20%
2026,23,38415,2.80%
2026,23,38481,3.60%
2026,23,38522,6.80%
2026,23,38541,5.60%
2026,23,38597,7.40%
2026,23,38627,1.50%
2026,23,38136,10.50%
2026,23,38186,12.60%
2026,23,38230,7.80%
2026,23,38374,7.10%
2026,23,38442,11.20%
2026,23,38460,6.80%
2026,23,38606,4.90%
2026,23,38661,16.90%
2026,23,38674,17.10%
2026,23,38694,7.30%
2026,23,38792,6.20%
2026,23,38845,5.20%
2026,23,38138,3.50%
2026,23,38141,3.80%
2026,23,38319,5.10%
2026,23,38441,6.20%
2026,23,38547,10.90%
2026,23,38668,2.90%
2026,23,38841,7.00%
2026,23,38896,4.40%
2026,23,38987,7.30%
2026,23,43059,3.80%
2026,23,43068,0.70%
2026,23,38158,4.70%
2026,23,38166,3.00%
2026,23,38390,2.70%
2026,23,38400,0.30%
2026,23,38445,8.20%
2026,23,38512,19.90%
2026,23,38532,7.30%
2026,23,38751,4.70%
2026,23,38777,5.60%
2026,23,38780,4.60%
2026,23,38798,5.40%
2026,23,38810,2.00%
2026,23,38180,3.80%
2026,23,38184,8.40%
2026,23,38198,12.90%
2026,23,38533,7.40%
2026,23,38540,15.10%
2026,23,38564,16.80%
2026,23,38741,7.30%
2026,23,38765,24.70%
2026,23,38788,13.90%
2026,23,38865,13.40%
2026,23,38968,12.80%
2026,23,38196,7.40%
2026,23,38246,12.80%
2026,23,38254,19.30%
2026,23,38263,27.20%
2026,23,38336,26.00%
2026,23,38596,14.90%
2026,23,38830,6.30%
2026,23,38883,21.20%
2026,23,38898,11.00%
2026,23,38935,17.90%
2026,23,38958,22.60%
2026,23,38963,10.00%
2026,23,38981,0.00%
2026,23,43005,10.20%
2026,23,38205,9.30%
2026,23,38207,1.30%
2026,23,38371,15.80%
2026,23,38411,18.50%
2026,23,38527,6.60%
2026,23,38546,9.50%
2026,23,38651,7.70%
2026,23,38677,20.70%
2026,23,38719,20.60%
2026,23,38837,16.70%
2026,23,43111,28.40%
2026,23,43132,20.40%
2026,23,43194,4.10%
2026,23,43195,4.80%
2026,23,38248,5.20%
2026,23,38671,9.50%
2026,23,38680,9.80%
2026,23,38808,4.90%
2026,23,38816,10.00%
2026,23,38875,8.90%
2026,23,38984,13.80%
2026,23,43007,6.80%
2026,23,43019,12.40%
2026,23,43154,21.20%
2026,23,43181,21.50%
2026,23,43182,3.40%
2026,23,38258,9.80%
2026,23,38313,5.80%
2026,23,38322,4.10%
2026,23,38380,1.50%
2026,23,38545,7.50%
2026,23,38582,20.70%
2026,23,38670,4.80%
2026,23,38836,9.00%
2026,23,38869,16.30%
2026,23,38874,17.80%
2026,23,38977,3.50%
2026,23,43143,8.10%
2026,23,38122,6.10%
2026,23,38148,6.50%
2026,23,38150,7.90%
2026,23,38189,3.60%
2026,23,38225,2.80%
2026,23,38233,6.20%
2026,23,38361,13.20%
2026,23,38414,8.30%
2026,23,38438,4.60%
2026,23,38485,8.60%
2026,23,38508,9.70%
2026,23,38534,3.20%
2026,23,38578,5.10%
2026,23,38607,14.80%
2026,23,38633,5.70%
2026,23,38704,2.80%
2026,23,38747,0.60%
2026,23,38749,7.20%
2026,23,38769,7.70%
2026,23,38829,4.60%
2026,23,38847,8.70%
2026,23,38957,9.50%
2026,23,43011,13.20%
2026,23,43058,13.70%
2026,23,43147,12.40%
2026,23,38243,7.10%
2026,23,38252,9.40%
2026,23,38271,6.30%
2026,23,38274,7.10%
2026,23,38277,8.50%
2026,23,38307,5.90%
2026,23,38326,4.30%
2026,23,38383,7.40%
2026,23,38446,9.60%
2026,23,38509,8.80%
2026,23,38539,7.80%
2026,23,38664,12.10%
2026,23,38667,10.10%
2026,23,38740,4.80%
2026,23,38763,8.30%
2026,23,38778,9.10%
2026,23,38779,7.00%
2026,23,38922,7.00%
2026,23,38933,9.50%
2026,23,38948,1.60%
2026,23,38952,11.30%
2026,23,43016,17.70%
2026,23,43060,9.00%
2026,23,43106,15.50%
2026,23,43156,8.60%
2026,23,38245,9.40%
2026,23,38247,4.40%
2026,23,38251,12.30%
2026,23,38453,1.00%
2026,23,38552,2.00%
2026,23,38673,4.40%
2026,23,38884,12.80%
2026,23,38904,5.40%
2026,23,43027,21.90%
2026,23,43032,19.00%
2026,23,43089,5.80%
2026,23,38268,12.40%
2026,23,38286,19.30%
2026,23,38601,12.00%
2026,23,38642,2.50%
2026,23,38729,9.00%
2026,23,38809,1.70%
2026,23,38812,3.40%
2026,23,38832,8.00%
2026,23,38899,0.60%
2026,23,38997,8.80%
2026,23,43209,18.00%
2026,23,38262,11.40%
2026,23,38355,7.80%
2026,23,38392,8.20%
2026,23,38473,15.20%
2026,23,38506,9.60%
2026,23,38563,10.80%
2026,23,38630,4.40%
2026,23,38734,15.10%
2026,23,38891,10.90%
2026,23,38912,15.70%
2026,23,38974,15.60%
2026,23,43063,4.80%
2026,23,43185,26.00%
2026,23,38265,9.60%
2026,23,38412,2.40%
2026,23,38450,5.20%
2026,23,38737,10.60%
2026,23,38848,7.90%
2026,23,38934,6.00%
2026,23,38999,7.30%
2026,23,43076,30.50%
2026,23,43204,15.40%
2026,23,38683,13.20%
2026,23,38726,19.10%
2026,23,38743,7.10%
2026,23,38873,19.00%
2026,23,43003,8.70%
2026,23,43042,7.70%
2026,23,43096,17.10%
2026,23,38283,14.90%
2026,23,38342,18.80%
2026,23,38353,34.30%
2026,23,38524,23.60%
2026,23,38591,9.70%
2026,23,38666,9.50%
2026,23,38685,27.00%
2026,23,38693,11.60%
2026,23,38797,20.40%
2026,23,38985,15.30%
2026,23,38998,16.90%
2026,23,43110,26.00%
2026,23,43168,12.80%
2026,23,38305,3.30%
2026,23,38860,6.50%
2026,23,38895,6.80%
2026,23,43036,5.20%
2026,23,43040,9.20%
2026,23,43125,19.60%
2026,23,43149,11.10%
2026,23,43155,9.20%
2026,23,38306,2.50%
2026,23,38315,8.20%
2026,23,38520,9.00%
2026,23,38631,8.20%
2026,23,38665,0.70%
2026,23,38669,4.70%
2026,23,38689,5.50%
2026,23,38735,10.60%
2026,23,38818,5.10%
2026,23,38953,7.50%
2026,23,43050,12.10%
2026,23,43071,3.70%
2026,23,38331,3.70%
2026,23,38459,7.70%
2026,23,38565,9.10%
2026,23,38650,8.60%
2026,23,38820,3.90%
2026,23,38947,12.10%
2026,23,38959,11.10%
2026,23,43031,3.50%
2026,23,43056,7.60%
2026,23,38457,7.70%
2026,23,38492,18.30%
2026,23,38618,0.50%
2026,23,38776,10.40%
2026,23,38986,19.10%
2026,23,43161,15.50%
2026,23,38320,29.90%
2026,23,38323,6.60%
2026,23,38334,16.10%
2026,23,38350,7.20%
2026,23,38362,2.70%
2026,23,38373,5.10%
2026,23,38388,10.50%
2026,23,38518,7.90%
2026,23,38573,17.10%
2026,23,38574,22.80%
2026,23,38598,11.60%
2026,23,38609,5.80%
2026,23,38705,8.90%
2026,23,38759,9.20%
2026,23,38786,15.60%
2026,23,38826,4.90%
2026,23,38955,3.00%
2026,23,38988,12.50%
2026,23,43054,20.90%
2026,23,43088,35.80%
2026,23,43098,12.70%
2026,23,43133,11.80%
2026,23,43134,8.60%
2026,23,38250,5.60%
2026,23,38295,12.00%
2026,23,38467,5.10%
2026,23,38728,6.60%
2026,23,38757,11.90%
2026,23,38864,3.70%
2026,23,38871,11.40%
2026,23,38886,1.40%
2026,23,38916,2.80%
2026,23,38944,3.50%
2026,23,38976,3.00%
2026,23,43033,5.90%
2026,23,43180,20.00%
2026,23,38351,2.80%
2026,23,38375,5.40%
2026,23,38429,9.90%
2026,23,38511,0.90%
2026,23,38567,5.60%
2026,23,38678,5.60%
2026,23,38684,17.60%
2026,23,38716,12.50%
2026,23,38718,5.20%
2026,23,38996,4.50%
2026,23,43034,5.20%
2026,23,43164,8.60%
2026,23,43183,9.00%
2026,23,38357,1.90%
2026,23,38358,10.10%
2026,23,38790,5.00%
2026,23,38793,4.50%
2026,23,38893,16.60%
2026,23,38908,3.10%
2026,23,38939,5.30%
2026,23,43064,20.00%
2026,23,43170,3.60%
2026,23,38502,0.60%
2026,23,38594,2.00%
2026,23,38657,8.70%
2026,23,38659,2.50%
2026,23,38800,7.40%
2026,23,38801,3.20%
2026,23,38855,3.60%
2026,23,43026,3.80%
2026,23,43163,7.30%
2026,23,43169,7.00%
2026,23,38193,0.80%
2026,23,38372,4.20%
2026,23,38416,7.30%
2026,23,38499,3.10%
2026,23,38530,3.80%
2026,23,38549,2.20%
2026,23,38715,6.70%
2026,23,38951,2.80%
2026,23,43105,5.00%
2026,23,38117,16.30%
2026,23,38176,28.10%
2026,23,38197,12.40%
2026,23,38427,4.90%
2026,23,38458,3.30%
2026,23,38475,12.50%
2026,23,38561,5.70%
2026,23,38590,8.30%
2026,23,38656,12.50%
2026,23,38695,7.10%
2026,23,38770,6.60%
2026,23,38859,4.00%
2026,23,43152,10.90%
2026,23,38126,1.50%
2026,23,38179,2.10%
2026,23,38185,4.50%
2026,23,38292,8.70%
2026,23,38439,6.00%
2026,23,38452,4.10%
2026,23,38466,4.50%
2026,23,38553,1.10%
2026,23,38568,4.00%
2026,23,38799,3.40%
2026,23,38815,6.00%
2026,23,38918,8.00%
2026,23,43107,2.80%
2026,23,38178,21.10%
2026,23,38199,13.40%
2026,23,38238,6.10%
2026,23,38244,13.70%
2026,23,38276,12.60%
2026,23,38303,1.00%
2026,23,38510,8.40%
2026,23,38603,29.30%
2026,23,38739,14.20%
2026,23,38844,8.70%
2026,23,38849,5.20%
2026,23,38970,8.60%
2026,23,38333,9.90%
2026,23,38339,10.50%
2026,23,38368,4.30%
2026,23,38401,14.20%
2026,23,38456,14.60%
2026,23,38515,13.70%
2026,23,38604,8.80%
2026,23,38862,13.80%
2026,23,38894,12.10%
2026,23,43193,4.60%
2026,23,38377,14.90%
2026,23,38480,14.40%
2026,23,38559,7.90%
2026,23,38629,10.70%
2026,23,38750,0.00%
2026,23,38846,12.30%
2026,23,38882,17.30%
2026,23,43055,13.20%
2026,23,43135,12.60%
2026,23,38154,4.70%
2026,23,38221,6.90%
2026,23,38228,3.90%
2026,23,38241,2.00%
2026,23,38314,6.00%
2026,23,38324,11.50%
2026,23,38384,2.40%
2026,23,38592,14.60%
2026,23,38679,11.30%
2026,23,43030,10.70%
2026,23,43151,18.20%
2026,23,38348,4.70%
2026,23,38396,12.90%
2026,23,38410,4.80%
2026,23,38451,10.00%
2026,23,38536,6.60%
2026,23,38550,8.20%
2026,23,38649,6.90%
2026,23,38682,7.80%
2026,23,43044,13.50%
2026,23,43157,6.80%
2026,23,38255,18.50%
2026,23,38302,18.50%
2026,23,38311,15.60%
2026,23,38434,9.40%
2026,23,38714,10.90%
2026,23,38745,9.40%
2026,23,38814,6.90%
2026,23,38980,6.30%
2026,23,43092,14.10%
2026,23,43145,31.00%
2026,23,43171,13.90%
2026,23,43174,20.20%
2026,23,38300,13.20%
2026,23,38316,21.50%
2026,23,38329,12.90%
2026,23,38655,10.00%
2026,23,38758,14.30%
2026,23,38867,6.90%
2026,23,38926,1.90%
2026,23,43000,21.70%
2026,23,38318,6.10%
2026,23,38337,1.80%
2026,23,38476,4.40%
2026,23,38621,2.90%
2026,23,38707,7.70%
2026,23,38892,1.10%
2026,23,38971,4.30%
2026,23,38973,9.00%
2026,23,38321,5.70%
2026,23,38325,4.10%
2026,23,38341,8.80%
2026,23,38490,6.40%
2026,23,38708,6.30%
2026,23,38909,7.50%
2026,23,38927,3.10%
2026,23,38932,14.50%
2026,23,38960,25.00%
2026,23,38170,4.00%
2026,23,38218,14.90%
2026,23,38237,2.80%
2026,23,38249,25.50%
2026,23,38287,4.80%
2026,23,38290,11.20%
2026,23,38304,7.10%
2026,23,38330,21.50%
2026,23,38905,2.30%
2026,23,38978,6.10%
2026,23,38431,9.90%
2026,23,38529,9.00%
2026,23,38811,15.30%
2026,23,38903,8.00%
2026,23,38924,14.80%
2026,23,38930,9.90%
2026,23,38937,10.40%
2026,23,38965,2.10%
2026,23,38992,10.50%
2026,23,38995,9.10%
2026,23,38123,8.20%
2026,23,38155,9.60%
2026,23,38203,3.20%
2026,23,38234,8.00%
2026,23,38376,5.20%
2026,23,38463,6.50%
2026,23,38487,1.50%
2026,23,38497,12.00%
2026,23,38762,11.10%
2026,23,38785,5.80%
2026,23,43123,12.70%
2026,23,38201,4.10%
2026,23,38223,4.80%
2026,23,38224,6.20%
2026,23,38584,5.80%
2026,23,38742,13.10%
2026,23,38907,8.60%
2026,23,38278,7.40%
2026,23,38282,2.60%
2026,23,38310,14.40%
2026,23,38531,17.70%
2026,23,38537,8.70%
2026,23,38870,10.90%
2026,23,38920,7.60%
2026,23,43018,8.50%
2026,23,38161,
2026,23,38165,
2026,23,38171,
2026,23,38182,
2026,23,38206,
2026,23,38215,
2026,23,38231,
2026,23,38297,
2026,23,38299,
2026,23,38395,
2026,23,38521,
2026,23,38576,
2026,23,38608,
2026,23,38626,
2026,23,38641,
2026,23,38767,
2026,23,38775,
2026,23,38795,
2026,23,38796,
2026,23,38803,
2026,23,38853,
2026,23,38877,
2026,23,38885,
2026,23,38900,
2026,23,38901,
2026,23,38906,
2026,23,38910,
2026,23,38911,
2026,23,38929,
2026,23,38943,
2026,23,43038,
2026,23,43082,
2026,23,43083,
2026,23,43162,
2026,24,38209,3.70%
2026,24,38317,6.30%
2026,24,38489,8.60%
2026,24,38589,6.30%
2026,24,38843,10.60%
2026,24,38872,19.20%
2026,24,38950,9.90%
2026,24,38989,13.40%
2026,24,43029,31.40%
2026,24,38101,2.40%
2026,24,38240,1.30%
2026,24,38272,1.20%
2026,24,38285,2.10%
2026,24,38291,0.70%
2026,24,38389,5.30%
2026,24,38404,2.60%
2026,24,38422,3.20%
2026,24,38433,2.80%
2026,24,38555,4.80%
2026,24,38613,14.30%
2026,24,38654,11.10%
2026,24,38681,5.10%
2026,24,43188,15.30%
2026,24,38183,6.50%
2026,24,38387,9.00%
2026,24,38577,2.40%
2026,24,38721,9.20%
2026,24,38732,4.20%
2026,24,38736,4.60%
2026,24,38813,2.10%
2026,24,38821,3.70%
2026,24,38857,25.10%
2026,24,43008,13.70%
2026,24,43124,15.20%
2026,24,38344,7.40%
2026,24,38635,5.40%
2026,24,38109,9.90%
2026,24,38173,3.00%
2026,24,38312,5.30%
2026,24,38378,8.20%
2026,24,38423,0.50%
2026,24,38432,10.90%
2026,24,38440,3.50%
2026,24,38483,5.20%
2026,24,38498,2.70%
2026,24,38504,6.70%
2026,24,38554,0.10%
2026,24,38556,2.80%
2026,24,38558,11.00%
2026,24,38602,7.40%
2026,24,38658,4.50%
2026,24,38752,4.60%
2026,24,38850,3.60%
2026,24,38113,9.70%
2026,24,38139,10.00%
2026,24,38152,16.80%
2026,24,38208,13.30%
2026,24,38239,7.70%
2026,24,38365,7.00%
2026,24,38417,10.90%
2026,24,38430,4.10%
2026,24,38484,10.10%
2026,24,38585,9.20%
2026,24,38620,7.90%
2026,24,38663,16.20%
2026,24,43025,4.00%
2026,24,38111,4.20%
2026,24,38118,5.70%
2026,24,38194,2.50%
2026,24,38219,3.50%
2026,24,38349,12.30%
2026,24,38399,4.10%
2026,24,38405,4.60%
2026,24,38470,8.30%
2026,24,38557,5.70%
2026,24,38581,0.70%
2026,24,38600,0.10%
2026,24,38612,4.00%
2026,24,38676,4.20%
2026,24,38982,8.80%
2026,24,43045,9.00%
2026,24,38107,7.30%
2026,24,38116,6.40%
2026,24,38124,6.20%
2026,24,38129,5.40%
2026,24,38169,5.70%
2026,24,38398,12.30%
2026,24,38428,11.60%
2026,24,38447,1.00%
2026,24,38544,3.90%
2026,24,38571,5.00%
2026,24,38580,6.30%
2026,24,38615,6.00%
2026,24,38691,8.30%
2026,24,43159,4.10%
2026,24,38226,13.30%
2026,24,38279,0.80%
2026,24,38289,1.20%
2026,24,38418,3.50%
2026,24,38419,3.00%
2026,24,38468,4.40%
2026,24,38477,3.80%
2026,24,38496,4.80%
2026,24,38611,9.50%
2026,24,38645,14.90%
2026,24,38725,17.40%
2026,24,43070,8.70%
2026,24,38131,6.50%
2026,24,38172,3.70%
2026,24,38402,4.90%
2026,24,38406,1.90%
2026,24,38543,5.10%
2026,24,38560,1.50%
2026,24,38605,8.10%
2026,24,38625,6.80%
2026,24,38771,0.80%
2026,24,38784,3.30%
2026,24,38791,0.40%
2026,24,38806,10.50%
2026,24,38866,1.50%
2026,24,38133,16.20%
2026,24,38190,6.20%
2026,24,38192,8.80%
2026,24,38280,11.70%
2026,24,38634,6.80%
2026,24,38638,6.60%
2026,24,38804,4.80%
2026,24,38949,5.30%
2026,24,43069,18.10%
2026,24,43074,25.30%
2026,24,43166,8.90%
2026,24,38146,12.80%
2026,24,38157,4.80%
2026,24,38519,7.20%
2026,24,38698,4.70%
2026,24,38761,4.30%
2026,24,38768,7.20%
2026,24,38819,6.60%
2026,24,38831,8.10%
2026,24,38840,9.10%
2026,24,38897,6.90%
2026,24,43009,11.40%
2026,24,38114,11.00%
2026,24,38360,12.80%
2026,24,38367,6.90%
2026,24,38379,1.40%
2026,24,38393,9.20%
2026,24,38469,4.80%
2026,24,38471,7.60%
2026,24,38472,16.60%
2026,24,38494,12.70%
2026,24,38637,5.10%
2026,24,38817,4.10%
2026,24,38964,2.90%
2026,24,38164,11.70%
2026,24,38222,11.80%
2026,24,38264,11.50%
2026,24,38599,17.80%
2026,24,38690,14.50%
2026,24,38731,10.40%
2026,24,38756,2.40%
2026,24,38787,5.00%
2026,24,38942,16.80%
2026,24,43100,8.40%
2026,24,38204,18.70%
2026,24,38359,10.60%
2026,24,38876,20.20%
2026,24,38917,7.90%
2026,24,43021,32.80%
2026,24,38217,27.40%
2026,24,38257,16.40%
2026,24,38259,10.90%
2026,24,38516,10.40%
2026,24,38586,4.90%
2026,24,38610,7.90%
2026,24,38993,25.60%
2026,24,43086,35.70%
2026,24,43146,12.10%
2026,24,38211,15.40%
2026,24,38212,7.40%
2026,24,38214,14.10%
2026,24,38354,22.80%
2026,24,38370,13.00%
2026,24,38639,20.90%
2026,24,38711,34.20%
2026,24,38723,12.70%
2026,24,38889,11.10%
2026,24,38972,33.50%
2026,24,38990,26.50%
2026,24,43001,14.70%
2026,24,38134,7.50%
2026,24,38260,4.40%
2026,24,38340,6.70%
2026,24,38464,17.50%
2026,24,38482,8.60%
2026,24,38501,8.40%
2026,24,38513,3.50%
2026,24,38526,4.40%
2026,24,38569,5.00%
2026,24,38570,2.30%
2026,24,38579,10.20%
2026,24,38619,9.80%
2026,24,38888,3.40%
2026,24,38941,4.10%
2026,24,38296,8.00%
2026,24,38328,16.80%
2026,24,38435,6.80%
2026,24,38488,13.40%
2026,24,38712,11.30%
2026,24,38744,15.00%
2026,24,38805,6.10%
2026,24,38828,14.30%
2026,24,38928,10.00%
2026,24,38975,15.00%
2026,24,43186,19.50%
2026,24,38408,13.10%
2026,24,38525,17.40%
2026,24,38738,12.80%
2026,24,38781,5.90%
2026,24,38839,9.60%
2026,24,38946,18.00%
2026,24,38966,14.30%
2026,24,38967,24.60%
2026,24,38267,29.90%
2026,24,38503,6.70%
2026,24,38760,9.60%
2026,24,38825,15.60%
2026,24,38842,33.60%
2026,24,38919,9.10%
2026,24,38923,22.00%
2026,24,38979,13.80%
2026,24,38991,10.10%
2026,24,43190,23.40%
2026,24,38273,6.70%
2026,24,38275,0.90%
2026,24,38335,9.50%
2026,24,38454,1.10%
2026,24,38593,5.00%
2026,24,38887,2.80%
2026,24,38921,0.40%
2026,24,38956,6.70%
2026,24,38983,6.10%
2026,24,43114,6.00%
2026,24,43115,13.50%
2026,24,43138,5.20%
2026,24,38436,2.60%
2026,24,38491,3.00%
2026,24,38782,3.50%
2026,24,38890,2.30%
2026,24,43010,6.70%
2026,24,43113,14.00%
2026,24,43150,17.50%
2026,24,38236,15.20%
2026,24,38309,5.60%
2026,24,38397,10.30%
2026,24,38413,9.50%
2026,24,38566,7.20%
2026,24,38614,18.80%
2026,24,38636,7.90%
2026,24,38648,9.80%
2026,24,38696,2.40%
2026,24,38838,12.00%
2026,24,43118,8.40%
2026,24,43137,7.80%
2026,24,38159,13.60%
2026,24,38338,22.90%
2026,24,38345,12.00%
2026,24,38479,13.10%
2026,24,38647,35.20%
2026,24,38868,5.80%
2026,24,38881,7.60%
2026,24,38931,14.60%
2026,24,38938,12.20%
2026,24,38969,9.30%
2026,24,38137,9.20%
2026,24,38143,9.70%
2026,24,38144,6.80%
2026,24,38153,11.70%
2026,24,38195,5.40%
2026,24,38229,15.50%
2026,24,38624,2.90%
2026,24,38640,12.10%
2026,24,38660,6.30%
2026,24,38994,6.20%
2026,24,43172,5.00%
2026,24,38210,2.90%
2026,24,38242,8.00%
2026,24,38288,6.20%
2026,24,38346,8.30%
2026,24,38381,5.80%
2026,24,38517,6.00%
2026,24,38523,13.40%
2026,24,38713,16.80%
2026,24,38863,1.90%
2026,24,38879,3.30%
2026,24,38162,11.90%
2026,24,38177,9.30%
2026,24,38213,8.00%
2026,24,38332,3.50%
2026,24,38352,7.20%
2026,24,38356,4.30%
2026,24,38449,6.50%
2026,24,38542,17.80%
2026,24,38575,17.20%
2026,24,38588,9.30%
2026,24,38861,6.90%
2026,24,43046,10.20%
2026,24,43051,19.80%
2026,24,43160,5.60%
2026,24,38409,14.60%
2026,24,38448,14.90%
2026,24,38486,11.40%
2026,24,38551,7.10%
2026,24,38583,9.50%
2026,24,38675,9.70%
2026,24,38702,13.20%
2026,24,38703,10.80%
2026,24,43057,11.90%
2026,24,43084,12.10%
2026,24,43148,14.60%
2026,24,38147,8.10%
2026,24,38163,20.80%
2026,24,38174,5.60%
2026,24,38407,11.20%
2026,24,38672,6.50%
2026,24,38699,7.50%
2026,24,38700,6.30%
2026,24,38733,6.70%
2026,24,38753,7.50%
2026,24,38754,6.90%
2026,24,43047,21.80%
2026,24,43129,1.20%
2026,24,38121,10.00%
2026,24,38366,7.90%
2026,24,38386,5.70%
2026,24,38461,12.90%
2026,24,38538,9.30%
2026,24,38644,2.20%
2026,24,38709,15.50%
2026,24,38722,10.60%
2026,24,38727,4.40%
2026,24,38773,2.40%
2026,24,43041,9.20%
2026,24,38103,9.70%
2026,24,38104,8.10%
2026,24,38106,4.80%
2026,24,38112,19.60%
2026,24,38188,2.90%
2026,24,38227,2.00%
2026,24,38617,15.10%
2026,24,38646,16.80%
2026,24,38692,11.90%
2026,24,38730,6.80%
2026,24,38746,3.40%
2026,24,38954,9.90%
2026,24,43142,8.70%
2026,24,38115,9.70%
2026,24,38119,12.80%
2026,24,38142,10.60%
2026,24,38149,12.00%
2026,24,38266,20.30%
2026,24,38270,12.40%
2026,24,38363,11.30%
2026,24,38394,10.90%
2026,24,38507,18.20%
2026,24,38535,10.70%
2026,24,38925,7.90%
2026,24,43043,10.10%
2026,24,43130,8.40%
2026,24,38108,6.00%
2026,24,38110,1.70%
2026,24,38128,0.70%
2026,24,38187,3.10%
2026,24,38191,3.00%
2026,24,38220,9.00%
2026,24,38382,0.20%
2026,24,38415,3.20%
2026,24,38481,1.80%
2026,24,38522,6.90%
2026,24,38541,5.10%
2026,24,38597,6.10%
2026,24,38627,1.90%
2026,24,38136,6.50%
2026,24,38186,14.40%
2026,24,38230,7.60%
2026,24,38374,7.90%
2026,24,38442,9.90%
2026,24,38460,7.40%
2026,24,38606,4.90%
2026,24,38661,14.20%
2026,24,38674,13.90%
2026,24,38694,7.00%
2026,24,38792,9.10%
2026,24,38845,8.10%
2026,24,38138,3.40%
2026,24,38141,4.60%
2026,24,38319,6.30%
2026,24,38441,6.30%
2026,24,38547,10.20%
2026,24,38668,3.10%
2026,24,38841,2.80%
2026,24,38896,12.50%
2026,24,38987,7.20%
2026,24,43059,5.30%
2026,24,43068,0.60%
2026,24,38158,4.90%
2026,24,38166,6.60%
2026,24,38390,2.20%
2026,24,38400,0.20%
2026,24,38445,10.00%
2026,24,38512,22.00%
2026,24,38532,9.20%
2026,24,38751,6.40%
2026,24,38755,0.10%
2026,24,38777,5.90%
2026,24,38780,5.80%
2026,24,38798,5.60%
2026,24,38810,4.30%
2026,24,38180,4.30%
2026,24,38184,8.50%
2026,24,38198,11.90%
2026,24,38533,10.80%
2026,24,38540,10.30%
2026,24,38564,14.80%
2026,24,38741,6.00%
2026,24,38765,19.30%
2026,24,38788,5.60%
2026,24,38865,13.00%
2026,24,38968,13.90%
2026,24,38196,8.30%
2026,24,38246,12.50%
2026,24,38254,25.00%
2026,24,38263,29.50%
2026,24,38336,31.40%
2026,24,38596,19.40%
2026,24,38830,1.50%
2026,24,38883,17.60%
2026,24,38898,8.10%
2026,24,38935,13.50%
2026,24,38958,19.20%
2026,24,38963,10.10%
2026,24,38981,0.20%
2026,24,43005,18.30%
2026,24,38205,8.80%
2026,24,38207,2.10%
2026,24,38371,20.40%
2026,24,38411,23.60%
2026,24,38527,7.50%
2026,24,38546,12.40%
2026,24,38651,6.80%
2026,24,38677,22.80%
2026,24,38719,16.70%
2026,24,38837,21.20%
2026,24,43111,27.30%
2026,24,43132,21.90%
2026,24,43194,4.80%
2026,24,43195,4.50%
2026,24,38248,7.40%
2026,24,38671,8.50%
2026,24,38680,8.20%
2026,24,38808,7.40%
2026,24,38816,11.70%
2026,24,38875,10.60%
2026,24,38984,11.50%
2026,24,43007,7.20%
2026,24,43019,9.70%
2026,24,43154,17.80%
2026,24,43181,20.60%
2026,24,43182,7.80%
2026,24,38258,7.40%
2026,24,38313,8.60%
2026,24,38322,4.30%
2026,24,38380,1.70%
2026,24,38545,5.30%
2026,24,38582,14.80%
2026,24,38670,10.40%
2026,24,38836,7.30%
2026,24,38869,13.30%
2026,24,38874,23.90%
2026,24,38977,2.60%
2026,24,43143,5.80%
2026,24,38122,3.90%
2026,24,38148,5.80%
2026,24,38150,8.70%
2026,24,38189,3.10%
2026,24,38225,1.40%
2026,24,38233,7.00%
2026,24,38361,13.70%
2026,24,38414,6.70%
2026,24,38438,4.30%
2026,24,38485,8.90%
2026,24,38508,11.00%
2026,24,38534,1.40%
2026,24,38578,3.20%
2026,24,38607,19.90%
2026,24,38633,4.50%
2026,24,38704,1.00%
2026,24,38747,0.50%
2026,24,38749,4.60%
2026,24,38769,8.40%
2026,24,38829,5.30%
2026,24,38847,13.40%
2026,24,38957,8.80%
2026,24,43011,9.50%
2026,24,43058,11.10%
2026,24,43147,11.90%
2026,24,38243,10.00%
2026,24,38252,8.60%
2026,24,38271,9.70%
2026,24,38274,7.00%
2026,24,38277,5.80%
2026,24,38307,4.20%
2026,24,38326,1.10%
2026,24,38383,8.50%
2026,24,38446,2.40%
2026,24,38509,9.20%
2026,24,38539,10.20%
2026,24,38664,14.00%
2026,24,38667,10.90%
2026,24,38740,5.00%
2026,24,38763,6.00%
2026,24,38778,5.70%
2026,24,38779,1.70%
2026,24,38922,5.80%
2026,24,38933,7.20%
2026,24,38948,2.70%
2026,24,38952,12.20%
2026,24,43016,16.50%
2026,24,43060,6.70%
2026,24,43106,21.10%
2026,24,43156,9.80%
2026,24,38245,12.50%
2026,24,38247,5.40%
2026,24,38251,13.10%
2026,24,38453,5.00%
2026,24,38552,4.70%
2026,24,38673,3.90%
2026,24,38884,14.70%
2026,24,38904,7.10%
2026,24,43027,24.00%
2026,24,43032,19.70%
2026,24,43089,7.90%
2026,24,38268,12.00%
2026,24,38286,15.80%
2026,24,38601,10.50%
2026,24,38642,3.00%
2026,24,38729,6.60%
2026,24,38809,3.50%
2026,24,38812,2.80%
2026,24,38832,6.70%
2026,24,38899,0.60%
2026,24,38997,10.20%
2026,24,43209,15.70%
2026,24,38262,11.90%
2026,24,38355,7.40%
2026,24,38392,10.30%
2026,24,38473,13.30%
2026,24,38506,8.60%
2026,24,38563,13.50%
2026,24,38630,3.60%
2026,24,38734,13.30%
2026,24,38891,11.60%
2026,24,38912,14.30%
2026,24,38974,11.50%
2026,24,43063,7.40%
2026,24,43185,29.60%
2026,24,38265,8.10%
2026,24,38412,1.10%
2026,24,38450,6.80%
2026,24,38737,7.00%
2026,24,38848,5.70%
2026,24,38934,8.20%
2026,24,38999,5.30%
2026,24,43076,28.50%
2026,24,43204,12.20%
2026,24,38683,10.90%
2026,24,38726,12.10%
2026,24,38743,8.80%
2026,24,38873,25.10%
2026,24,43003,6.10%
2026,24,43042,8.20%
2026,24,43096,15.60%
2026,24,38283,15.50%
2026,24,38342,14.50%
2026,24,38353,39.00%
2026,24,38524,18.70%
2026,24,38591,9.40%
2026,24,38666,6.40%
2026,24,38685,28.30%
2026,24,38693,8.90%
2026,24,38797,12.00%
2026,24,38985,10.50%
2026,24,38998,13.20%
2026,24,43110,26.70%
2026,24,43168,12.30%
2026,24,38305,1.40%
2026,24,38860,6.30%
2026,24,38895,5.80%
2026,24,43036,5.30%
2026,24,43040,9.50%
2026,24,43125,16.90%
2026,24,43149,8.90%
2026,24,43155,8.60%
2026,24,38306,3.00%
2026,24,38315,8.20%
2026,24,38520,10.10%
2026,24,38631,8.40%
2026,24,38665,1.00%
2026,24,38669,5.10%
2026,24,38689,4.80%
2026,24,38735,8.30%
2026,24,38818,5.40%
2026,24,38953,3.10%
2026,24,43050,8.50%
2026,24,43071,4.60%
2026,24,38331,3.10%
2026,24,38459,6.20%
2026,24,38565,8.80%
2026,24,38650,2.50%
2026,24,38820,2.70%
2026,24,38947,10.80%
2026,24,38959,10.00%
2026,24,43031,2.80%
2026,24,43056,7.50%
2026,24,43093,8.80%
2026,24,38457,6.10%
2026,24,38492,6.30%
2026,24,38776,14.20%
2026,24,38986,24.10%
2026,24,43161,25.80%
2026,24,38320,25.00%
2026,24,38323,6.90%
2026,24,38334,9.90%
2026,24,38350,7.50%
2026,24,38373,7.40%
2026,24,38388,8.40%
2026,24,38518,8.10%
2026,24,38573,18.80%
2026,24,38574,19.90%
2026,24,38598,9.80%
2026,24,38609,5.50%
2026,24,38705,9.20%
2026,24,38759,14.20%
2026,24,38786,14.60%
2026,24,38826,5.70%
2026,24,38955,3.70%
2026,24,38988,11.90%
2026,24,43054,27.70%
2026,24,43088,30.70%
2026,24,43098,12.40%
2026,24,43133,13.30%
2026,24,43134,7.50%
2026,24,38250,4.10%
2026,24,38295,10.80%
2026,24,38467,4.90%
2026,24,38728,4.70%
2026,24,38757,10.40%
2026,24,38864,3.80%
2026,24,38871,7.60%
2026,24,38886,6.10%
2026,24,38916,3.60%
2026,24,38944,4.10%
2026,24,38976,4.00%
2026,24,43033,4.60%
2026,24,43180,26.50%
2026,24,38351,5.60%
2026,24,38375,3.20%
2026,24,38429,9.10%
2026,24,38511,1.40%
2026,24,38567,5.50%
2026,24,38678,6.80%
2026,24,38684,15.90%
2026,24,38716,9.90%
2026,24,38718,8.30%
2026,24,38996,5.10%
2026,24,43034,8.40%
2026,24,43164,8.10%
2026,24,43183,6.40%
2026,24,38357,2.90%
2026,24,38358,7.80%
2026,24,38790,4.00%
2026,24,38793,8.10%
2026,24,38893,15.00%
2026,24,38908,3.90%
2026,24,38939,5.40%
2026,24,43170,4.90%
2026,24,38502,0.70%
2026,24,38594,3.90%
2026,24,38657,9.20%
2026,24,38659,1.20%
2026,24,38800,22.90%
2026,24,38801,3.50%
2026,24,38855,3.60%
2026,24,43026,4.00%
2026,24,43163,7.50%
2026,24,43169,7.40%
2026,24,38193,0.40%
2026,24,38372,3.50%
2026,24,38416,9.70%
2026,24,38499,3.70%
2026,24,38530,3.10%
2026,24,38549,2.10%
2026,24,38715,9.70%
2026,24,38764,0.30%
2026,24,38951,4.00%
2026,24,43105,5.20%
2026,24,38117,18.90%
2026,24,38176,26.70%
2026,24,38197,12.20%
2026,24,38427,4.70%
2026,24,38458,3.70%
2026,24,38475,14.00%
2026,24,38561,5.50%
2026,24,38590,8.70%
2026,24,38656,10.70%
2026,24,38695,7.00%
2026,24,38770,4.80%
2026,24,38859,3.40%
2026,24,43152,9.20%
2026,24,38126,3.20%
2026,24,38179,2.90%
2026,24,38185,6.70%
2026,24,38292,11.00%
2026,24,38439,5.00%
2026,24,38452,6.40%
2026,24,38466,4.20%
2026,24,38553,0.40%
2026,24,38568,4.80%
2026,24,38799,4.50%
2026,24,38815,5.90%
2026,24,38918,6.70%
2026,24,43107,4.10%
2026,24,38178,1.20%
2026,24,38199,14.90%
2026,24,38238,2.10%
2026,24,38244,10.20%
2026,24,38276,10.30%
2026,24,38303,1.80%
2026,24,38510,10.20%
2026,24,38603,19.00%
2026,24,38739,5.40%
2026,24,38844,11.00%
2026,24,38849,3.70%
2026,24,38970,5.20%
2026,24,38333,13.30%
2026,24,38339,12.50%
2026,24,38368,6.90%
2026,24,38401,18.30%
2026,24,38456,18.40%
2026,24,38515,13.30%
2026,24,38604,9.00%
2026,24,38862,13.10%
2026,24,38894,11.70%
2026,24,43193,5.10%
2026,24,38377,11.90%
2026,24,38480,12.30%
2026,24,38559,5.90%
2026,24,38629,10.20%
2026,24,38846,11.60%
2026,24,38882,17.20%
2026,24,43055,13.80%
2026,24,43135,13.80%
2026,24,38154,4.10%
2026,24,38221,6.10%
2026,24,38228,4.10%
2026,24,38241,2.80%
2026,24,38314,10.00%
2026,24,38324,9.70%
2026,24,38384,1.20%
2026,24,38592,12.20%
2026,24,38679,9.70%
2026,24,43030,9.10%
2026,24,43151,16.00%
2026,24,38348,5.10%
2026,24,38396,10.50%
2026,24,38410,5.90%
2026,24,38451,15.80%
2026,24,38536,6.60%
2026,24,38550,5.80%
2026,24,38649,6.40%
2026,24,38682,9.80%
2026,24,43044,19.80%
2026,24,43157,8.50%
2026,24,38255,17.80%
2026,24,38302,17.40%
2026,24,38311,15.80%
2026,24,38434,9.40%
2026,24,38714,12.40%
2026,24,38745,11.70%
2026,24,38814,9.00%
2026,24,38980,5.10%
2026,24,43092,11.10%
2026,24,43145,24.10%
2026,24,43171,15.90%
2026,24,43174,21.90%
2026,24,38300,12.20%
2026,24,38316,17.00%
2026,24,38329,8.70%
2026,24,38655,8.80%
2026,24,38758,10.90%
2026,24,38867,11.50%
2026,24,38926,1.40%
2026,24,43000,17.50%
2026,24,38318,8.70%
2026,24,38337,2.60%
2026,24,38476,3.90%
2026,24,38621,2.30%
2026,24,38707,8.00%
2026,24,38892,1.00%
2026,24,38971,3.30%
2026,24,38973,9.60%
2026,24,38321,3.50%
2026,24,38325,2.60%
2026,24,38341,9.60%
2026,24,38490,3.50%
2026,24,38708,5.20%
2026,24,38909,13.20%
2026,24,38927,1.50%
2026,24,38932,11.30%
2026,24,38960,26.50%
2026,24,38170,4.60%
2026,24,38218,11.30%
2026,24,38237,3.50%
2026,24,38249,22.50%
2026,24,38287,3.40%
2026,24,38290,7.30%
2026,24,38304,6.50%
2026,24,38330,23.30%
2026,24,38905,2.00%
2026,24,38978,6.50%
2026,24,38431,17.70%
2026,24,38529,12.40%
2026,24,38811,13.70%
2026,24,38903,9.40%
2026,24,38924,17.80%
2026,24,38930,8.70%
2026,24,38937,10.60%
2026,24,38965,2.10%
2026,24,38992,12.00%
2026,24,38995,11.50%
2026,24,38123,9.30%
2026,24,38155,7.70%
2026,24,38203,3.40%
2026,24,38234,5.40%
2026,24,38376,6.60%
2026,24,38463,7.80%
2026,24,38465,1.50%
2026,24,38487,1.40%
2026,24,38497,14.40%
2026,24,38762,4.90%
2026,24,38785,5.30%
2026,24,43123,11.60%
2026,24,38201,12.10%
2026,24,38223,4.70%
2026,24,38224,5.70%
2026,24,38584,4.60%
2026,24,38742,10.20%
2026,24,38907,9.40%
2026,24,38278,7.60%
2026,24,38282,2.50%
2026,24,38310,12.00%
2026,24,38531,8.40%
2026,24,38537,6.80%
2026,24,38870,10.00%
2026,24,38920,7.80%
2026,24,43018,5.40%
2026,24,38161,
2026,24,38165,
2026,24,38167,
2026,24,38182,
2026,24,38206,
2026,24,38215,
2026,24,38297,
2026,24,38298,
2026,24,38299,
2026,24,38395,
2026,24,38420,
2026,24,38478,
2026,24,38688,
2026,24,38789,
2026,24,38795,
2026,24,38796,
2026,24,38803,
2026,24,38834,
2026,24,38853,
2026,24,38877,
2026,24,38885,
2026,24,38900,
2026,24,38901,
2026,24,38906,
2026,24,38910,
2026,24,38911,
2026,24,38913,
2026,24,38929,
2026,24,38943,
2026,24,43082,
2026,24,43083,
2026,24,43162,
2026,25,38209,4.00%
2026,25,38317,6.00%
2026,25,38489,8.10%
2026,25,38589,6.00%
2026,25,38843,7.80%
2026,25,38872,23.70%
2026,25,38950,8.80%
2026,25,38989,13.80%
2026,25,43029,21.90%
2026,25,38101,1.40%
2026,25,38240,1.50%
2026,25,38272,2.40%
2026,25,38285,1.40%
2026,25,38291,0.30%
2026,25,38389,3.60%
2026,25,38404,3.30%
2026,25,38422,3.00%
2026,25,38433,3.00%
2026,25,38555,4.30%
2026,25,38613,14.40%
2026,25,38654,12.10%
2026,25,38681,4.80%
2026,25,43188,14.80%
2026,25,38183,5.30%
2026,25,38387,11.60%
2026,25,38577,2.70%
2026,25,38721,8.70%
2026,25,38732,4.00%
2026,25,38736,4.50%
2026,25,38813,2.10%
2026,25,38821,3.10%
2026,25,38857,22.10%
2026,25,43008,14.10%
2026,25,43124,14.50%
2026,25,38344,8.10%
2026,25,38635,6.60%
2026,25,38858,0.10%
2026,25,38109,11.30%
2026,25,38173,3.40%
2026,25,38312,4.80%
2026,25,38378,6.70%
2026,25,38423,0.60%
2026,25,38432,11.60%
2026,25,38440,6.30%
2026,25,38483,4.90%
2026,25,38498,2.60%
2026,25,38504,5.00%
2026,25,38554,0.10%
2026,25,38556,2.40%
2026,25,38558,11.00%
2026,25,38602,5.50%
2026,25,38658,3.20%
2026,25,38752,5.50%
2026,25,38850,3.40%
2026,25,38113,12.40%
2026,25,38139,9.30%
2026,25,38152,14.30%
2026,25,38208,13.80%
2026,25,38239,10.60%
2026,25,38365,6.60%
2026,25,38417,9.90%
2026,25,38430,4.70%
2026,25,38484,12.10%
2026,25,38585,9.90%
2026,25,38620,6.30%
2026,25,38663,15.90%
2026,25,43025,4.60%
2026,25,38111,4.60%
2026,25,38118,7.40%
2026,25,38194,3.40%
2026,25,38219,3.10%
2026,25,38349,12.00%
2026,25,38399,4.60%
2026,25,38405,4.80%
2026,25,38470,8.10%
2026,25,38557,4.80%
2026,25,38581,1.30%
2026,25,38600,0.00%
2026,25,38612,5.00%
2026,25,38676,3.90%
2026,25,38982,10.60%
2026,25,43045,6.70%
2026,25,38107,7.00%
2026,25,38116,8.10%
2026,25,38124,7.50%
2026,25,38129,4.20%
2026,25,38169,10.40%
2026,25,38398,11.10%
2026,25,38428,14.50%
2026,25,38447,1.70%
2026,25,38544,5.60%
2026,25,38571,6.30%
2026,25,38580,5.30%
2026,25,38615,12.30%
2026,25,38691,6.70%
2026,25,43159,4.90%
2026,25,38226,8.20%
2026,25,38279,0.50%
2026,25,38289,1.00%
2026,25,38418,3.40%
2026,25,38419,2.50%
2026,25,38468,6.60%
2026,25,38477,4.80%
2026,25,38496,6.20%
2026,25,38611,9.70%
2026,25,38645,1.20%
2026,25,38725,14.30%
2026,25,43070,13.90%
2026,25,38131,6.10%
2026,25,38172,3.00%
2026,25,38402,3.80%
2026,25,38406,2.70%
2026,25,38543,3.90%
2026,25,38560,2.00%
2026,25,38605,5.00%
2026,25,38625,6.20%
2026,25,38771,0.70%
2026,25,38784,3.90%
2026,25,38791,0.10%
2026,25,38806,9.00%
2026,25,38866,1.20%
2026,25,38133,16.50%
2026,25,38190,5.00%
2026,25,38192,9.20%
2026,25,38280,11.20%
2026,25,38634,10.50%
2026,25,38638,8.40%
2026,25,38804,4.10%
2026,25,38949,6.80%
2026,25,43069,17.80%
2026,25,43074,31.20%
2026,25,43166,10.20%
2026,25,38146,9.40%
2026,25,38157,4.90%
2026,25,38444,0.00%
2026,25,38519,8.40%
2026,25,38698,3.30%
2026,25,38761,4.60%
2026,25,38768,16.30%
2026,25,38819,10.10%
2026,25,38831,8.60%
2026,25,38840,9.90%
2026,25,38897,6.90%
2026,25,43009,7.80%
2026,25,38114,8.10%
2026,25,38360,10.00%
2026,25,38367,9.30%
2026,25,38379,1.70%
2026,25,38393,10.10%
2026,25,38469,5.50%
2026,25,38471,5.70%
2026,25,38472,24.10%
2026,25,38494,10.30%
2026,25,38637,6.60%
2026,25,38817,6.10%
2026,25,38964,6.20%
2026,25,38164,9.40%
2026,25,38222,9.80%
2026,25,38264,7.60%
2026,25,38599,13.20%
2026,25,38690,13.00%
2026,25,38731,14.60%
2026,25,38756,1.60%
2026,25,38787,4.50%
2026,25,38942,18.70%
2026,25,43100,7.20%
2026,25,38204,12.10%
2026,25,38359,11.50%
2026,25,38876,18.40%
2026,25,38917,8.10%
2026,25,43021,31.60%
2026,25,38217,26.70%
2026,25,38257,17.40%
2026,25,38259,14.10%
2026,25,38516,5.60%
2026,25,38586,4.10%
2026,25,38610,7.20%
2026,25,38993,23.30%
2026,25,43086,30.90%
2026,25,43146,14.90%
2026,25,38211,14.50%
2026,25,38212,7.80%
2026,25,38214,14.10%
2026,25,38354,25.40%
2026,25,38370,11.60%
2026,25,38639,20.70%
2026,25,38711,26.10%
2026,25,38723,15.80%
2026,25,38889,13.50%
2026,25,38972,35.60%
2026,25,38990,25.30%
2026,25,43001,15.10%
2026,25,38134,7.30%
2026,25,38260,2.00%
2026,25,38340,6.90%
2026,25,38464,23.30%
2026,25,38482,8.90%
2026,25,38501,9.00%
2026,25,38513,2.40%
2026,25,38526,4.90%
2026,25,38569,7.20%
2026,25,38570,3.50%
2026,25,38579,12.10%
2026,25,38619,13.40%
2026,25,38888,2.20%
2026,25,38941,4.00%
2026,25,38296,7.40%
2026,25,38328,17.30%
2026,25,38435,11.70%
2026,25,38488,11.70%
2026,25,38712,11.10%
2026,25,38744,11.00%
2026,25,38805,5.00%
2026,25,38828,19.80%
2026,25,38928,10.60%
2026,25,38975,20.70%
2026,25,43186,23.60%
2026,25,38408,11.30%
2026,25,38525,17.90%
2026,25,38738,10.90%
2026,25,38781,5.50%
2026,25,38839,13.70%
2026,25,38946,16.70%
2026,25,38966,7.80%
2026,25,38967,19.60%
2026,25,38267,32.60%
2026,25,38503,6.90%
2026,25,38760,9.30%
2026,25,38825,9.90%
2026,25,38842,28.00%
2026,25,38919,12.10%
2026,25,38923,27.90%
2026,25,38979,10.10%
2026,25,38991,6.70%
2026,25,43190,21.90%
2026,25,38273,5.20%
2026,25,38275,0.80%
2026,25,38335,7.60%
2026,25,38454,0.90%
2026,25,38593,3.50%
2026,25,38887,3.20%
2026,25,38921,0.40%
2026,25,38956,6.20%
2026,25,38983,7.90%
2026,25,43114,3.20%
2026,25,43115,21.70%
2026,25,43138,10.10%
2026,25,38436,2.50%
2026,25,38491,3.80%
2026,25,38782,4.20%
2026,25,38890,2.30%
2026,25,43010,2.10%
2026,25,43113,14.00%
2026,25,43150,14.80%
2026,25,38236,14.80%
2026,25,38309,4.50%
2026,25,38397,10.00%
2026,25,38413,7.90%
2026,25,38566,10.30%
2026,25,38614,18.30%
2026,25,38636,6.70%
2026,25,38648,10.50%
2026,25,38696,1.20%
2026,25,38838,8.60%
2026,25,43118,5.40%
2026,25,43137,6.50%
2026,25,38159,15.30%
2026,25,38338,51.30%
2026,25,38345,14.30%
2026,25,38479,19.60%
2026,25,38647,18.70%
2026,25,38868,4.60%
2026,25,38881,8.10%
2026,25,38931,26.20%
2026,25,38938,12.20%
2026,25,38969,8.90%
2026,25,38137,7.60%
2026,25,38143,9.50%
2026,25,38144,11.90%
2026,25,38153,10.90%
2026,25,38195,4.60%
2026,25,38229,14.00%
2026,25,38624,2.90%
2026,25,38640,10.80%
2026,25,38660,5.70%
2026,25,38994,8.10%
2026,25,43172,3.10%
2026,25,38210,1.30%
2026,25,38242,6.40%
2026,25,38288,4.30%
2026,25,38346,5.40%
2026,25,38381,4.00%
2026,25,38517,4.20%
2026,25,38523,12.10%
2026,25,38713,12.60%
2026,25,38863,3.80%
2026,25,38879,2.80%
2026,25,38162,19.80%
2026,25,38177,13.60%
2026,25,38213,8.10%
2026,25,38332,5.40%
2026,25,38352,6.20%
2026,25,38356,4.90%
2026,25,38449,3.10%
2026,25,38542,15.60%
2026,25,38575,18.90%
2026,25,38588,9.20%
2026,25,38861,5.20%
2026,25,43046,10.90%
2026,25,43051,19.10%
2026,25,43160,12.20%
2026,25,38409,13.90%
2026,25,38448,13.80%
2026,25,38486,11.50%
2026,25,38551,7.40%
2026,25,38583,11.80%
2026,25,38675,16.10%
2026,25,38702,17.60%
2026,25,38703,12.00%
2026,25,43057,19.90%
2026,25,43084,14.80%
2026,25,43148,19.00%
2026,25,38147,8.50%
2026,25,38163,22.10%
2026,25,38174,7.60%
2026,25,38407,10.00%
2026,25,38672,10.60%
2026,25,38699,6.00%
2026,25,38700,6.00%
2026,25,38733,7.10%
2026,25,38753,7.80%
2026,25,38754,7.70%
2026,25,43047,18.10%
2026,25,43129,1.40%
2026,25,38121,12.60%
2026,25,38366,4.30%
2026,25,38386,5.00%
2026,25,38461,13.50%
2026,25,38538,10.20%
2026,25,38644,2.60%
2026,25,38709,15.10%
2026,25,38722,11.50%
2026,25,38727,5.60%
2026,25,38773,10.00%
2026,25,43041,6.00%
2026,25,38103,12.60%
2026,25,38104,10.90%
2026,25,38106,5.30%
2026,25,38112,19.20%
2026,25,38188,3.70%
2026,25,38227,0.80%
2026,25,38617,16.50%
2026,25,38646,14.80%
2026,25,38692,13.00%
2026,25,38730,4.60%
2026,25,38746,6.20%
2026,25,38954,5.90%
2026,25,43142,7.30%
2026,25,38115,10.30%
2026,25,38119,12.40%
2026,25,38142,7.50%
2026,25,38149,12.80%
2026,25,38266,18.30%
2026,25,38270,14.10%
2026,25,38363,13.20%
2026,25,38394,11.40%
2026,25,38507,18.00%
2026,25,38535,12.80%
2026,25,38925,7.10%
2026,25,43043,11.80%
2026,25,43130,10.40%
2026,25,38108,6.00%
2026,25,38110,1.60%
2026,25,38128,0.70%
2026,25,38187,2.50%
2026,25,38191,2.70%
2026,25,38220,8.40%
2026,25,38382,0.20%
2026,25,38415,3.30%
2026,25,38481,1.60%
2026,25,38522,7.50%
2026,25,38541,5.10%
2026,25,38597,7.50%
2026,25,38627,2.10%
2026,25,38136,8.00%
2026,25,38186,13.70%
2026,25,38230,11.60%
2026,25,38374,11.00%
2026,25,38442,8.60%
2026,25,38460,9.10%
2026,25,38606,6.20%
2026,25,38661,16.20%
2026,25,38674,15.60%
2026,25,38694,5.40%
2026,25,38792,6.70%
2026,25,38845,5.70%
2026,25,38138,3.50%
2026,25,38141,4.80%
2026,25,38319,7.50%
2026,25,38441,6.10%
2026,25,38547,12.70%
2026,25,38668,3.00%
2026,25,38841,8.30%
2026,25,38896,5.70%
2026,25,38987,8.30%
2026,25,43059,10.00%
2026,25,43068,1.10%
2026,25,38158,6.00%
2026,25,38166,4.40%
2026,25,38390,1.80%
2026,25,38400,0.30%
2026,25,38445,9.30%
2026,25,38512,16.70%
2026,25,38532,8.50%
2026,25,38751,3.30%
2026,25,38755,0.10%
2026,25,38777,3.70%
2026,25,38780,9.60%
2026,25,38798,6.50%
2026,25,38810,1.80%
2026,25,38180,3.30%
2026,25,38184,9.70%
2026,25,38198,7.20%
2026,25,38533,8.10%
2026,25,38540,6.90%
2026,25,38564,9.10%
2026,25,38741,11.30%
2026,25,38765,11.00%
2026,25,38788,5.90%
2026,25,38865,12.10%
2026,25,38968,9.50%
2026,25,43179,0.70%
2026,25,38196,11.70%
2026,25,38246,14.30%
2026,25,38254,37.30%
2026,25,38263,21.60%
2026,25,38336,27.20%
2026,25,38596,15.10%
2026,25,38830,2.10%
2026,25,38883,35.30%
2026,25,38898,11.60%
2026,25,38935,16.10%
2026,25,38958,17.80%
2026,25,38963,39.50%
2026,25,38981,0.00%
2026,25,43005,17.60%
2026,25,38205,8.10%
2026,25,38207,2.80%
2026,25,38371,24.20%
2026,25,38411,20.10%
2026,25,38527,9.10%
2026,25,38546,13.50%
2026,25,38651,6.80%
2026,25,38677,22.30%
2026,25,38719,19.20%
2026,25,38837,20.10%
2026,25,43111,27.60%
2026,25,43132,18.70%
2026,25,43194,5.20%
2026,25,43195,4.50%
2026,25,38248,12.00%
2026,25,38671,8.80%
2026,25,38680,4.90%
2026,25,38808,3.70%
2026,25,38816,9.20%
2026,25,38875,6.80%
2026,25,38984,9.00%
2026,25,43007,5.90%
2026,25,43019,9.40%
2026,25,43154,17.80%
2026,25,43181,15.90%
2026,25,43182,8.10%
2026,25,38258,7.90%
2026,25,38313,5.50%
2026,25,38322,6.20%
2026,25,38380,2.60%
2026,25,38545,4.90%
2026,25,38582,16.40%
2026,25,38670,4.70%
2026,25,38836,6.90%
2026,25,38869,13.20%
2026,25,38874,24.50%
2026,25,38977,0.60%
2026,25,43143,6.40%
2026,25,38122,4.40%
2026,25,38148,5.80%
2026,25,38150,4.80%
2026,25,38189,2.60%
2026,25,38225,1.70%
2026,25,38233,6.80%
2026,25,38361,15.80%
2026,25,38414,5.70%
2026,25,38438,5.00%
2026,25,38485,8.80%
2026,25,38508,8.70%
2026,25,38534,2.00%
2026,25,38578,4.50%
2026,25,38607,14.90%
2026,25,38633,6.00%
2026,25,38704,0.90%
2026,25,38747,0.00%
2026,25,38749,3.30%
2026,25,38769,7.10%
2026,25,38829,5.00%
2026,25,38847,15.30%
2026,25,38957,7.30%
2026,25,43011,6.10%
2026,25,43058,10.20%
2026,25,43147,13.80%
2026,25,38243,10.90%
2026,25,38252,7.40%
2026,25,38271,5.20%
2026,25,38274,4.30%
2026,25,38277,8.40%
2026,25,38307,5.90%
2026,25,38326,2.40%
2026,25,38383,9.90%
2026,25,38446,1.40%
2026,25,38509,10.40%
2026,25,38539,5.10%
2026,25,38664,9.50%
2026,25,38667,14.60%
2026,25,38740,7.00%
2026,25,38763,4.60%
2026,25,38778,5.20%
2026,25,38779,2.60%
2026,25,38922,7.10%
2026,25,38933,5.70%
2026,25,38948,1.30%
2026,25,38952,8.80%
2026,25,43016,18.20%
2026,25,43060,6.10%
2026,25,43106,22.50%
2026,25,43156,6.90%
2026,25,38245,15.20%
2026,25,38247,3.80%
2026,25,38251,14.30%
2026,25,38453,8.50%
2026,25,38552,4.60%
2026,25,38673,6.30%
2026,25,38884,13.10%
2026,25,38904,7.90%
2026,25,43027,21.00%
2026,25,43032,20.50%
2026,25,43089,14.40%
2026,25,38268,16.30%
2026,25,38286,17.90%
2026,25,38601,10.90%
2026,25,38642,5.20%
2026,25,38729,9.20%
2026,25,38809,2.20%
2026,25,38812,4.50%
2026,25,38832,13.20%
2026,25,38899,1.40%
2026,25,38997,8.90%
2026,25,43209,17.70%
2026,25,38262,9.40%
2026,25,38355,7.90%
2026,25,38392,9.00%
2026,25,38473,15.00%
2026,25,38506,6.50%
2026,25,38563,10.60%
2026,25,38630,6.60%
2026,25,38734,13.40%
2026,25,38891,9.20%
2026,25,38912,15.40%
2026,25,38974,12.60%
2026,25,43063,9.50%
2026,25,43185,23.50%
2026,25,38265,18.20%
2026,25,38412,0.70%
2026,25,38450,5.30%
2026,25,38737,11.00%
2026,25,38848,4.00%
2026,25,38934,2.00%
2026,25,38999,4.70%
2026,25,43076,26.30%
2026,25,43204,16.60%
2026,25,38683,10.60%
2026,25,38743,6.30%
2026,25,38873,32.10%
2026,25,43003,9.20%
2026,25,43042,5.90%
2026,25,43096,16.30%
2026,25,38283,13.00%
2026,25,38342,8.20%
2026,25,38353,42.40%
2026,25,38524,16.30%
2026,25,38591,8.40%
2026,25,38666,5.00%
2026,25,38685,20.60%
2026,25,38693,8.10%
2026,25,38797,12.20%
2026,25,38985,9.80%
2026,25,38998,8.10%
2026,25,43110,26.10%
2026,25,43168,11.20%
2026,25,38305,0.80%
2026,25,38860,6.00%
2026,25,38895,5.90%
2026,25,43036,6.80%
2026,25,43040,8.80%
2026,25,43125,19.50%
2026,25,43149,8.40%
2026,25,43155,7.60%
2026,25,38306,3.10%
2026,25,38315,9.10%
2026,25,38520,10.00%
2026,25,38631,7.40%
2026,25,38665,2.20%
2026,25,38669,3.90%
2026,25,38689,7.40%
2026,25,38735,5.70%
2026,25,38818,8.20%
2026,25,38953,6.70%
2026,25,43050,5.10%
2026,25,43071,10.90%
2026,25,38331,3.50%
2026,25,38459,6.00%
2026,25,38565,8.40%
2026,25,38650,9.20%
2026,25,38820,7.20%
2026,25,38947,23.20%
2026,25,38959,7.10%
2026,25,43031,3.60%
2026,25,43056,10.70%
2026,25,43093,12.20%
2026,25,38457,5.00%
2026,25,38492,5.30%
2026,25,38618,1.00%
2026,25,38776,9.20%
2026,25,38986,18.20%
2026,25,43161,22.50%
2026,25,38320,30.90%
2026,25,38323,5.80%
2026,25,38334,9.90%
2026,25,38350,7.90%
2026,25,38373,13.50%
2026,25,38388,7.10%
2026,25,38518,5.90%
2026,25,38573,16.50%
2026,25,38574,20.70%
2026,25,38598,15.70%
2026,25,38609,7.90%
2026,25,38705,6.60%
2026,25,38759,12.80%
2026,25,38786,18.00%
2026,25,38826,5.50%
2026,25,38955,3.30%
2026,25,38988,7.00%
2026,25,43054,21.40%
2026,25,43088,28.00%
2026,25,43098,9.90%
2026,25,43133,8.60%
2026,25,43134,4.80%
2026,25,38250,3.00%
2026,25,38295,13.30%
2026,25,38467,5.10%
2026,25,38728,4.80%
2026,25,38757,12.80%
2026,25,38864,4.30%
2026,25,38871,6.10%
2026,25,38886,3.70%
2026,25,38916,2.40%
2026,25,38944,6.00%
2026,25,38976,3.20%
2026,25,43033,6.60%
2026,25,43180,23.60%
2026,25,38351,4.70%
2026,25,38375,5.50%
2026,25,38429,6.50%
2026,25,38511,1.70%
2026,25,38567,4.70%
2026,25,38678,4.90%
2026,25,38684,12.30%
2026,25,38716,12.30%
2026,25,38718,5.40%
2026,25,38996,4.10%
2026,25,43034,6.30%
2026,25,43164,9.60%
2026,25,43183,8.00%
2026,25,38357,2.80%
2026,25,38358,7.50%
2026,25,38790,7.10%
2026,25,38793,8.50%
2026,25,38893,14.90%
2026,25,38908,3.70%
2026,25,38939,5.40%
2026,25,43170,6.20%
2026,25,38502,0.60%
2026,25,38594,3.20%
2026,25,38657,10.20%
2026,25,38659,3.60%
2026,25,38800,5.30%
2026,25,38801,3.80%
2026,25,38855,5.00%
2026,25,43026,3.60%
2026,25,43163,8.20%
2026,25,43169,3.70%
2026,25,38193,1.00%
2026,25,38372,4.10%
2026,25,38416,10.00%
2026,25,38499,3.90%
2026,25,38530,3.70%
2026,25,38549,2.90%
2026,25,38715,12.30%
2026,25,38764,0.10%
2026,25,38951,1.30%
2026,25,43105,4.30%
2026,25,38117,15.40%
2026,25,38176,28.00%
2026,25,38197,12.50%
2026,25,38427,4.60%
2026,25,38458,4.80%
2026,25,38475,13.10%
2026,25,38561,5.80%
2026,25,38590,7.70%
2026,25,38656,11.80%
2026,25,38695,6.80%
2026,25,38770,6.10%
2026,25,38859,3.70%
2026,25,43152,12.90%
2026,25,38126,2.20%
2026,25,38179,4.50%
2026,25,38185,6.10%
2026,25,38292,9.60%
2026,25,38439,6.60%
2026,25,38452,5.40%
2026,25,38466,2.70%
2026,25,38553,0.70%
2026,25,38568,2.70%
2026,25,38799,3.40%
2026,25,38815,4.90%
2026,25,38918,10.70%
2026,25,43107,5.10%
2026,25,38178,1.80%
2026,25,38199,11.90%
2026,25,38238,2.90%
2026,25,38244,11.00%
2026,25,38276,15.20%
2026,25,38303,2.20%
2026,25,38510,12.80%
2026,25,38603,23.00%
2026,25,38739,10.60%
2026,25,38844,13.50%
2026,25,38849,3.70%
2026,25,38970,16.50%
2026,25,38333,11.90%
2026,25,38339,11.00%
2026,25,38368,4.20%
2026,25,38401,17.30%
2026,25,38456,22.90%
2026,25,38515,14.00%
2026,25,38604,6.20%
2026,25,38862,14.40%
2026,25,38894,12.50%
2026,25,43193,4.30%
2026,25,38377,13.80%
2026,25,38480,13.70%
2026,25,38559,11.60%
2026,25,38629,9.20%
2026,25,38750,0.10%
2026,25,38846,13.60%
2026,25,38882,16.90%
2026,25,43055,13.50%
2026,25,43135,13.90%
2026,25,38154,3.50%
2026,25,38221,5.60%
2026,25,38228,5.10%
2026,25,38241,2.50%
2026,25,38314,11.30%
2026,25,38324,6.50%
2026,25,38384,1.70%
2026,25,38592,14.80%
2026,25,38679,4.50%
2026,25,43030,2.90%
2026,25,43151,19.90%
2026,25,38348,5.40%
2026,25,38396,10.30%
2026,25,38410,3.60%
2026,25,38451,3.80%
2026,25,38536,5.10%
2026,25,38550,9.10%
2026,25,38649,8.40%
2026,25,38682,8.50%
2026,25,43044,19.10%
2026,25,43157,5.10%
2026,25,38255,18.40%
2026,25,38302,16.40%
2026,25,38311,14.90%
2026,25,38434,8.10%
2026,25,38714,9.70%
2026,25,38745,12.80%
2026,25,38814,8.10%
2026,25,38980,4.30%
2026,25,43092,15.10%
2026,25,43145,22.70%
2026,25,43171,9.40%
2026,25,43174,16.00%
2026,25,38300,12.70%
2026,25,38316,19.90%
2026,25,38329,8.30%
2026,25,38655,8.60%
2026,25,38758,14.30%
2026,25,38867,13.70%
2026,25,38926,0.30%
2026,25,43000,15.40%
2026,25,38318,7.80%
2026,25,38337,2.20%
2026,25,38476,1.80%
2026,25,38621,2.20%
2026,25,38707,9.70%
2026,25,38892,0.30%
2026,25,38971,5.10%
2026,25,38973,20.40%
2026,25,38321,4.50%
2026,25,38325,5.40%
2026,25,38341,10.80%
2026,25,38490,4.30%
2026,25,38708,2.40%
2026,25,38909,3.00%
2026,25,38927,1.80%
2026,25,38932,13.30%
2026,25,38960,23.80%
2026,25,38170,4.80%
2026,25,38218,12.80%
2026,25,38237,3.60%
2026,25,38249,26.80%
2026,25,38287,5.20%
2026,25,38290,6.80%
2026,25,38304,4.70%
2026,25,38330,24.40%
2026,25,38905,1.60%
2026,25,38978,7.40%
2026,25,38431,23.60%
2026,25,38529,12.00%
2026,25,38811,11.50%
2026,25,38903,8.40%
2026,25,38924,11.80%
2026,25,38930,8.10%
2026,25,38937,13.90%
2026,25,38965,2.20%
2026,25,38992,9.50%
2026,25,38995,14.50%
2026,25,38123,9.80%
2026,25,38155,5.90%
2026,25,38203,5.20%
2026,25,38234,6.30%
2026,25,38376,6.20%
2026,25,38463,7.00%
2026,25,38465,2.50%
2026,25,38487,1.10%
2026,25,38497,13.00%
2026,25,38762,2.60%
2026,25,38785,7.10%
2026,25,43123,11.30%
2026,25,38201,10.10%
2026,25,38223,4.60%
2026,25,38224,5.10%
2026,25,38584,5.90%
2026,25,38742,10.30%
2026,25,38907,11.00%
2026,25,38278,8.00%
2026,25,38282,1.80%
2026,25,38310,10.60%
2026,25,38531,8.50%
2026,25,38537,10.00%
2026,25,38643,13.70%
2026,25,38870,8.90%
2026,25,38920,6.80%
2026,25,43018,4.20%
2026,25,38161,
2026,25,38165,
2026,25,38167,
2026,25,38171,
2026,25,38182,
2026,25,38206,
2026,25,38297,
2026,25,38298,
2026,25,38299,
2026,25,38385,
2026,25,38395,
2026,25,38420,
2026,25,38425,
2026,25,38478,
2026,25,38576,
2026,25,38608,
2026,25,38662,
2026,25,38688,
2026,25,38775,
2026,25,38795,
2026,25,38796,
2026,25,38803,
2026,25,38827,
2026,25,38853,
2026,25,38877,
2026,25,38880,
2026,25,38885,
2026,25,38901,
2026,25,38906,
2026,25,38910,
2026,25,38911,
2026,25,38929,
2026,25,38943,
2026,25,43082,
2026,25,43083,
2026,25,43122,
2026,25,43162,
2026,25,43176,
2026,25,43177,
2026,26,38209,2.60%
2026,26,38317,8.90%
2026,26,38489,5.70%
2026,26,38589,9.30%
2026,26,38843,4.00%
2026,26,38872,26.60%
2026,26,38950,8.20%
2026,26,38989,15.60%
2026,26,43029,14.60%
2026,26,38101,3.10%
2026,26,38240,1.60%
2026,26,38272,1.80%
2026,26,38285,1.90%
2026,26,38291,0.80%
2026,26,38389,4.20%
2026,26,38404,4.00%
2026,26,38422,2.80%
2026,26,38433,3.60%
2026,26,38555,4.90%
2026,26,38613,16.30%
2026,26,38654,11.60%
2026,26,38681,4.80%
2026,26,43188,19.30%
2026,26,38183,1.50%
2026,26,38387,10.90%
2026,26,38577,2.40%
2026,26,38721,8.50%
2026,26,38732,5.00%
2026,26,38736,5.20%
2026,26,38813,2.00%
2026,26,38821,3.30%
2026,26,38857,24.90%
2026,26,43008,14.50%
2026,26,43124,16.40%
2026,26,38344,7.50%
2026,26,38635,5.60%
2026,26,38109,8.50%
2026,26,38173,2.50%
2026,26,38312,8.40%
2026,26,38378,6.40%
2026,26,38423,1.00%
2026,26,38432,11.50%
2026,26,38440,6.10%
2026,26,38483,5.10%
2026,26,38498,2.30%
2026,26,38504,5.70%
2026,26,38554,0.00%
2026,26,38556,2.00%
2026,26,38558,11.30%
2026,26,38602,6.40%
2026,26,38658,3.40%
2026,26,38752,6.80%
2026,26,38850,3.20%
2026,26,38113,13.30%
2026,26,38139,9.00%
2026,26,38152,15.70%
2026,26,38208,14.90%
2026,26,38239,8.90%
2026,26,38365,9.60%
2026,26,38417,11.00%
2026,26,38430,6.60%
2026,26,38484,12.00%
2026,26,38585,8.40%
2026,26,38620,5.30%
2026,26,38663,15.70%
2026,26,43025,6.90%
2026,26,38111,5.20%
2026,26,38118,6.00%
2026,26,38194,2.40%
2026,26,38219,5.00%
2026,26,38349,10.40%
2026,26,38399,5.50%
2026,26,38405,3.70%
2026,26,38470,9.00%
2026,26,38557,4.90%
2026,26,38581,2.10%
2026,26,38612,5.00%
2026,26,38676,4.10%
2026,26,38982,10.40%
2026,26,43045,9.20%
2026,26,38107,5.50%
2026,26,38116,8.10%
2026,26,38124,8.30%
2026,26,38129,5.10%
2026,26,38169,13.30%
2026,26,38398,12.20%
2026,26,38428,8.50%
2026,26,38447,2.10%
2026,26,38544,4.90%
2026,26,38571,4.60%
2026,26,38580,8.00%
2026,26,38615,13.70%
2026,26,38691,9.50%
2026,26,43159,6.20%
2026,26,38226,9.50%
2026,26,38279,0.50%
2026,26,38289,2.20%
2026,26,38418,2.00%
2026,26,38419,2.10%
2026,26,38468,7.00%
2026,26,38477,3.80%
2026,26,38496,6.40%
2026,26,38611,8.30%
2026,26,38645,1.20%
2026,26,38725,13.10%
2026,26,43070,14.70%
2026,26,38131,7.90%
2026,26,38172,2.70%
2026,26,38402,5.10%
2026,26,38406,2.30%
2026,26,38543,2.70%
2026,26,38560,2.80%
2026,26,38605,9.60%
2026,26,38625,6.60%
2026,26,38771,0.60%
2026,26,38784,3.90%
2026,26,38791,0.10%
2026,26,38806,8.20%
2026,26,38866,2.00%
2026,26,38133,13.80%
2026,26,38190,4.60%
2026,26,38192,8.90%
2026,26,38280,13.70%
2026,26,38634,10.40%
2026,26,38638,7.60%
2026,26,38804,4.20%
2026,26,38949,7.00%
2026,26,43069,15.60%
2026,26,43074,32.50%
2026,26,43166,12.00%
2026,26,38146,8.10%
2026,26,38157,5.30%
2026,26,38444,0.10%
2026,26,38519,7.20%
2026,26,38698,4.40%
2026,26,38761,5.80%
2026,26,38768,9.10%
2026,26,38819,10.00%
2026,26,38831,7.30%
2026,26,38840,9.70%
2026,26,38897,8.60%
2026,26,43009,14.10%
2026,26,38114,8.10%
2026,26,38360,11.20%
2026,26,38367,7.10%
2026,26,38379,2.40%
2026,26,38393,13.50%
2026,26,38469,6.50%
2026,26,38471,5.80%
2026,26,38472,24.40%
2026,26,38494,10.40%
2026,26,38637,9.10%
2026,26,38817,2.00%
2026,26,38964,7.50%
2026,26,38164,8.80%
2026,26,38222,11.30%
2026,26,38264,7.60%
2026,26,38599,14.70%
2026,26,38690,10.00%
2026,26,38731,9.30%
2026,26,38756,2.60%
2026,26,38787,4.40%
2026,26,38942,23.20%
2026,26,43100,7.10%
2026,26,38204,12.00%
2026,26,38359,13.50%
2026,26,38876,17.40%
2026,26,38917,9.30%
2026,26,43021,19.00%
2026,26,38217,20.90%
2026,26,38257,14.40%
2026,26,38259,13.50%
2026,26,38516,8.20%
2026,26,38586,4.10%
2026,26,38610,6.90%
2026,26,38993,27.90%
2026,26,43086,33.40%
2026,26,43146,16.20%
2026,26,38211,13.50%
2026,26,38212,3.80%
2026,26,38214,17.90%
2026,26,38354,28.50%
2026,26,38370,14.10%
2026,26,38639,20.50%
2026,26,38711,26.10%
2026,26,38723,13.20%
2026,26,38889,8.70%
2026,26,38972,40.30%
2026,26,38990,24.90%
2026,26,43001,13.90%
2026,26,38134,8.50%
2026,26,38260,3.80%
2026,26,38340,6.80%
2026,26,38464,23.80%
2026,26,38482,12.50%
2026,26,38501,10.70%
2026,26,38513,3.50%
2026,26,38526,6.30%
2026,26,38569,6.20%
2026,26,38570,2.30%
2026,26,38579,8.30%
2026,26,38619,14.20%
2026,26,38888,2.30%
2026,26,38941,3.50%
2026,26,38296,8.30%
2026,26,38328,17.20%
2026,26,38435,10.30%
2026,26,38488,11.00%
2026,26,38712,8.80%
2026,26,38744,13.20%
2026,26,38805,5.00%
2026,26,38828,20.00%
2026,26,38928,13.30%
2026,26,38975,20.30%
2026,26,43186,18.20%
2026,26,38408,13.20%
2026,26,38525,18.80%
2026,26,38738,13.90%
2026,26,38781,6.60%
2026,26,38839,11.70%
2026,26,38946,13.20%
2026,26,38966,7.80%
2026,26,38967,11.60%
2026,26,38267,23.90%
2026,26,38503,7.50%
2026,26,38760,11.20%
2026,26,38825,9.30%
2026,26,38842,26.80%
2026,26,38919,13.20%
2026,26,38923,19.90%
2026,26,38979,7.90%
2026,26,38991,7.80%
2026,26,43190,13.20%
2026,26,38273,6.20%
2026,26,38275,0.90%
2026,26,38335,6.90%
2026,26,38454,0.40%
2026,26,38593,5.60%
2026,26,38887,2.90%
2026,26,38921,0.70%
2026,26,38956,6.20%
2026,26,38983,5.90%
2026,26,43114,4.80%
2026,26,43115,17.00%
2026,26,43138,7.20%
2026,26,38436,2.70%
2026,26,38491,4.50%
2026,26,38782,5.60%
2026,26,38890,5.60%
2026,26,43010,3.50%
2026,26,43113,14.00%
2026,26,43150,16.20%
2026,26,38236,13.80%
2026,26,38309,9.60%
2026,26,38397,10.10%
2026,26,38413,7.20%
2026,26,38566,10.10%
2026,26,38614,15.30%
2026,26,38636,7.00%
2026,26,38648,12.50%
2026,26,38696,3.80%
2026,26,38838,10.80%
2026,26,43118,5.80%
2026,26,43137,4.70%
2026,26,38159,11.50%
2026,26,38338,11.20%
2026,26,38345,14.60%
2026,26,38479,15.80%
2026,26,38647,37.30%
2026,26,38868,4.80%
2026,26,38881,13.90%
2026,26,38931,27.10%
2026,26,38938,11.60%
2026,26,38969,16.50%
2026,26,38137,10.50%
2026,26,38143,11.10%
2026,26,38144,12.80%
2026,26,38153,8.00%
2026,26,38195,5.10%
2026,26,38229,13.50%
2026,26,38624,3.30%
2026,26,38640,12.80%
2026,26,38660,5.10%
2026,26,38994,7.50%
2026,26,43172,2.80%
2026,26,38210,2.60%
2026,26,38242,3.60%
2026,26,38288,3.30%
2026,26,38346,3.80%
2026,26,38381,2.20%
2026,26,38517,2.90%
2026,26,38523,9.60%
2026,26,38713,12.90%
2026,26,38863,2.90%
2026,26,38879,6.90%
2026,26,38162,19.80%
2026,26,38177,11.90%
2026,26,38213,8.50%
2026,26,38332,10.10%
2026,26,38352,5.40%
2026,26,38356,5.70%
2026,26,38449,4.60%
2026,26,38542,17.50%
2026,26,38575,17.80%
2026,26,38588,12.70%
2026,26,38861,4.10%
2026,26,43046,9.60%
2026,26,43051,22.80%
2026,26,43160,19.20%
2026,26,38409,16.30%
2026,26,38448,14.90%
2026,26,38486,14.40%
2026,26,38551,10.30%
2026,26,38583,7.70%
2026,26,38675,17.60%
2026,26,38702,27.20%
2026,26,38703,11.60%
2026,26,43057,17.40%
2026,26,43084,17.20%
2026,26,43148,15.50%
2026,26,38147,10.20%
2026,26,38163,22.20%
2026,26,38174,5.50%
2026,26,38407,11.40%
2026,26,38672,7.90%
2026,26,38699,7.60%
2026,26,38700,5.50%
2026,26,38733,8.40%
2026,26,38753,7.00%
2026,26,38754,9.10%
2026,26,43047,19.50%
2026,26,43129,2.20%
2026,26,38121,13.10%
2026,26,38366,4.60%
2026,26,38386,5.30%
2026,26,38461,12.60%
2026,26,38538,11.40%
2026,26,38644,3.20%
2026,26,38709,16.00%
2026,26,38722,12.70%
2026,26,38727,4.60%
2026,26,38773,21.10%
2026,26,43041,5.40%
2026,26,38103,12.10%
2026,26,38104,12.20%
2026,26,38106,5.00%
2026,26,38112,20.80%
2026,26,38188,5.10%
2026,26,38227,1.80%
2026,26,38617,20.00%
2026,26,38646,15.20%
2026,26,38692,12.80%
2026,26,38730,5.90%
2026,26,38746,2.30%
2026,26,38954,4.60%
2026,26,43142,5.80%
2026,26,38115,7.50%
2026,26,38119,13.70%
2026,26,38142,7.50%
2026,26,38149,13.10%
2026,26,38266,20.90%
2026,26,38270,14.90%
2026,26,38363,12.10%
2026,26,38394,9.70%
2026,26,38507,17.30%
2026,26,38535,12.70%
2026,26,38925,7.10%
2026,26,43043,12.00%
2026,26,43130,12.80%
2026,26,38108,5.80%
2026,26,38110,1.40%
2026,26,38128,0.60%
2026,26,38187,3.20%
2026,26,38191,3.20%
2026,26,38220,7.90%
2026,26,38382,0.10%
2026,26,38415,4.20%
2026,26,38481,1.60%
2026,26,38522,9.30%
2026,26,38541,5.60%
2026,26,38597,7.70%
2026,26,38627,2.10%
2026,26,38136,8.20%
2026,26,38186,13.90%
2026,26,38230,16.90%
2026,26,38374,12.50%
2026,26,38442,8.60%
2026,26,38460,8.00%
2026,26,38606,7.30%
2026,26,38661,20.40%
2026,26,38674,13.70%
2026,26,38694,7.30%
2026,26,38792,8.50%
2026,26,38845,5.90%
2026,26,38138,2.80%
2026,26,38141,5.50%
2026,26,38319,7.20%
2026,26,38441,7.80%
2026,26,38547,9.10%
2026,26,38668,2.80%
2026,26,38841,9.40%
2026,26,38896,12.00%
2026,26,38987,5.10%
2026,26,43059,6.20%
2026,26,43068,1.10%
2026,26,38158,5.70%
2026,26,38166,6.20%
2026,26,38390,1.80%
2026,26,38400,0.40%
2026,26,38445,17.40%
2026,26,38512,19.20%
2026,26,38532,8.70%
2026,26,38751,5.50%
2026,26,38777,5.90%
2026,26,38780,11.00%
2026,26,38798,6.30%
2026,26,38810,4.20%
2026,26,38180,3.90%
2026,26,38184,8.10%
2026,26,38198,25.60%
2026,26,38533,6.40%
2026,26,38540,8.30%
2026,26,38564,11.90%
2026,26,38741,13.50%
2026,26,38765,20.20%
2026,26,38788,5.40%
2026,26,38865,8.20%
2026,26,38968,11.60%
2026,26,43179,1.30%
2026,26,38196,8.60%
2026,26,38246,25.30%
2026,26,38254,33.80%
2026,26,38263,18.80%
2026,26,38336,24.60%
2026,26,38596,15.50%
2026,26,38830,0.70%
2026,26,38883,40.20%
2026,26,38898,10.40%
2026,26,38935,12.00%
2026,26,38958,22.10%
2026,26,38963,48.00%
2026,26,38981,0.10%
2026,26,43005,8.40%
2026,26,38205,8.70%
2026,26,38207,2.90%
2026,26,38371,21.70%
2026,26,38411,23.20%
2026,26,38527,9.40%
2026,26,38546,14.20%
2026,26,38651,6.30%
2026,26,38677,23.30%
2026,26,38719,19.30%
2026,26,38837,15.70%
2026,26,43111,22.70%
2026,26,43132,16.70%
2026,26,43194,6.50%
2026,26,43195,3.90%
2026,26,38248,11.60%
2026,26,38671,7.10%
2026,26,38680,4.90%
2026,26,38808,9.80%
2026,26,38816,11.80%
2026,26,38875,11.10%
2026,26,38984,8.00%
2026,26,43007,2.90%
2026,26,43019,7.40%
2026,26,43154,17.70%
2026,26,43181,17.70%
2026,26,43182,10.00%
2026,26,38258,8.70%
2026,26,38313,6.40%
2026,26,38322,5.70%
2026,26,38380,1.60%
2026,26,38545,4.60%
2026,26,38582,18.40%
2026,26,38670,4.10%
2026,26,38836,5.20%
2026,26,38869,14.10%
2026,26,38874,18.90%
2026,26,38977,0.70%
2026,26,43143,6.30%
2026,26,38122,5.40%
2026,26,38148,5.90%
2026,26,38150,6.80%
2026,26,38189,4.10%
2026,26,38225,4.50%
2026,26,38233,6.10%
2026,26,38361,16.00%
2026,26,38414,6.20%
2026,26,38438,7.00%
2026,26,38485,8.20%
2026,26,38508,8.00%
2026,26,38534,1.80%
2026,26,38578,5.40%
2026,26,38607,9.30%
2026,26,38633,4.50%
2026,26,38704,0.60%
2026,26,38749,5.10%
2026,26,38769,9.30%
2026,26,38829,8.00%
2026,26,38847,12.80%
2026,26,38957,5.90%
2026,26,43011,9.10%
2026,26,43058,15.60%
2026,26,43147,15.10%
2026,26,38243,11.30%
2026,26,38252,7.30%
2026,26,38271,2.20%
2026,26,38274,4.30%
2026,26,38277,6.90%
2026,26,38307,3.60%
2026,26,38326,1.10%
2026,26,38383,6.60%
2026,26,38446,1.20%
2026,26,38509,8.20%
2026,26,38539,5.60%
2026,26,38664,9.60%
2026,26,38667,16.40%
2026,26,38740,5.80%
2026,26,38763,3.90%
2026,26,38778,7.10%
2026,26,38779,11.20%
2026,26,38922,5.70%
2026,26,38933,3.80%
2026,26,38948,0.80%
2026,26,38952,10.30%
2026,26,43016,11.00%
2026,26,43060,4.80%
2026,26,43106,17.70%
2026,26,43156,4.00%
2026,26,38245,14.90%
2026,26,38247,3.40%
2026,26,38251,12.60%
2026,26,38453,10.40%
2026,26,38552,3.00%
2026,26,38673,5.40%
2026,26,38884,14.80%
2026,26,38904,8.70%
2026,26,43027,17.10%
2026,26,43032,25.60%
2026,26,43089,9.90%
2026,26,38268,22.10%
2026,26,38286,18.80%
2026,26,38601,11.00%
2026,26,38642,6.80%
2026,26,38729,11.80%
2026,26,38809,1.90%
2026,26,38812,12.00%
2026,26,38832,13.40%
2026,26,38899,2.30%
2026,26,38997,9.30%
2026,26,43209,15.50%
2026,26,38262,12.50%
2026,26,38355,8.80%
2026,26,38392,10.70%
2026,26,38473,15.00%
2026,26,38506,6.90%
2026,26,38563,7.70%
2026,26,38630,2.90%
2026,26,38734,12.60%
2026,26,38891,8.90%
2026,26,38912,15.20%
2026,26,38974,11.90%
2026,26,43063,10.80%
2026,26,43185,21.90%
2026,26,38265,14.60%
2026,26,38412,0.50%
2026,26,38450,5.20%
2026,26,38737,8.40%
2026,26,38848,6.60%
2026,26,38934,3.50%
2026,26,38999,10.70%
2026,26,43076,19.60%
2026,26,43204,8.10%
2026,26,38683,9.60%
2026,26,38743,13.70%
2026,26,38873,20.90%
2026,26,43003,7.00%
2026,26,43042,11.70%
2026,26,43096,16.30%
2026,26,38283,9.80%
2026,26,38342,12.60%
2026,26,38353,46.80%
2026,26,38524,17.10%
2026,26,38591,7.30%
2026,26,38666,5.30%
2026,26,38685,21.00%
2026,26,38693,5.80%
2026,26,38797,11.90%
2026,26,38985,13.80%
2026,26,38998,4.10%
2026,26,43110,21.30%
2026,26,43168,9.00%
2026,26,38305,1.20%
2026,26,38860,7.00%
2026,26,38895,7.50%
2026,26,43036,8.50%
2026,26,43040,9.30%
2026,26,43125,18.70%
2026,26,43149,9.50%
2026,26,43155,7.50%
2026,26,38306,5.20%
2026,26,38315,9.70%
2026,26,38520,9.70%
2026,26,38631,10.00%
2026,26,38665,2.00%
2026,26,38669,3.10%
2026,26,38689,7.80%
2026,26,38735,8.50%
2026,26,38818,7.00%
2026,26,38953,7.30%
2026,26,43050,6.00%
2026,26,43071,11.10%
2026,26,38331,4.90%
2026,26,38459,7.40%
2026,26,38565,10.80%
2026,26,38650,12.60%
2026,26,38820,11.70%
2026,26,38947,19.30%
2026,26,38959,5.20%
2026,26,43031,2.40%
2026,26,43056,5.60%
2026,26,43093,10.40%
2026,26,38457,5.40%
2026,26,38492,4.90%
2026,26,38618,3.10%
2026,26,38776,10.20%
2026,26,38986,14.50%
2026,26,43161,20.20%
2026,26,38320,28.90%
2026,26,38323,4.80%
2026,26,38334,10.90%
2026,26,38350,10.70%
2026,26,38373,14.50%
2026,26,38388,7.80%
2026,26,38518,4.20%
2026,26,38573,19.10%
2026,26,38574,18.10%
2026,26,38598,14.90%
2026,26,38609,7.60%
2026,26,38705,7.60%
2026,26,38759,20.50%
2026,26,38786,19.30%
2026,26,38826,4.60%
2026,26,38955,2.70%
2026,26,38988,11.30%
2026,26,43054,33.00%
2026,26,43088,26.70%
2026,26,43098,8.20%
2026,26,43133,11.00%
2026,26,43134,9.00%
2026,26,38250,5.30%
2026,26,38295,10.60%
2026,26,38467,6.40%
2026,26,38728,6.20%
2026,26,38757,12.80%
2026,26,38864,5.00%
2026,26,38871,2.70%
2026,26,38886,2.90%
2026,26,38916,2.80%
2026,26,38944,5.30%
2026,26,38976,3.40%
2026,26,43033,7.20%
2026,26,43180,31.20%
2026,26,38351,3.90%
2026,26,38375,6.10%
2026,26,38429,11.50%
2026,26,38511,1.10%
2026,26,38567,5.40%
2026,26,38678,5.70%
2026,26,38684,13.00%
2026,26,38716,16.40%
2026,26,38718,5.50%
2026,26,38996,8.10%
2026,26,43034,6.60%
2026,26,43164,10.50%
2026,26,43183,7.40%
2026,26,38357,2.50%
2026,26,38358,8.40%
2026,26,38790,7.00%
2026,26,38793,9.60%
2026,26,38893,12.60%
2026,26,38908,3.80%
2026,26,38939,7.00%
2026,26,43170,7.00%
2026,26,38502,0.70%
2026,26,38594,2.80%
2026,26,38657,12.10%
2026,26,38659,5.50%
2026,26,38800,4.40%
2026,26,38801,2.30%
2026,26,38855,8.00%
2026,26,43026,3.20%
2026,26,43163,8.90%
2026,26,43169,8.10%
2026,26,38193,3.70%
2026,26,38372,3.00%
2026,26,38416,12.20%
2026,26,38499,6.10%
2026,26,38530,4.20%
2026,26,38549,4.20%
2026,26,38715,13.80%
2026,26,38764,0.50%
2026,26,38951,4.20%
2026,26,43105,4.10%
2026,26,38117,13.30%
2026,26,38176,28.20%
2026,26,38197,11.60%
2026,26,38427,4.70%
2026,26,38458,6.50%
2026,26,38475,13.20%
2026,26,38561,5.40%
2026,26,38590,7.60%
2026,26,38656,13.20%
2026,26,38695,7.70%
2026,26,38770,5.20%
2026,26,38859,4.10%
2026,26,43152,11.60%
2026,26,38126,2.30%
2026,26,38179,6.40%
2026,26,38185,4.60%
2026,26,38292,8.90%
2026,26,38439,7.30%
2026,26,38452,5.30%
2026,26,38466,3.60%
2026,26,38553,0.60%
2026,26,38568,3.70%
2026,26,38799,4.40%
2026,26,38815,5.70%
2026,26,38918,7.60%
2026,26,43107,6.10%
2026,26,38178,0.50%
2026,26,38199,11.40%
2026,26,38238,2.80%
2026,26,38244,7.50%
2026,26,38276,16.50%
2026,26,38303,1.20%
2026,26,38510,11.10%
2026,26,38603,23.80%
2026,26,38739,6.20%
2026,26,38844,8.80%
2026,26,38849,2.70%
2026,26,38970,18.30%
2026,26,38333,11.00%
2026,26,38339,14.10%
2026,26,38368,6.10%
2026,26,38401,17.30%
2026,26,38456,22.70%
2026,26,38515,14.50%
2026,26,38604,5.10%
2026,26,38862,16.20%
2026,26,38894,17.60%
2026,26,43193,4.70%
2026,26,38377,12.80%
2026,26,38480,14.50%
2026,26,38559,8.90%
2026,26,38629,8.90%
2026,26,38846,13.70%
2026,26,38882,17.50%
2026,26,43055,15.90%
2026,26,43135,13.60%
2026,26,38154,3.20%
2026,26,38221,5.90%
2026,26,38228,6.40%
2026,26,38241,2.50%
2026,26,38314,12.70%
2026,26,38324,5.70%
2026,26,38384,2.60%
2026,26,38592,15.40%
2026,26,38679,14.10%
2026,26,43030,5.50%
2026,26,43151,20.60%
2026,26,38348,7.90%
2026,26,38396,11.20%
2026,26,38410,5.20%
2026,26,38451,0.80%
2026,26,38536,6.70%
2026,26,38550,11.90%
2026,26,38649,13.10%
2026,26,38682,6.30%
2026,26,43044,16.30%
2026,26,43157,7.00%
2026,26,38255,10.20%
2026,26,38302,13.90%
2026,26,38311,15.30%
2026,26,38434,10.00%
2026,26,38714,9.50%
2026,26,38745,12.30%
2026,26,38814,8.40%
2026,26,38980,3.90%
2026,26,43092,18.80%
2026,26,43145,20.70%
2026,26,43171,14.90%
2026,26,43174,14.10%
2026,26,38300,11.20%
2026,26,38316,19.50%
2026,26,38329,3.80%
2026,26,38655,5.70%
2026,26,38758,10.10%
2026,26,38867,13.00%
2026,26,38926,1.10%
2026,26,43000,14.80%
2026,26,38318,7.30%
2026,26,38337,1.40%
2026,26,38476,1.20%
2026,26,38621,2.00%
2026,26,38707,9.70%
2026,26,38892,0.40%
2026,26,38971,7.00%
2026,26,38973,18.00%
2026,26,38321,7.10%
2026,26,38325,3.70%
2026,26,38341,8.20%
2026,26,38490,5.30%
2026,26,38708,3.00%
2026,26,38909,7.30%
2026,26,38927,4.60%
2026,26,38932,10.00%
2026,26,38960,30.90%
2026,26,38170,5.00%
2026,26,38218,13.60%
2026,26,38237,4.40%
2026,26,38249,25.80%
2026,26,38287,5.60%
2026,26,38290,11.30%
2026,26,38304,7.20%
2026,26,38330,23.30%
2026,26,38905,1.80%
2026,26,38978,8.50%
2026,26,38431,19.90%
2026,26,38529,9.80%
2026,26,38811,14.00%
2026,26,38903,12.10%
2026,26,38924,14.30%
2026,26,38930,12.00%
2026,26,38937,13.60%
2026,26,38965,2.70%
2026,26,38992,12.50%
2026,26,38995,20.00%
2026,26,38123,8.70%
2026,26,38155,5.70%
2026,26,38203,4.30%
2026,26,38234,3.70%
2026,26,38376,6.40%
2026,26,38463,7.50%
2026,26,38465,2.20%
2026,26,38487,0.90%
2026,26,38497,7.80%
2026,26,38762,2.50%
2026,26,38785,10.20%
2026,26,43123,13.60%
2026,26,38201,8.10%
2026,26,38223,1.60%
2026,26,38224,2.90%
2026,26,38584,5.90%
2026,26,38742,8.20%
2026,26,38907,8.40%
2026,26,38278,7.40%
2026,26,38282,2.70%
2026,26,38310,10.90%
2026,26,38531,14.00%
2026,26,38537,14.20%
2026,26,38643,14.50%
2026,26,38870,10.10%
2026,26,38920,8.20%
2026,26,43018,4.00%
2026,26,38151,
2026,26,38161,
2026,26,38165,
2026,26,38167,
2026,26,38171,
2026,26,38182,
2026,26,38206,
2026,26,38297,
2026,26,38298,
2026,26,38299,
2026,26,38385,
2026,26,38395,
2026,26,38478,
2026,26,38505,
2026,26,38521,
2026,26,38572,
2026,26,38576,
2026,26,38641,
2026,26,38775,
2026,26,38789,
2026,26,38795,
2026,26,38796,
2026,26,38803,
2026,26,38827,
2026,26,38833,
2026,26,38853,
2026,26,38877,
2026,26,38880,
2026,26,38900,
2026,26,38901,
2026,26,38902,
2026,26,38906,
2026,26,38910,
2026,26,38911,
2026,26,38929,
2026,26,38943,
2026,26,43082,
2026,26,43083,
2026,26,43162,
2026,26,43177,
2026,27,38209,2.60%
2026,27,38317,7.60%
2026,27,38489,6.70%
2026,27,38589,8.30%
2026,27,38843,3.70%
2026,27,38872,16.00%
2026,27,38950,7.50%
2026,27,38989,12.50%
2026,27,43029,17.60%
2026,27,38101,2.00%
2026,27,38240,2.30%
2026,27,38272,4.00%
2026,27,38285,1.90%
2026,27,38291,0.30%
2026,27,38389,4.30%
2026,27,38404,3.60%
2026,27,38422,3.80%
2026,27,38433,3.20%
2026,27,38555,3.50%
2026,27,38613,7.70%
2026,27,38654,11.20%
2026,27,38681,4.10%
2026,27,43188,15.60%
2026,27,38183,1.30%
2026,27,38387,10.80%
2026,27,38577,5.30%
2026,27,38721,10.00%
2026,27,38732,6.00%
2026,27,38736,4.40%
2026,27,38813,2.60%
2026,27,38821,2.80%
2026,27,38857,20.40%
2026,27,43008,14.50%
2026,27,43124,14.90%
2026,27,38344,8.00%
2026,27,38635,10.80%
2026,27,38858,0.10%
2026,27,38109,11.80%
2026,27,38173,3.50%
2026,27,38312,12.70%
2026,27,38378,6.80%
2026,27,38423,0.40%
2026,27,38432,11.30%
2026,27,38440,4.20%
2026,27,38483,6.40%
2026,27,38498,2.00%
2026,27,38504,5.50%
2026,27,38554,0.10%
2026,27,38556,1.30%
2026,27,38558,9.80%
2026,27,38602,8.90%
2026,27,38658,3.70%
2026,27,38752,4.50%
2026,27,38850,3.50%
2026,27,38113,13.10%
2026,27,38139,7.30%
2026,27,38152,16.50%
2026,27,38208,14.30%
2026,27,38239,4.90%
2026,27,38365,8.10%
2026,27,38417,12.40%
2026,27,38430,9.10%
2026,27,38484,12.10%
2026,27,38585,9.40%
2026,27,38620,5.70%
2026,27,38663,14.90%
2026,27,43025,8.60%
2026,27,38111,5.40%
2026,27,38118,5.40%
2026,27,38194,3.30%
2026,27,38219,4.90%
2026,27,38349,9.60%
2026,27,38399,4.20%
2026,27,38405,3.50%
2026,27,38470,8.00%
2026,27,38557,4.80%
2026,27,38581,0.90%
2026,27,38612,6.60%
2026,27,38676,3.60%
2026,27,38982,10.40%
2026,27,43045,11.00%
2026,27,38107,7.20%
2026,27,38116,5.10%
2026,27,38124,7.40%
2026,27,38129,4.00%
2026,27,38169,14.30%
2026,27,38398,8.80%
2026,27,38428,9.20%
2026,27,38447,1.70%
2026,27,38544,3.90%
2026,27,38571,9.00%
2026,27,38580,7.80%
2026,27,38615,11.70%
2026,27,38691,10.40%
2026,27,43159,5.90%
2026,27,38226,7.80%
2026,27,38279,0.40%
2026,27,38289,1.70%
2026,27,38418,2.90%
2026,27,38419,2.00%
2026,27,38468,7.70%
2026,27,38477,3.00%
2026,27,38496,6.00%
2026,27,38611,8.60%
2026,27,38645,1.50%
2026,27,38725,12.00%
2026,27,43070,15.70%
2026,27,38131,7.40%
2026,27,38172,3.40%
2026,27,38402,3.90%
2026,27,38406,2.00%
2026,27,38543,4.40%
2026,27,38560,2.30%
2026,27,38605,4.80%
2026,27,38625,7.20%
2026,27,38771,0.90%
2026,27,38784,3.90%
2026,27,38791,0.10%
2026,27,38806,8.20%
2026,27,38866,2.00%
2026,27,38133,11.50%
2026,27,38190,3.30%
2026,27,38192,6.90%
2026,27,38280,10.20%
2026,27,38634,10.50%
2026,27,38638,4.70%
2026,27,38804,3.50%
2026,27,38949,5.00%
2026,27,43069,16.60%
2026,27,43074,31.10%
2026,27,43166,9.20%
2026,27,38146,8.30%
2026,27,38157,4.70%
2026,27,38519,4.60%
2026,27,38698,4.20%
2026,27,38761,4.80%
2026,27,38768,5.80%
2026,27,38819,8.30%
2026,27,38831,7.40%
2026,27,38840,10.70%
2026,27,38897,6.40%
2026,27,43009,10.30%
2026,27,38114,9.10%
2026,27,38360,11.20%
2026,27,38367,4.70%
2026,27,38379,1.90%
2026,27,38393,13.10%
2026,27,38469,7.00%
2026,27,38471,5.30%
2026,27,38472,23.30%
2026,27,38494,11.90%
2026,27,38637,16.60%
2026,27,38817,5.40%
2026,27,38964,5.70%
2026,27,38164,7.30%
2026,27,38222,10.20%
2026,27,38264,6.70%
2026,27,38599,13.30%
2026,27,38690,7.60%
2026,27,38731,9.10%
2026,27,38756,3.40%
2026,27,38787,4.00%
2026,27,38942,17.70%
2026,27,43100,8.20%
2026,27,38204,8.70%
2026,27,38359,10.70%
2026,27,38876,13.80%
2026,27,38917,7.80%
2026,27,43021,23.20%
2026,27,38217,18.20%
2026,27,38257,8.70%
2026,27,38259,12.00%
2026,27,38516,6.20%
2026,27,38586,1.50%
2026,27,38610,6.10%
2026,27,38993,23.70%
2026,27,43086,29.10%
2026,27,43146,23.10%
2026,27,38211,11.80%
2026,27,38212,2.80%
2026,27,38214,14.40%
2026,27,38354,23.40%
2026,27,38370,13.00%
2026,27,38639,22.10%
2026,27,38711,24.30%
2026,27,38723,13.50%
2026,27,38889,6.70%
2026,27,38972,33.40%
2026,27,38990,23.20%
2026,27,43001,5.20%
2026,27,38134,7.60%
2026,27,38260,4.90%
2026,27,38340,6.90%
2026,27,38464,18.70%
2026,27,38482,9.60%
2026,27,38501,10.10%
2026,27,38513,4.10%
2026,27,38526,5.40%
2026,27,38569,6.90%
2026,27,38570,0.90%
2026,27,38579,11.20%
2026,27,38619,9.10%
2026,27,38888,2.80%
2026,27,38941,3.80%
2026,27,38296,8.70%
2026,27,38328,16.60%
2026,27,38435,13.60%
2026,27,38488,13.30%
2026,27,38712,7.70%
2026,27,38744,14.70%
2026,27,38805,6.10%
2026,27,38828,19.50%
2026,27,38928,10.40%
2026,27,38975,23.90%
2026,27,43186,18.70%
2026,27,38408,12.40%
2026,27,38525,17.90%
2026,27,38738,14.00%
2026,27,38781,3.40%
2026,27,38839,10.50%
2026,27,38946,11.30%
2026,27,38966,10.20%
2026,27,38967,18.00%
2026,27,38267,23.20%
2026,27,38503,7.20%
2026,27,38760,7.10%
2026,27,38825,12.00%
2026,27,38842,24.80%
2026,27,38919,8.70%
2026,27,38923,20.60%
2026,27,38979,10.10%
2026,27,38991,7.20%
2026,27,43190,23.60%
2026,27,38273,4.40%
2026,27,38275,0.50%
2026,27,38335,5.30%
2026,27,38454,0.60%
2026,27,38593,7.60%
2026,27,38887,2.60%
2026,27,38921,1.10%
2026,27,38956,3.70%
2026,27,38983,5.90%
2026,27,43114,4.10%
2026,27,43115,22.00%
2026,27,43138,10.30%
2026,27,38436,3.00%
2026,27,38491,3.80%
2026,27,38782,3.50%
2026,27,38890,3.50%
2026,27,43010,2.60%
2026,27,43113,13.00%
2026,27,43150,14.20%
2026,27,38236,14.00%
2026,27,38309,5.90%
2026,27,38397,8.40%
2026,27,38413,5.60%
2026,27,38566,8.70%
2026,27,38614,14.40%
2026,27,38636,5.70%
2026,27,38648,11.60%
2026,27,38696,0.90%
2026,27,38838,9.40%
2026,27,43118,4.30%
2026,27,43137,5.60%
2026,27,38159,11.80%
2026,27,38338,5.30%
2026,27,38345,13.90%
2026,27,38479,13.60%
2026,27,38647,21.10%
2026,27,38868,4.00%
2026,27,38881,10.10%
2026,27,38931,16.80%
2026,27,38938,10.70%
2026,27,38969,14.20%
2026,27,38137,11.30%
2026,27,38143,9.80%
2026,27,38144,10.90%
2026,27,38153,4.50%
2026,27,38195,7.50%
2026,27,38229,14.80%
2026,27,38624,4.30%
2026,27,38640,11.60%
2026,27,38660,6.00%
2026,27,38994,7.50%
2026,27,43172,3.10%
2026,27,38210,4.00%
2026,27,38242,3.90%
2026,27,38288,3.20%
2026,27,38346,4.20%
2026,27,38381,1.90%
2026,27,38517,2.20%
2026,27,38523,6.30%
2026,27,38713,8.00%
2026,27,38863,1.10%
2026,27,38879,7.40%
2026,27,38162,15.80%
2026,27,38177,9.60%
2026,27,38213,6.70%
2026,27,38332,3.70%
2026,27,38352,6.40%
2026,27,38356,5.30%
2026,27,38449,5.70%
2026,27,38542,12.20%
2026,27,38575,18.80%
2026,27,38588,13.50%
2026,27,38861,4.90%
2026,27,43046,8.20%
2026,27,43051,18.50%
2026,27,43160,14.40%
2026,27,38409,14.90%
2026,27,38448,12.10%
2026,27,38486,16.50%
2026,27,38551,10.40%
2026,27,38583,9.30%
2026,27,38675,16.80%
2026,27,38702,26.00%
2026,27,38703,12.70%
2026,27,43057,17.40%
2026,27,43084,13.50%
2026,27,43148,15.50%
2026,27,38147,8.10%
2026,27,38163,19.50%
2026,27,38174,5.20%
2026,27,38407,10.80%
2026,27,38672,6.20%
2026,27,38699,6.60%
2026,27,38700,5.30%
2026,27,38733,7.60%
2026,27,38753,7.10%
2026,27,38754,7.30%
2026,27,43047,15.70%
2026,27,43129,1.40%
2026,27,38121,13.30%
2026,27,38366,3.30%
2026,27,38386,4.50%
2026,27,38461,12.20%
2026,27,38538,9.40%
2026,27,38644,3.00%
2026,27,38709,14.50%
2026,27,38722,10.30%
2026,27,38727,3.70%
2026,27,38773,25.00%
2026,27,43041,2.60%
2026,27,38103,10.90%
2026,27,38104,12.80%
2026,27,38106,4.60%
2026,27,38112,14.50%
2026,27,38188,4.60%
2026,27,38227,0.90%
2026,27,38617,19.20%
2026,27,38646,13.00%
2026,27,38692,13.20%
2026,27,38730,6.70%
2026,27,38746,3.10%
2026,27,38954,4.80%
2026,27,43142,7.00%
2026,27,38115,9.00%
2026,27,38119,12.90%
2026,27,38142,7.70%
2026,27,38149,11.80%
2026,27,38266,21.50%
2026,27,38270,11.30%
2026,27,38363,12.50%
2026,27,38394,10.10%
2026,27,38507,13.30%
2026,27,38535,11.60%
2026,27,38925,7.70%
2026,27,43043,9.90%
2026,27,43130,12.30%
2026,27,38108,6.00%
2026,27,38110,1.70%
2026,27,38128,0.80%
2026,27,38187,1.30%
2026,27,38191,3.00%
2026,27,38220,8.00%
2026,27,38382,0.10%
2026,27,38415,3.70%
2026,27,38481,2.50%
2026,27,38522,8.00%
2026,27,38541,5.70%
2026,27,38597,7.80%
2026,27,38627,3.20%
2026,27,38136,7.10%
2026,27,38186,13.30%
2026,27,38230,23.20%
2026,27,38374,9.50%
2026,27,38442,9.00%
2026,27,38460,8.40%
2026,27,38606,6.00%
2026,27,38661,17.70%
2026,27,38674,14.70%
2026,27,38694,6.40%
2026,27,38792,6.60%
2026,27,38845,8.40%
2026,27,38138,3.00%
2026,27,38141,7.70%
2026,27,38319,5.80%
2026,27,38441,7.60%
2026,27,38547,12.40%
2026,27,38668,3.20%
2026,27,38841,8.30%
2026,27,38896,7.80%
2026,27,38987,6.40%
2026,27,43059,6.40%
2026,27,43068,0.70%
2026,27,38158,5.50%
2026,27,38166,4.50%
2026,27,38390,2.10%
2026,27,38400,0.80%
2026,27,38445,14.00%
2026,27,38512,15.90%
2026,27,38532,8.80%
2026,27,38751,5.50%
2026,27,38777,5.90%
2026,27,38780,11.10%
2026,27,38798,6.00%
2026,27,38810,4.60%
2026,27,38180,2.60%
2026,27,38184,9.60%
2026,27,38198,15.80%
2026,27,38533,3.90%
2026,27,38540,2.10%
2026,27,38564,10.60%
2026,27,38741,7.00%
2026,27,38765,20.70%
2026,27,38788,2.60%
2026,27,38865,9.80%
2026,27,38968,12.80%
2026,27,43179,0.70%
2026,27,38196,7.80%
2026,27,38246,18.30%
2026,27,38254,28.50%
2026,27,38263,17.90%
2026,27,38336,21.70%
2026,27,38596,10.40%
2026,27,38830,2.30%
2026,27,38883,24.90%
2026,27,38898,5.10%
2026,27,38935,17.10%
2026,27,38958,18.80%
2026,27,38963,47.60%
2026,27,43005,8.80%
2026,27,38205,8.10%
2026,27,38207,1.90%
2026,27,38371,28.60%
2026,27,38411,21.90%
2026,27,38527,8.50%
2026,27,38546,13.00%
2026,27,38651,6.40%
2026,27,38677,24.30%
2026,27,38719,18.70%
2026,27,38837,15.20%
2026,27,43111,25.40%
2026,27,43132,19.10%
2026,27,43194,4.80%
2026,27,43195,3.50%
2026,27,38248,9.40%
2026,27,38671,8.20%
2026,27,38680,4.10%
2026,27,38808,6.70%
2026,27,38816,13.80%
2026,27,38875,6.90%
2026,27,38984,4.90%
2026,27,43007,2.70%
2026,27,43019,8.60%
2026,27,43154,12.50%
2026,27,43181,16.40%
2026,27,43182,14.60%
2026,27,38258,8.30%
2026,27,38313,8.80%
2026,27,38322,3.70%
2026,27,38380,0.90%
2026,27,38545,5.40%
2026,27,38582,17.30%
2026,27,38670,4.60%
2026,27,38836,5.40%
2026,27,38869,12.10%
2026,27,38874,16.40%
2026,27,38977,1.70%
2026,27,43143,6.90%
2026,27,38122,5.30%
2026,27,38148,6.60%
2026,27,38150,6.10%
2026,27,38189,2.50%
2026,27,38225,3.00%
2026,27,38233,6.40%
2026,27,38361,11.60%
2026,27,38414,4.80%
2026,27,38438,8.00%
2026,27,38485,9.30%
2026,27,38508,5.70%
2026,27,38534,1.70%
2026,27,38578,3.10%
2026,27,38607,12.60%
2026,27,38633,4.80%
2026,27,38704,0.60%
2026,27,38747,0.00%
2026,27,38749,4.70%
2026,27,38769,8.10%
2026,27,38829,8.80%
2026,27,38847,10.50%
2026,27,38957,7.60%
2026,27,43011,8.10%
2026,27,43058,14.10%
2026,27,43147,14.40%
2026,27,38243,8.40%
2026,27,38252,7.70%
2026,27,38271,2.80%
2026,27,38274,3.20%
2026,27,38277,6.20%
2026,27,38307,5.30%
2026,27,38326,1.20%
2026,27,38383,6.40%
2026,27,38446,1.10%
2026,27,38509,4.30%
2026,27,38539,5.60%
2026,27,38664,8.10%
2026,27,38667,16.70%
2026,27,38740,6.70%
2026,27,38763,3.70%
2026,27,38778,6.30%
2026,27,38779,3.10%
2026,27,38922,5.20%
2026,27,38933,2.30%
2026,27,38948,2.10%
2026,27,38952,3.90%
2026,27,43016,11.90%
2026,27,43060,4.50%
2026,27,43106,17.50%
2026,27,43156,6.30%
2026,27,38245,12.80%
2026,27,38247,3.00%
2026,27,38251,12.10%
2026,27,38453,17.50%
2026,27,38552,3.70%
2026,27,38673,6.00%
2026,27,38884,14.10%
2026,27,38904,7.90%
2026,27,43027,16.40%
2026,27,43032,22.30%
2026,27,43089,12.90%
2026,27,38268,18.40%
2026,27,38286,16.20%
2026,27,38601,8.10%
2026,27,38642,6.80%
2026,27,38729,13.60%
2026,27,38809,1.50%
2026,27,38812,11.30%
2026,27,38832,20.10%
2026,27,38899,1.50%
2026,27,38997,10.60%
2026,27,43209,15.00%
2026,27,38262,11.30%
2026,27,38355,9.00%
2026,27,38392,12.40%
2026,27,38473,12.00%
2026,27,38506,6.00%
2026,27,38563,10.60%
2026,27,38630,4.70%
2026,27,38734,11.70%
2026,27,38891,9.10%
2026,27,38912,14.30%
2026,27,38974,9.50%
2026,27,43063,8.70%
2026,27,43185,20.70%
2026,27,38265,8.80%
2026,27,38412,0.40%
2026,27,38450,4.80%
2026,27,38737,7.50%
2026,27,38848,6.30%
2026,27,38934,3.10%
2026,27,38999,22.30%
2026,27,43076,15.50%
2026,27,43204,9.60%
2026,27,38683,6.00%
2026,27,38743,10.50%
2026,27,38873,14.50%
2026,27,43003,5.20%
2026,27,43042,9.90%
2026,27,43096,16.30%
2026,27,38283,8.40%
2026,27,38342,15.30%
2026,27,38353,38.80%
2026,27,38524,16.50%
2026,27,38591,13.50%
2026,27,38666,5.60%
2026,27,38685,15.60%
2026,27,38693,5.10%
2026,27,38797,14.90%
2026,27,38985,11.30%
2026,27,38998,3.10%
2026,27,43110,20.30%
2026,27,43168,8.40%
2026,27,38305,1.20%
2026,27,38860,5.50%
2026,27,38895,6.40%
2026,27,43036,6.50%
2026,27,43040,9.00%
2026,27,43125,20.00%
2026,27,43149,9.60%
2026,27,43155,5.70%
2026,27,38306,3.80%
2026,27,38315,8.60%
2026,27,38520,9.90%
2026,27,38631,7.10%
2026,27,38665,0.80%
2026,27,38669,3.50%
2026,27,38689,7.60%
2026,27,38735,9.60%
2026,27,38818,7.00%
2026,27,38953,4.40%
2026,27,43050,8.50%
2026,27,43071,7.30%
2026,27,38331,4.10%
2026,27,38459,6.80%
2026,27,38565,13.70%
2026,27,38650,19.60%
2026,27,38820,4.70%
2026,27,38947,14.90%
2026,27,38959,1.30%
2026,27,43031,5.20%
2026,27,43056,5.20%
2026,27,43093,7.10%
2026,27,38457,6.90%
2026,27,38492,4.00%
2026,27,38618,4.40%
2026,27,38776,6.90%
2026,27,38986,21.10%
2026,27,43161,17.80%
2026,27,38320,33.60%
2026,27,38323,4.30%
2026,27,38334,8.70%
2026,27,38350,6.90%
2026,27,38373,10.10%
2026,27,38388,7.80%
2026,27,38518,4.00%
2026,27,38573,16.60%
2026,27,38574,13.90%
2026,27,38598,12.60%
2026,27,38609,5.20%
2026,27,38705,7.70%
2026,27,38759,20.90%
2026,27,38786,10.20%
2026,27,38826,4.40%
2026,27,38955,3.50%
2026,27,38988,5.90%
2026,27,43054,23.90%
2026,27,43088,32.20%
2026,27,43098,6.60%
2026,27,43133,10.00%
2026,27,43134,10.50%
2026,27,38250,4.10%
2026,27,38295,11.20%
2026,27,38467,8.70%
2026,27,38728,4.90%
2026,27,38757,10.10%
2026,27,38864,5.50%
2026,27,38871,2.80%
2026,27,38886,1.60%
2026,27,38916,2.10%
2026,27,38944,5.00%
2026,27,38976,2.50%
2026,27,43033,7.10%
2026,27,43180,26.40%
2026,27,38351,6.10%
2026,27,38375,5.20%
2026,27,38429,12.50%
2026,27,38511,1.40%
2026,27,38567,5.80%
2026,27,38678,6.00%
2026,27,38684,15.30%
2026,27,38716,12.70%
2026,27,38718,4.70%
2026,27,38996,6.70%
2026,27,43034,8.40%
2026,27,43164,8.20%
2026,27,43183,7.70%
2026,27,38357,1.70%
2026,27,38358,6.10%
2026,27,38790,9.30%
2026,27,38793,9.00%
2026,27,38893,14.80%
2026,27,38908,2.60%
2026,27,38939,7.30%
2026,27,43170,6.20%
2026,27,38502,0.30%
2026,27,38594,3.40%
2026,27,38657,11.60%
2026,27,38659,5.60%
2026,27,38800,2.50%
2026,27,38801,3.40%
2026,27,38855,5.70%
2026,27,43026,3.80%
2026,27,43163,7.80%
2026,27,43169,8.90%
2026,27,38193,1.10%
2026,27,38372,4.00%
2026,27,38416,12.10%
2026,27,38499,5.50%
2026,27,38530,3.30%
2026,27,38549,4.40%
2026,27,38715,9.50%
2026,27,38764,0.60%
2026,27,38951,4.20%
2026,27,43105,3.10%
2026,27,38117,11.60%
2026,27,38176,30.70%
2026,27,38197,12.20%
2026,27,38427,4.40%
2026,27,38458,6.50%
2026,27,38475,13.00%
2026,27,38561,6.80%
2026,27,38590,7.80%
2026,27,38656,12.60%
2026,27,38695,8.60%
2026,27,38770,7.20%
2026,27,38859,5.70%
2026,27,43152,12.60%
2026,27,38126,1.70%
2026,27,38179,7.00%
2026,27,38185,3.90%
2026,27,38292,10.10%
2026,27,38439,7.90%
2026,27,38452,6.10%
2026,27,38466,2.90%
2026,27,38553,0.40%
2026,27,38568,2.80%
2026,27,38799,3.50%
2026,27,38815,4.80%
2026,27,38918,8.60%
2026,27,43107,5.10%
2026,27,38178,0.60%
2026,27,38199,10.70%
2026,27,38238,1.60%
2026,27,38244,4.80%
2026,27,38276,11.70%
2026,27,38303,0.50%
2026,27,38510,7.80%
2026,27,38603,16.90%
2026,27,38739,6.30%
2026,27,38844,8.30%
2026,27,38849,4.40%
2026,27,38970,22.50%
2026,27,38333,10.30%
2026,27,38339,17.80%
2026,27,38368,5.50%
2026,27,38401,14.70%
2026,27,38456,20.20%
2026,27,38515,12.60%
2026,27,38604,6.30%
2026,27,38862,15.60%
2026,27,38894,12.80%
2026,27,43193,4.50%
2026,27,38377,9.60%
2026,27,38480,13.40%
2026,27,38559,8.10%
2026,27,38629,9.10%
2026,27,38846,12.00%
2026,27,38882,18.00%
2026,27,43055,11.20%
2026,27,43135,13.30%
2026,27,38154,3.20%
2026,27,38221,5.70%
2026,27,38228,8.40%
2026,27,38241,2.60%
2026,27,38314,10.50%
2026,27,38324,5.70%
2026,27,38384,2.20%
2026,27,38592,14.50%
2026,27,38679,12.60%
2026,27,43030,7.80%
2026,27,43151,22.30%
2026,27,38348,9.10%
2026,27,38396,12.00%
2026,27,38410,4.40%
2026,27,38451,0.40%
2026,27,38536,6.20%
2026,27,38550,9.20%
2026,27,38649,17.20%
2026,27,38682,9.10%
2026,27,43044,11.70%
2026,27,43157,8.60%
2026,27,38255,9.50%
2026,27,38302,14.60%
2026,27,38311,11.70%
2026,27,38434,13.30%
2026,27,38714,6.30%
2026,27,38745,12.60%
2026,27,38814,6.30%
2026,27,38980,3.40%
2026,27,43092,13.80%
2026,27,43145,25.40%
2026,27,43171,15.80%
2026,27,43174,16.40%
2026,27,43219,32.20%
2026,27,38300,13.70%
2026,27,38316,13.90%
2026,27,38329,8.60%
2026,27,38655,6.10%
2026,27,38758,8.30%
2026,27,38867,12.40%
2026,27,38926,1.30%
2026,27,43000,15.30%
2026,27,38318,7.20%
2026,27,38337,0.80%
2026,27,38476,0.90%
2026,27,38621,2.10%
2026,27,38707,5.80%
2026,27,38892,0.90%
2026,27,38971,4.00%
2026,27,38973,15.10%
2026,27,38321,13.50%
2026,27,38325,3.40%
2026,27,38341,8.20%
2026,27,38490,2.40%
2026,27,38708,4.30%
2026,27,38909,3.70%
2026,27,38927,1.40%
2026,27,38932,8.90%
2026,27,38960,28.30%
2026,27,38170,4.20%
2026,27,38218,8.30%
2026,27,38237,2.70%
2026,27,38249,21.80%
2026,27,38287,5.60%
2026,27,38290,10.90%
2026,27,38304,9.00%
2026,27,38330,24.90%
2026,27,38905,2.50%
2026,27,38978,5.00%
2026,27,38431,18.60%
2026,27,38529,10.00%
2026,27,38811,10.20%
2026,27,38903,10.60%
2026,27,38924,14.10%
2026,27,38930,10.60%
2026,27,38937,11.30%
2026,27,38965,1.90%
2026,27,38992,13.20%
2026,27,38995,15.70%
2026,27,38123,9.10%
2026,27,38155,5.00%
2026,27,38203,3.50%
2026,27,38234,5.30%
2026,27,38376,6.40%
2026,27,38463,7.80%
2026,27,38465,1.70%
2026,27,38487,2.00%
2026,27,38497,7.70%
2026,27,38762,1.90%
2026,27,38785,7.30%
2026,27,43123,12.70%
2026,27,38201,3.60%
2026,27,38223,0.80%
2026,27,38224,5.50%
2026,27,38584,5.30%
2026,27,38742,9.20%
2026,27,38907,5.50%
2026,27,38278,4.10%
2026,27,38282,1.60%
2026,27,38310,10.40%
2026,27,38531,6.00%
2026,27,38537,23.70%
2026,27,38643,16.80%
2026,27,38870,11.30%
2026,27,38920,7.60%
2026,27,43018,4.20%
2026,27,38151,
2026,27,38161,
2026,27,38171,
2026,27,38182,
2026,27,38206,
2026,27,38215,
2026,27,38231,
2026,27,38232,
2026,27,38297,
2026,27,38298,
2026,27,38299,
2026,27,38385,
2026,27,38395,
2026,27,38420,
2026,27,38521,
2026,27,38576,
2026,27,38641,
2026,27,38688,
2026,27,38767,
2026,27,38775,
2026,27,38789,
2026,27,38795,
2026,27,38796,
2026,27,38803,
2026,27,38833,
2026,27,38851,
2026,27,38877,
2026,27,38880,
2026,27,38885,
2026,27,38901,
2026,27,38906,
2026,27,38910,
2026,27,38911,
2026,27,38929,
2026,27,38943,
2026,27,43082,
2026,27,43083,
2026,27,43162,
2026,27,43177,
2026,28,38209,1.60%
2026,28,38317,7.00%
2026,28,38489,5.90%
2026,28,38589,9.50%
2026,28,38843,4.20%
2026,28,38872,15.10%
2026,28,38950,5.50%
2026,28,38989,14.30%
2026,28,43029,10.50%
2026,28,38101,1.40%
2026,28,38272,3.80%
2026,28,38285,2.40%
2026,28,38291,0.60%
2026,28,38389,6.30%
2026,28,38404,3.30%
2026,28,38422,3.40%
2026,28,38433,4.50%
2026,28,38555,4.40%
2026,28,38613,5.40%
2026,28,38654,7.50%
2026,28,38681,3.50%
2026,28,43188,13.50%
2026,28,38387,12.40%
2026,28,38577,4.70%
2026,28,38721,7.90%
2026,28,38732,5.30%
2026,28,38736,5.30%
2026,28,38813,2.90%
2026,28,38821,2.50%
2026,28,38857,19.50%
2026,28,43008,12.70%
2026,28,43124,14.00%
2026,28,38344,6.80%
2026,28,38635,7.20%
2026,28,38109,10.20%
2026,28,38173,2.90%
2026,28,38312,11.70%
2026,28,38378,9.40%
2026,28,38423,0.80%
2026,28,38432,9.70%
2026,28,38440,5.30%
2026,28,38483,6.80%
2026,28,38498,2.20%
2026,28,38504,4.30%
2026,28,38556,1.70%
2026,28,38558,8.20%
2026,28,38602,6.40%
2026,28,38658,4.30%
2026,28,38752,5.60%
2026,28,38850,3.20%
2026,28,38113,10.50%
2026,28,38139,10.10%
2026,28,38152,15.90%
2026,28,38208,15.00%
2026,28,38239,4.70%
2026,28,38365,12.00%
2026,28,38417,10.90%
2026,28,38430,12.80%
2026,28,38484,11.30%
2026,28,38585,6.50%
2026,28,38620,5.10%
2026,28,38663,17.10%
2026,28,43025,10.70%
2026,28,38111,5.80%
2026,28,38118,4.70%
2026,28,38194,3.40%
2026,28,38219,4.30%
2026,28,38349,12.90%
2026,28,38399,5.70%
2026,28,38405,4.40%
2026,28,38470,7.60%
2026,28,38557,4.80%
2026,28,38581,0.80%
2026,28,38612,4.80%
2026,28,38676,3.80%
2026,28,38982,8.10%
2026,28,43045,7.70%
2026,28,38107,4.40%
2026,28,38116,6.60%
2026,28,38124,8.50%
2026,28,38129,6.90%
2026,28,38169,14.20%
2026,28,38398,9.30%
2026,28,38428,8.00%
2026,28,38447,1.10%
2026,28,38544,5.70%
2026,28,38571,10.60%
2026,28,38580,12.10%
2026,28,38615,10.30%
2026,28,38691,14.80%
2026,28,43159,4.90%
2026,28,38226,9.30%
2026,28,38279,4.30%
2026,28,38289,1.20%
2026,28,38418,1.00%
2026,28,38419,3.20%
2026,28,38468,4.90%
2026,28,38477,3.50%
2026,28,38496,8.00%
2026,28,38611,8.50%
2026,28,38645,1.10%
2026,28,38725,13.90%
2026,28,43070,13.10%
2026,28,38131,6.40%
2026,28,38172,4.20%
2026,28,38402,4.20%
2026,28,38406,2.50%
2026,28,38543,4.10%
2026,28,38560,2.50%
2026,28,38605,9.10%
2026,28,38625,6.50%
2026,28,38784,3.30%
2026,28,38791,0.10%
2026,28,38806,7.90%
2026,28,38866,2.50%
2026,28,38133,11.10%
2026,28,38190,6.90%
2026,28,38192,10.70%
2026,28,38280,8.00%
2026,28,38634,8.90%
2026,28,38638,9.20%
2026,28,38804,6.30%
2026,28,38949,3.90%
2026,28,43069,15.00%
2026,28,43074,30.10%
2026,28,43166,9.20%
2026,28,38146,9.00%
2026,28,38157,8.50%
2026,28,38444,0.00%
2026,28,38519,5.50%
2026,28,38698,5.00%
2026,28,38761,5.40%
2026,28,38768,13.80%
2026,28,38819,8.70%
2026,28,38831,9.10%
2026,28,38840,9.30%
2026,28,38897,8.10%
2026,28,43009,15.80%
2026,28,38114,16.80%
2026,28,38360,12.00%
2026,28,38367,6.90%
2026,28,38379,5.00%
2026,28,38393,12.10%
2026,28,38469,8.30%
2026,28,38471,5.60%
2026,28,38472,18.00%
2026,28,38494,9.00%
2026,28,38637,15.30%
2026,28,38817,9.60%
2026,28,38964,7.80%
2026,28,38164,8.40%
2026,28,38222,13.40%
2026,28,38264,7.70%
2026,28,38599,17.20%
2026,28,38690,8.70%
2026,28,38731,12.50%
2026,28,38756,3.30%
2026,28,38787,5.40%
2026,28,38942,16.20%
2026,28,43100,9.60%
2026,28,38204,10.60%
2026,28,38359,9.90%
2026,28,38876,12.30%
2026,28,38917,6.40%
2026,28,43021,18.70%
2026,28,38217,10.00%
2026,28,38257,7.40%
2026,28,38259,10.20%
2026,28,38516,7.60%
2026,28,38586,0.90%
2026,28,38610,7.40%
2026,28,38993,21.60%
2026,28,43086,27.90%
2026,28,43146,20.50%
2026,28,38211,17.50%
2026,28,38212,1.80%
2026,28,38214,10.00%
2026,28,38354,18.80%
2026,28,38370,15.90%
2026,28,38639,24.40%
2026,28,38711,22.20%
2026,28,38723,11.00%
2026,28,38889,7.10%
2026,28,38972,32.20%
2026,28,38990,25.30%
2026,28,43001,7.00%
2026,28,38134,6.70%
2026,28,38260,3.80%
2026,28,38340,7.20%
2026,28,38464,19.00%
2026,28,38482,11.60%
2026,28,38501,9.60%
2026,28,38513,5.10%
2026,28,38526,7.10%
2026,28,38569,7.80%
2026,28,38570,3.80%
2026,28,38579,9.40%
2026,28,38619,10.60%
2026,28,38888,3.10%
2026,28,38941,4.10%
2026,28,38296,6.60%
2026,28,38328,14.80%
2026,28,38435,11.60%
2026,28,38488,16.30%
2026,28,38712,11.90%
2026,28,38744,17.00%
2026,28,38805,5.20%
2026,28,38828,22.30%
2026,28,38928,9.20%
2026,28,38975,19.90%
2026,28,43186,22.60%
2026,28,38408,10.70%
2026,28,38525,14.50%
2026,28,38738,11.50%
2026,28,38781,4.20%
2026,28,38839,13.10%
2026,28,38946,12.90%
2026,28,38966,8.70%
2026,28,38967,13.30%
2026,28,38267,18.80%
2026,28,38503,6.80%
2026,28,38760,7.40%
2026,28,38825,9.30%
2026,28,38842,17.20%
2026,28,38919,13.30%
2026,28,38923,22.60%
2026,28,38979,9.00%
2026,28,38991,11.90%
2026,28,43190,14.80%
2026,28,38273,4.50%
2026,28,38275,1.20%
2026,28,38335,7.40%
2026,28,38454,1.10%
2026,28,38593,6.40%
2026,28,38887,2.70%
2026,28,38921,0.90%
2026,28,38956,4.70%
2026,28,38983,7.50%
2026,28,43114,3.60%
2026,28,43115,19.70%
2026,28,43138,11.20%
2026,28,38436,2.10%
2026,28,38491,3.40%
2026,28,38782,6.20%
2026,28,38890,5.50%
2026,28,43010,4.10%
2026,28,43113,13.30%
2026,28,43150,16.20%
2026,28,38236,11.20%
2026,28,38309,9.00%
2026,28,38397,8.90%
2026,28,38413,6.60%
2026,28,38566,7.40%
2026,28,38614,8.90%
2026,28,38636,6.90%
2026,28,38648,11.80%
2026,28,38696,2.60%
2026,28,38838,11.10%
2026,28,43118,9.50%
2026,28,43137,5.70%
2026,28,38159,17.10%
2026,28,38338,3.10%
2026,28,38345,13.40%
2026,28,38479,20.40%
2026,28,38647,18.40%
2026,28,38868,4.60%
2026,28,38881,7.70%
2026,28,38931,12.30%
2026,28,38938,9.70%
2026,28,38969,8.80%
2026,28,38137,8.10%
2026,28,38143,11.20%
2026,28,38144,11.30%
2026,28,38153,5.30%
2026,28,38195,9.10%
2026,28,38229,21.20%
2026,28,38624,6.40%
2026,28,38640,11.10%
2026,28,38660,7.40%
2026,28,38994,10.30%
2026,28,43172,6.50%
2026,28,38210,4.50%
2026,28,38242,3.80%
2026,28,38288,3.40%
2026,28,38346,3.50%
2026,28,38381,1.60%
2026,28,38517,3.40%
2026,28,38523,7.00%
2026,28,38713,9.30%
2026,28,38863,1.50%
2026,28,38879,6.00%
2026,28,38162,11.90%
2026,28,38177,9.70%
2026,28,38213,8.30%
2026,28,38332,5.90%
2026,28,38352,7.30%
2026,28,38356,4.40%
2026,28,38449,5.00%
2026,28,38542,16.40%
2026,28,38575,17.70%
2026,28,38588,14.20%
2026,28,38861,4.80%
2026,28,43046,10.30%
2026,28,43051,17.40%
2026,28,43160,13.30%
2026,28,38409,15.50%
2026,28,38448,15.40%
2026,28,38486,16.10%
2026,28,38551,10.30%
2026,28,38583,7.90%
2026,28,38675,18.70%
2026,28,38702,26.50%
2026,28,38703,11.70%
2026,28,43057,16.20%
2026,28,43084,11.10%
2026,28,43148,15.90%
2026,28,38147,8.10%
2026,28,38163,18.40%
2026,28,38174,5.20%
2026,28,38407,10.10%
2026,28,38672,8.00%
2026,28,38699,9.10%
2026,28,38700,5.40%
2026,28,38733,6.10%
2026,28,38753,6.10%
2026,28,38754,7.00%
2026,28,43047,23.00%
2026,28,43129,1.20%
2026,28,38121,13.30%
2026,28,38366,3.50%
2026,28,38386,5.50%
2026,28,38461,13.60%
2026,28,38538,7.00%
2026,28,38644,1.90%
2026,28,38709,13.10%
2026,28,38722,8.10%
2026,28,38727,4.80%
2026,28,43041,4.20%
2026,28,38103,12.90%
2026,28,38104,12.80%
2026,28,38106,3.10%
2026,28,38112,18.20%
2026,28,38188,6.20%
2026,28,38227,1.30%
2026,28,38617,21.30%
2026,28,38646,15.30%
2026,28,38692,13.40%
2026,28,38730,6.00%
2026,28,38746,4.50%
2026,28,38954,9.90%
2026,28,43142,4.70%
2026,28,38115,10.60%
2026,28,38119,11.30%
2026,28,38142,6.20%
2026,28,38149,12.30%
2026,28,38266,18.60%
2026,28,38270,15.70%
2026,28,38363,11.60%
2026,28,38394,13.90%
2026,28,38507,12.60%
2026,28,38535,12.40%
2026,28,38925,7.00%
2026,28,43043,10.80%
2026,28,43130,11.00%
2026,28,38108,5.60%
2026,28,38110,1.80%
2026,28,38128,0.80%
2026,28,38187,2.10%
2026,28,38191,3.60%
2026,28,38220,9.60%
2026,28,38415,4.10%
2026,28,38481,2.00%
2026,28,38522,7.30%
2026,28,38541,7.20%
2026,28,38597,7.40%
2026,28,38627,3.20%
2026,28,38136,10.40%
2026,28,38186,12.40%
2026,28,38230,20.70%
2026,28,38374,9.00%
2026,28,38442,8.60%
2026,28,38460,10.30%
2026,28,38606,5.60%
2026,28,38661,14.50%
2026,28,38674,15.60%
2026,28,38694,5.70%
2026,28,38792,7.10%
2026,28,38845,6.20%
2026,28,38138,2.70%
2026,28,38141,8.30%
2026,28,38319,4.60%
2026,28,38441,7.50%
2026,28,38547,10.10%
2026,28,38668,3.20%
2026,28,38841,7.50%
2026,28,38896,3.80%
2026,28,38987,6.30%
2026,28,43059,5.10%
2026,28,43068,0.40%
2026,28,38158,8.90%
2026,28,38166,7.10%
2026,28,38390,1.80%
2026,28,38400,0.90%
2026,28,38445,13.20%
2026,28,38512,15.40%
2026,28,38532,8.40%
2026,28,38751,6.40%
2026,28,38777,4.80%
2026,28,38780,17.90%
2026,28,38798,5.30%
2026,28,38810,3.20%
2026,28,38184,10.20%
2026,28,38198,28.30%
2026,28,38533,3.10%
2026,28,38540,1.60%
2026,28,38564,4.80%
2026,28,38741,9.60%
2026,28,38765,50.30%
2026,28,38788,4.90%
2026,28,38865,12.10%
2026,28,38968,13.40%
2026,28,43179,5.70%
2026,28,38196,8.70%
2026,28,38246,16.80%
2026,28,38254,26.70%
2026,28,38263,15.50%
2026,28,38336,28.60%
2026,28,38596,15.40%
2026,28,38830,8.90%
2026,28,38883,68.10%
2026,28,38898,6.80%
2026,28,38935,22.60%
2026,28,38958,14.90%
2026,28,38963,50.00%
2026,28,38981,0.10%
2026,28,43005,11.70%
2026,28,38205,6.50%
2026,28,38207,2.00%
2026,28,38371,32.30%
2026,28,38411,19.70%
2026,28,38527,10.10%
2026,28,38546,13.10%
2026,28,38651,4.90%
2026,28,38677,20.80%
2026,28,38719,20.40%
2026,28,38837,17.60%
2026,28,43111,22.10%
2026,28,43132,17.80%
2026,28,43194,5.70%
2026,28,43195,2.70%
2026,28,38248,10.70%
2026,28,38671,4.00%
2026,28,38680,5.00%
2026,28,38808,4.40%
2026,28,38816,9.80%
2026,28,38875,9.70%
2026,28,38984,5.70%
2026,28,43007,2.00%
2026,28,43019,8.30%
2026,28,43154,10.10%
2026,28,43181,15.00%
2026,28,43182,11.30%
2026,28,38258,7.10%
2026,28,38313,6.40%
2026,28,38322,8.10%
2026,28,38380,1.00%
2026,28,38545,4.90%
2026,28,38582,9.50%
2026,28,38670,5.20%
2026,28,38836,9.70%
2026,28,38869,13.00%
2026,28,38874,13.30%
2026,28,38977,0.20%
2026,28,43143,4.60%
2026,28,38122,5.30%
2026,28,38148,7.70%
2026,28,38150,5.40%
2026,28,38189,3.60%
2026,28,38225,2.00%
2026,28,38233,5.30%
2026,28,38361,12.00%
2026,28,38414,6.30%
2026,28,38438,6.20%
2026,28,38485,8.40%
2026,28,38508,7.50%
2026,28,38534,2.40%
2026,28,38578,6.30%
2026,28,38607,10.90%
2026,28,38633,5.00%
2026,28,38704,0.60%
2026,28,38747,0.00%
2026,28,38749,11.60%
2026,28,38769,8.50%
2026,28,38829,4.40%
2026,28,38847,11.20%
2026,28,38957,7.40%
2026,28,43011,8.00%
2026,28,43058,12.60%
2026,28,43147,14.50%
2026,28,38243,6.60%
2026,28,38252,7.40%
2026,28,38271,2.60%
2026,28,38274,3.60%
2026,28,38277,8.40%
2026,28,38307,4.70%
2026,28,38326,1.40%
2026,28,38383,3.70%
2026,28,38446,1.20%
2026,28,38509,5.40%
2026,28,38539,5.40%
2026,28,38664,10.60%
2026,28,38667,6.60%
2026,28,38740,6.30%
2026,28,38763,3.20%
2026,28,38778,6.20%
2026,28,38779,1.10%
2026,28,38922,5.40%
2026,28,38933,1.10%
2026,28,38948,2.20%
2026,28,38952,6.90%
2026,28,43016,7.60%
2026,28,43060,4.50%
2026,28,43106,21.40%
2026,28,43156,6.70%
2026,28,38245,14.00%
2026,28,38247,2.50%
2026,28,38251,9.90%
2026,28,38453,22.30%
2026,28,38552,4.20%
2026,28,38673,6.40%
2026,28,38884,15.90%
2026,28,38904,6.20%
2026,28,43027,17.00%
2026,28,43032,17.20%
2026,28,43089,13.90%
2026,28,38268,16.80%
2026,28,38286,20.90%
2026,28,38601,8.00%
2026,28,38642,6.70%
2026,28,38729,9.90%
2026,28,38809,4.60%
2026,28,38812,13.50%
2026,28,38832,34.10%
2026,28,38899,1.30%
2026,28,38997,11.90%
2026,28,43209,19.70%
2026,28,38262,10.60%
2026,28,38355,8.40%
2026,28,38392,10.00%
2026,28,38473,13.60%
2026,28,38506,10.10%
2026,28,38563,11.10%
2026,28,38630,3.30%
2026,28,38734,16.70%
2026,28,38891,6.70%
2026,28,38912,14.50%
2026,28,38974,10.70%
2026,28,43063,7.60%
2026,28,43185,20.70%
2026,28,38265,10.00%
2026,28,38412,2.70%
2026,28,38450,4.40%
2026,28,38737,7.50%
2026,28,38848,6.00%
2026,28,38934,10.00%
2026,28,38999,11.80%
2026,28,43076,20.40%
2026,28,43204,6.70%
2026,28,38683,13.40%
2026,28,38743,14.70%
2026,28,38873,13.00%
2026,28,43003,4.80%
2026,28,43042,13.70%
2026,28,43096,18.80%
2026,28,38283,5.90%
2026,28,38342,16.20%
2026,28,38353,33.90%
2026,28,38524,14.80%
2026,28,38591,15.70%
2026,28,38666,8.90%
2026,28,38685,18.10%
2026,28,38693,6.00%
2026,28,38797,16.10%
2026,28,38985,7.30%
2026,28,38998,3.70%
2026,28,43110,19.80%
2026,28,43168,6.10%
2026,28,38305,1.10%
2026,28,38860,6.10%
2026,28,38895,5.00%
2026,28,43036,4.10%
2026,28,43040,7.30%
2026,28,43125,19.00%
2026,28,43149,9.20%
2026,28,43155,9.10%
2026,28,38306,5.20%
2026,28,38315,8.70%
2026,28,38520,8.90%
2026,28,38631,9.80%
2026,28,38665,1.10%
2026,28,38669,3.60%
2026,28,38689,5.20%
2026,28,38735,12.20%
2026,28,38818,7.80%
2026,28,38953,4.20%
2026,28,43050,9.00%
2026,28,43071,7.20%
2026,28,38331,3.90%
2026,28,38459,7.40%
2026,28,38565,11.60%
2026,28,38650,12.20%
2026,28,38820,2.60%
2026,28,38947,7.20%
2026,28,38959,1.50%
2026,28,43031,5.30%
2026,28,43056,6.10%
2026,28,43093,8.40%
2026,28,38457,6.70%
2026,28,38492,4.20%
2026,28,38618,3.60%
2026,28,38776,11.30%
2026,28,38986,23.80%
2026,28,43161,23.50%
2026,28,38320,34.40%
2026,28,38323,4.00%
2026,28,38334,7.50%
2026,28,38350,10.50%
2026,28,38362,3.10%
2026,28,38373,10.30%
2026,28,38388,8.90%
2026,28,38518,4.50%
2026,28,38573,17.90%
2026,28,38574,16.50%
2026,28,38598,13.70%
2026,28,38609,4.80%
2026,28,38705,5.70%
2026,28,38759,19.60%
2026,28,38786,14.50%
2026,28,38826,3.30%
2026,28,38955,3.50%
2026,28,38988,2.20%
2026,28,43054,20.30%
2026,28,43088,34.50%
2026,28,43098,5.70%
2026,28,43133,11.70%
2026,28,43134,11.20%
2026,28,38250,3.20%
2026,28,38295,7.70%
2026,28,38467,8.70%
2026,28,38728,5.40%
2026,28,38757,10.30%
2026,28,38864,4.60%
2026,28,38871,2.00%
2026,28,38886,7.10%
2026,28,38916,2.10%
2026,28,38944,7.30%
2026,28,38976,3.60%
2026,28,43033,6.50%
2026,28,43180,29.40%
2026,28,38351,4.20%
2026,28,38375,6.10%
2026,28,38429,12.00%
2026,28,38511,1.90%
2026,28,38567,4.70%
2026,28,38678,4.40%
2026,28,38684,11.10%
2026,28,38716,11.30%
2026,28,38718,4.80%
2026,28,38996,7.40%
2026,28,43034,6.60%
2026,28,43164,7.30%
2026,28,43183,7.00%
2026,28,38357,4.10%
2026,28,38358,8.10%
2026,28,38790,8.80%
2026,28,38793,9.10%
2026,28,38893,8.90%
2026,28,38908,15.40%
2026,28,38939,4.40%
2026,28,43170,5.70%
2026,28,38502,0.30%
2026,28,38594,4.00%
2026,28,38657,11.80%
2026,28,38659,4.10%
2026,28,38800,3.90%
2026,28,38801,2.60%
2026,28,38855,6.00%
2026,28,43026,2.30%
2026,28,43163,7.70%
2026,28,43169,6.30%
2026,28,38193,4.00%
2026,28,38372,3.70%
2026,28,38416,11.50%
2026,28,38499,4.50%
2026,28,38530,4.90%
2026,28,38549,6.00%
2026,28,38715,11.90%
2026,28,38764,1.40%
2026,28,38951,4.40%
2026,28,43105,5.20%
2026,28,38117,8.20%
2026,28,38176,37.40%
2026,28,38197,9.90%
2026,28,38427,4.30%
2026,28,38458,5.30%
2026,28,38475,11.60%
2026,28,38561,5.80%
2026,28,38590,7.80%
2026,28,38656,11.80%
2026,28,38695,8.90%
2026,28,38770,5.60%
2026,28,38859,5.40%
2026,28,43152,10.30%
2026,28,38126,3.00%
2026,28,38179,9.10%
2026,28,38185,3.70%
2026,28,38292,8.90%
2026,28,38439,6.20%
2026,28,38452,7.30%
2026,28,38466,3.20%
2026,28,38553,0.10%
2026,28,38568,5.20%
2026,28,38799,3.80%
2026,28,38815,6.30%
2026,28,38918,6.00%
2026,28,43107,5.10%
2026,28,38178,12.60%
2026,28,38199,9.00%
2026,28,38238,1.80%
2026,28,38244,6.50%
2026,28,38276,12.50%
2026,28,38303,1.30%
2026,28,38510,8.40%
2026,28,38603,17.90%
2026,28,38739,14.10%
2026,28,38844,11.80%
2026,28,38849,8.20%
2026,28,38970,12.40%
2026,28,38333,9.00%
2026,28,38339,17.10%
2026,28,38368,5.50%
2026,28,38401,16.70%
2026,28,38456,18.60%
2026,28,38515,11.70%
2026,28,38604,6.90%
2026,28,38862,12.10%
2026,28,38894,9.70%
2026,28,43193,4.70%
2026,28,38377,15.30%
2026,28,38480,14.40%
2026,28,38559,10.50%
2026,28,38629,14.40%
2026,28,38846,10.50%
2026,28,38882,17.90%
2026,28,43055,16.00%
2026,28,43135,12.00%
2026,28,38154,4.20%
2026,28,38221,11.20%
2026,28,38228,10.60%
2026,28,38241,2.20%
2026,28,38314,10.10%
2026,28,38324,7.80%
2026,28,38384,2.00%
2026,28,38592,13.30%
2026,28,38679,9.10%
2026,28,43030,7.60%
2026,28,43151,21.40%
2026,28,38348,9.20%
2026,28,38396,14.00%
2026,28,38410,4.60%
2026,28,38451,0.20%
2026,28,38536,4.60%
2026,28,38550,6.20%
2026,28,38649,16.00%
2026,28,38682,7.10%
2026,28,43044,7.30%
2026,28,43157,10.60%
2026,28,38255,10.20%
2026,28,38302,21.00%
2026,28,38311,14.40%
2026,28,38434,12.20%
2026,28,38714,7.60%
2026,28,38745,13.20%
2026,28,38814,11.20%
2026,28,38980,3.10%
2026,28,43092,15.20%
2026,28,43145,22.70%
2026,28,43171,29.60%
2026,28,43174,15.50%
2026,28,43219,36.90%
2026,28,38300,20.30%
2026,28,38316,9.80%
2026,28,38329,6.40%
2026,28,38655,4.70%
2026,28,38758,7.90%
2026,28,38867,6.30%
2026,28,38926,3.10%
2026,28,43000,10.50%
2026,28,38318,5.40%
2026,28,38337,1.00%
2026,28,38476,0.70%
2026,28,38621,2.00%
2026,28,38707,7.20%
2026,28,38892,2.10%
2026,28,38971,3.80%
2026,28,38973,15.80%
2026,28,38321,6.30%
2026,28,38325,4.00%
2026,28,38341,7.00%
2026,28,38490,2.30%
2026,28,38708,1.80%
2026,28,38909,2.40%
2026,28,38927,1.40%
2026,28,38932,5.20%
2026,28,38960,19.50%
2026,28,38170,6.10%
2026,28,38218,11.40%
2026,28,38237,3.00%
2026,28,38249,17.80%
2026,28,38287,5.80%
2026,28,38290,7.90%
2026,28,38304,8.00%
2026,28,38330,23.50%
2026,28,38905,1.50%
2026,28,38978,5.60%
2026,28,38431,16.70%
2026,28,38529,8.40%
2026,28,38811,8.70%
2026,28,38903,9.60%
2026,28,38924,13.40%
2026,28,38930,11.20%
2026,28,38937,11.00%
2026,28,38965,2.20%
2026,28,38992,17.70%
2026,28,38995,14.80%
2026,28,38123,9.20%
2026,28,38155,6.50%
2026,28,38203,6.00%
2026,28,38234,6.10%
2026,28,38376,4.90%
2026,28,38463,7.10%
2026,28,38465,1.30%
2026,28,38487,1.50%
2026,28,38497,8.80%
2026,28,38762,2.30%
2026,28,38785,11.10%
2026,28,43123,10.60%
2026,28,38201,5.20%
2026,28,38223,0.90%
2026,28,38224,3.80%
2026,28,38584,6.30%
2026,28,38742,4.50%
2026,28,38907,6.90%
2026,28,38278,6.40%
2026,28,38282,1.10%
2026,28,38310,8.70%
2026,28,38531,7.90%
2026,28,38537,15.90%
2026,28,38643,12.80%
2026,28,38870,10.80%
2026,28,38920,6.40%
2026,28,43018,2.90%
2026,28,38151,
2026,28,38161,
2026,28,38165,
2026,28,38171,
2026,28,38182,
2026,28,38206,
2026,28,38231,
2026,28,38297,
2026,28,38298,
2026,28,38299,
2026,28,38385,
2026,28,38395,
2026,28,38420,
2026,28,38425,
2026,28,38521,
2026,28,38576,
2026,28,38641,
2026,28,38706,
2026,28,38775,
2026,28,38795,
2026,28,38796,
2026,28,38803,
2026,28,38833,
2026,28,38834,
2026,28,38853,
2026,28,38877,
2026,28,38885,
2026,28,38901,
2026,28,38902,
2026,28,38906,
2026,28,38910,
2026,28,38911,
2026,28,38929,
2026,28,38943,
2026,28,43035,
2026,28,43082,
2026,28,43083,
2026,28,43162,
2026,28,43177,
2026,29,38209,1.90%
2026,29,38317,6.40%
2026,29,38489,5.60%
2026,29,38589,8.30%
2026,29,38843,2.90%
2026,29,38872,13.10%
2026,29,38950,4.80%
2026,29,38989,12.80%
2026,29,43029,6.00%
2026,29,38101,2.20%
2026,29,38272,4.10%
2026,29,38285,2.50%
2026,29,38291,0.70%
2026,29,38389,6.90%
2026,29,38404,3.10%
2026,29,38422,3.50%
2026,29,38433,4.30%
2026,29,38555,5.10%
2026,29,38613,7.10%
2026,29,38654,11.30%
2026,29,38681,4.80%
2026,29,43188,9.60%
2026,29,38387,11.00%
2026,29,38577,4.60%
2026,29,38721,7.60%
2026,29,38732,4.50%
2026,29,38736,3.40%
2026,29,38813,2.40%
2026,29,38821,2.70%
2026,29,38857,16.80%
2026,29,43008,15.20%
2026,29,43124,10.90%
2026,29,38344,10.60%
2026,29,38635,7.60%
2026,29,38109,12.20%
2026,29,38173,3.30%
2026,29,38378,6.50%
2026,29,38423,0.30%
2026,29,38432,10.50%
2026,29,38440,11.60%
2026,29,38483,7.40%
2026,29,38498,2.10%
2026,29,38504,5.80%
2026,29,38554,0.00%
2026,29,38556,2.70%
2026,29,38558,8.20%
2026,29,38602,9.00%
2026,29,38658,4.70%
2026,29,38752,6.90%
2026,29,38850,3.50%
2026,29,38113,12.90%
2026,29,38139,8.90%
2026,29,38152,19.60%
2026,29,38208,18.80%
2026,29,38239,7.20%
2026,29,38365,8.50%
2026,29,38417,12.10%
2026,29,38430,7.30%
2026,29,38484,15.20%
2026,29,38585,10.20%
2026,29,38620,9.80%
2026,29,38663,14.80%
2026,29,43025,7.60%
2026,29,38111,6.70%
2026,29,38118,5.60%
2026,29,38194,3.60%
2026,29,38219,4.10%
2026,29,38349,15.70%
2026,29,38399,7.30%
2026,29,38405,4.20%
2026,29,38470,9.00%
2026,29,38557,6.30%
2026,29,38581,0.40%
2026,29,38612,7.10%
2026,29,38676,2.50%
2026,29,38982,12.40%
2026,29,43045,7.50%
2026,29,38107,3.60%
2026,29,38116,7.60%
2026,29,38124,7.40%
2026,29,38129,8.10%
2026,29,38169,16.30%
2026,29,38398,10.80%
2026,29,38428,8.00%
2026,29,38447,1.70%
2026,29,38544,4.40%
2026,29,38571,7.20%
2026,29,38580,9.10%
2026,29,38615,11.70%
2026,29,38691,14.30%
2026,29,43159,3.50%
2026,29,38226,12.80%
2026,29,38279,3.80%
2026,29,38289,2.40%
2026,29,38418,1.80%
2026,29,38419,2.80%
2026,29,38468,7.40%
2026,29,38477,3.90%
2026,29,38496,6.50%
2026,29,38611,7.40%
2026,29,38645,1.70%
2026,29,38725,14.20%
2026,29,43070,13.20%
2026,29,38131,5.40%
2026,29,38172,2.90%
2026,29,38402,5.40%
2026,29,38406,3.40%
2026,29,38543,3.90%
2026,29,38560,1.30%
2026,29,38605,5.30%
2026,29,38625,7.40%
2026,29,38784,4.00%
2026,29,38791,0.00%
2026,29,38806,13.00%
2026,29,38866,2.50%
2026,29,38133,12.70%
2026,29,38190,13.50%
2026,29,38192,16.90%
2026,29,38280,8.10%
2026,29,38634,6.80%
2026,29,38638,7.60%
2026,29,38804,4.50%
2026,29,38949,10.40%
2026,29,43069,22.20%
2026,29,43074,23.10%
2026,29,43166,11.00%
2026,29,38146,6.90%
2026,29,38157,6.90%
2026,29,38519,4.50%
2026,29,38698,4.30%
2026,29,38761,5.70%
2026,29,38768,18.60%
2026,29,38819,10.40%
2026,29,38831,8.70%
2026,29,38840,7.80%
2026,29,38897,7.30%
2026,29,43009,10.20%
2026,29,38114,18.50%
2026,29,38360,14.50%
2026,29,38367,8.30%
2026,29,38379,2.90%
2026,29,38393,11.40%
2026,29,38469,8.80%
2026,29,38471,8.10%
2026,29,38472,20.70%
2026,29,38494,11.30%
2026,29,38637,12.60%
2026,29,38817,2.70%
2026,29,38964,9.80%
2026,29,38164,7.10%
2026,29,38222,11.10%
2026,29,38264,8.80%
2026,29,38599,12.30%
2026,29,38690,9.20%
2026,29,38731,6.80%
2026,29,38756,4.90%
2026,29,38787,4.90%
2026,29,38942,18.20%
2026,29,43100,8.40%
2026,29,38204,9.40%
2026,29,38359,9.70%
2026,29,38876,17.00%
2026,29,38917,6.70%
2026,29,43021,28.10%
2026,29,38217,7.50%
2026,29,38257,11.80%
2026,29,38259,11.40%
2026,29,38516,9.50%
2026,29,38586,1.20%
2026,29,38610,4.30%
2026,29,38993,23.70%
2026,29,43086,22.80%
2026,29,43146,20.60%
2026,29,38211,13.80%
2026,29,38212,2.70%
2026,29,38214,14.50%
2026,29,38354,21.80%
2026,29,38370,12.40%
2026,29,38639,18.00%
2026,29,38711,22.00%
2026,29,38723,11.90%
2026,29,38889,5.80%
2026,29,38972,32.10%
2026,29,38990,32.60%
2026,29,43001,10.10%
2026,29,38134,5.80%
2026,29,38260,4.10%
2026,29,38340,9.60%
2026,29,38464,16.50%
2026,29,38482,12.90%
2026,29,38501,9.10%
2026,29,38513,6.00%
2026,29,38526,7.20%
2026,29,38569,7.80%
2026,29,38570,4.20%
2026,29,38579,8.50%
2026,29,38619,6.70%
2026,29,38888,4.20%
2026,29,38941,8.20%
2026,29,38296,7.80%
2026,29,38328,17.90%
2026,29,38435,10.60%
2026,29,38488,14.60%
2026,29,38712,8.50%
2026,29,38744,11.70%
2026,29,38805,4.10%
2026,29,38828,17.10%
2026,29,38928,8.20%
2026,29,38975,20.60%
2026,29,43186,20.90%
2026,29,38408,12.20%
2026,29,38525,15.10%
2026,29,38738,13.60%
2026,29,38781,3.50%
2026,29,38839,13.70%
2026,29,38946,12.20%
2026,29,38966,8.20%
2026,29,38967,11.60%
2026,29,38267,16.40%
2026,29,38503,7.50%
2026,29,38760,6.80%
2026,29,38825,11.70%
2026,29,38842,25.10%
2026,29,38923,20.00%
2026,29,38979,9.50%
2026,29,38991,10.50%
2026,29,43190,13.10%
2026,29,38273,7.20%
2026,29,38275,1.40%
2026,29,38335,5.20%
2026,29,38454,0.40%
2026,29,38593,7.50%
2026,29,38887,5.20%
2026,29,38921,0.60%
2026,29,38956,9.30%
2026,29,38983,7.90%
2026,29,43114,4.60%
2026,29,43115,15.50%
2026,29,43138,8.80%
2026,29,38436,3.20%
2026,29,38491,6.80%
2026,29,38782,4.10%
2026,29,38890,6.20%
2026,29,43010,5.70%
2026,29,43113,12.30%
2026,29,43150,17.20%
2026,29,38236,10.90%
2026,29,38309,5.60%
2026,29,38397,10.60%
2026,29,38413,4.40%
2026,29,38566,7.40%
2026,29,38614,11.50%
2026,29,38636,9.90%
2026,29,38648,12.00%
2026,29,38696,5.00%
2026,29,38838,10.80%
2026,29,43118,7.50%
2026,29,43137,5.60%
2026,29,38159,14.50%
2026,29,38338,4.10%
2026,29,38345,15.50%
2026,29,38479,21.10%
2026,29,38647,13.40%
2026,29,38868,4.10%
2026,29,38881,8.00%
2026,29,38931,11.00%
2026,29,38938,9.30%
2026,29,38969,6.40%
2026,29,38137,9.40%
2026,29,38143,13.50%
2026,29,38144,10.00%
2026,29,38153,3.80%
2026,29,38195,11.90%
2026,29,38229,15.70%
2026,29,38624,4.90%
2026,29,38640,11.30%
2026,29,38660,7.80%
2026,29,38994,12.40%
2026,29,43172,5.40%
2026,29,38210,5.40%
2026,29,38242,3.90%
2026,29,38288,3.70%
2026,29,38346,2.40%
2026,29,38381,1.60%
2026,29,38517,1.80%
2026,29,38523,7.20%
2026,29,38713,8.40%
2026,29,38863,0.70%
2026,29,38879,7.10%
2026,29,38162,10.90%
2026,29,38177,10.50%
2026,29,38213,8.70%
2026,29,38332,4.50%
2026,29,38352,6.20%
2026,29,38356,4.70%
2026,29,38449,4.40%
2026,29,38542,10.80%
2026,29,38575,14.20%
2026,29,38588,12.40%
2026,29,38861,5.70%
2026,29,43046,11.80%
2026,29,43051,18.80%
2026,29,43160,11.50%
2026,29,38409,11.30%
2026,29,38448,15.40%
2026,29,38486,14.70%
2026,29,38551,9.50%
2026,29,38583,8.30%
2026,29,38675,15.50%
2026,29,38702,22.30%
2026,29,38703,13.30%
2026,29,43057,8.20%
2026,29,43084,9.60%
2026,29,43148,15.40%
2026,29,38147,7.70%
2026,29,38163,20.70%
2026,29,38174,8.50%
2026,29,38407,10.50%
2026,29,38672,14.70%
2026,29,38699,6.70%
2026,29,38700,5.90%
2026,29,38733,7.30%
2026,29,38753,6.10%
2026,29,38754,5.30%
2026,29,43047,21.20%
2026,29,43129,1.20%
2026,29,38121,15.70%
2026,29,38366,5.20%
2026,29,38386,5.90%
2026,29,38461,10.60%
2026,29,38538,4.20%
2026,29,38644,3.70%
2026,29,38722,9.80%
2026,29,38727,5.50%
2026,29,43041,5.80%
2026,29,38103,13.40%
2026,29,38104,13.80%
2026,29,38106,2.00%
2026,29,38112,16.30%
2026,29,38188,10.70%
2026,29,38227,6.30%
2026,29,38617,22.40%
2026,29,38646,24.00%
2026,29,38692,13.20%
2026,29,38730,5.90%
2026,29,38746,3.40%
2026,29,38954,16.90%
2026,29,43142,3.40%
2026,29,38115,12.70%
2026,29,38119,10.30%
2026,29,38142,7.00%
2026,29,38149,14.40%
2026,29,38266,18.40%
2026,29,38270,17.90%
2026,29,38363,10.50%
2026,29,38394,20.60%
2026,29,38507,15.20%
2026,29,38535,8.90%
2026,29,38925,14.30%
2026,29,43043,11.50%
2026,29,43130,7.20%
2026,29,38108,5.60%
2026,29,38110,1.30%
2026,29,38128,0.90%
2026,29,38187,1.50%
2026,29,38191,2.50%
2026,29,38220,9.60%
2026,29,38382,0.10%
2026,29,38415,5.90%
2026,29,38481,5.40%
2026,29,38522,10.20%
2026,29,38541,9.50%
2026,29,38597,7.10%
2026,29,38627,2.10%
2026,29,38136,9.50%
2026,29,38186,19.60%
2026,29,38230,23.90%
2026,29,38374,10.70%
2026,29,38442,8.90%
2026,29,38460,13.10%
2026,29,38606,4.90%
2026,29,38661,19.00%
2026,29,38674,18.30%
2026,29,38694,5.50%
2026,29,38792,15.00%
2026,29,38845,8.30%
2026,29,38138,3.50%
2026,29,38141,5.90%
2026,29,38319,7.20%
2026,29,38441,9.00%
2026,29,38547,10.30%
2026,29,38668,2.20%
2026,29,38841,4.70%
2026,29,38896,5.00%
2026,29,38987,4.50%
2026,29,43059,6.00%
2026,29,43068,3.50%
2026,29,38158,10.40%
2026,29,38166,6.60%
2026,29,38390,2.30%
2026,29,38400,1.50%
2026,29,38445,10.00%
2026,29,38512,17.10%
2026,29,38532,14.90%
2026,29,38751,10.10%
2026,29,38755,0.10%
2026,29,38777,5.60%
2026,29,38780,19.90%
2026,29,38798,5.60%
2026,29,38810,4.70%
2026,29,38184,5.40%
2026,29,38198,17.20%
2026,29,38533,4.30%
2026,29,38540,0.50%
2026,29,38564,10.30%
2026,29,38741,11.80%
2026,29,38765,40.50%
2026,29,38788,1.60%
2026,29,38865,13.00%
2026,29,38968,9.80%
2026,29,43179,7.10%
2026,29,38196,8.60%
2026,29,38246,12.00%
2026,29,38254,25.60%
2026,29,38263,11.60%
2026,29,38336,29.50%
2026,29,38596,23.10%
2026,29,38830,6.90%
2026,29,38883,34.10%
2026,29,38898,5.70%
2026,29,38935,23.10%
2026,29,38958,17.10%
2026,29,38963,57.80%
2026,29,38981,0.00%
2026,29,43005,15.10%
2026,29,38205,5.50%
2026,29,38207,2.60%
2026,29,38371,39.10%
2026,29,38411,21.20%
2026,29,38527,9.90%
2026,29,38546,15.30%
2026,29,38651,4.00%
2026,29,38677,23.70%
2026,29,38719,22.10%
2026,29,38837,22.60%
2026,29,43111,22.30%
2026,29,43132,22.60%
2026,29,43194,7.80%
2026,29,43195,3.20%
2026,29,38248,9.60%
2026,29,38671,6.00%
2026,29,38680,5.00%
2026,29,38808,5.60%
2026,29,38816,2.80%
2026,29,38875,11.40%
2026,29,38984,3.50%
2026,29,43007,5.90%
2026,29,43019,11.90%
2026,29,43154,16.50%
2026,29,43181,10.80%
2026,29,43182,9.90%
2026,29,38258,7.70%
2026,29,38313,14.20%
2026,29,38322,6.10%
2026,29,38380,0.50%
2026,29,38545,7.70%
2026,29,38582,10.80%
2026,29,38670,7.40%
2026,29,38836,9.80%
2026,29,38869,10.20%
2026,29,38874,11.40%
2026,29,38977,1.10%
2026,29,43143,6.50%
2026,29,38122,4.70%
2026,29,38148,11.90%
2026,29,38150,6.30%
2026,29,38189,6.00%
2026,29,38225,1.50%
2026,29,38233,5.30%
2026,29,38361,15.90%
2026,29,38414,5.40%
2026,29,38438,7.60%
2026,29,38485,8.70%
2026,29,38508,10.70%
2026,29,38534,5.40%
2026,29,38578,3.50%
2026,29,38607,9.70%
2026,29,38633,4.70%
2026,29,38704,0.20%
2026,29,38749,9.60%
2026,29,38769,12.80%
2026,29,38829,9.30%
2026,29,38847,11.60%
2026,29,38957,9.90%
2026,29,43011,7.50%
2026,29,43058,12.90%
2026,29,43147,18.80%
2026,29,38243,11.50%
2026,29,38252,9.20%
2026,29,38271,3.20%
2026,29,38274,5.00%
2026,29,38277,5.40%
2026,29,38307,2.00%
2026,29,38326,2.20%
2026,29,38383,4.20%
2026,29,38446,1.00%
2026,29,38509,3.40%
2026,29,38539,4.10%
2026,29,38664,11.40%
2026,29,38667,5.60%
2026,29,38740,5.40%
2026,29,38763,2.30%
2026,29,38778,3.60%
2026,29,38779,1.50%
2026,29,38922,4.10%
2026,29,38933,0.80%
2026,29,38948,0.90%
2026,29,38952,8.20%
2026,29,43016,8.60%
2026,29,43060,4.00%
2026,29,43106,16.00%
2026,29,43156,5.50%
2026,29,38245,16.30%
2026,29,38247,2.90%
2026,29,38251,11.00%
2026,29,38453,10.60%
2026,29,38552,3.70%
2026,29,38673,5.40%
2026,29,38884,13.40%
2026,29,38904,5.70%
2026,29,43027,13.30%
2026,29,43032,22.30%
2026,29,43089,14.00%
2026,29,38268,18.20%
2026,29,38286,24.70%
2026,29,38601,10.60%
2026,29,38642,6.90%
2026,29,38729,9.90%
2026,29,38809,2.90%
2026,29,38812,12.00%
2026,29,38832,18.70%
2026,29,38899,4.90%
2026,29,38997,10.20%
2026,29,43209,18.00%
2026,29,38262,8.60%
2026,29,38355,6.90%
2026,29,38392,10.50%
2026,29,38473,11.60%
2026,29,38506,8.20%
2026,29,38563,9.80%
2026,29,38630,4.20%
2026,29,38734,14.80%
2026,29,38891,6.30%
2026,29,38912,10.40%
2026,29,38974,12.10%
2026,29,43063,12.10%
2026,29,43185,22.40%
2026,29,38265,12.10%
2026,29,38412,1.80%
2026,29,38450,5.00%
2026,29,38737,3.90%
2026,29,38848,4.40%
2026,29,38934,7.00%
2026,29,38999,6.60%
2026,29,43076,21.80%
2026,29,43204,6.40%
2026,29,38683,9.40%
2026,29,38743,14.50%
2026,29,38873,17.00%
2026,29,43003,9.30%
2026,29,43042,14.30%
2026,29,43096,22.90%
2026,29,38283,6.00%
2026,29,38342,15.00%
2026,29,38353,38.20%
2026,29,38524,9.50%
2026,29,38591,21.10%
2026,29,38666,8.90%
2026,29,38685,21.40%
2026,29,38693,5.00%
2026,29,38797,24.90%
2026,29,38985,14.30%
2026,29,38998,2.00%
2026,29,43110,14.80%
2026,29,43168,11.60%
2026,29,38305,1.20%
2026,29,38860,7.00%
2026,29,38895,7.80%
2026,29,43036,9.50%
2026,29,43040,10.60%
2026,29,43125,16.50%
2026,29,43149,9.10%
2026,29,43155,8.60%
2026,29,38306,7.40%
2026,29,38315,9.30%
2026,29,38520,9.00%
2026,29,38631,8.40%
2026,29,38665,1.70%
2026,29,38669,4.40%
2026,29,38689,2.40%
2026,29,38735,9.60%
2026,29,38818,6.20%
2026,29,38953,5.10%
2026,29,43050,7.90%
2026,29,43071,8.90%
2026,29,38331,5.40%
2026,29,38459,8.50%
2026,29,38565,10.50%
2026,29,38650,10.10%
2026,29,38820,1.80%
2026,29,38947,10.30%
2026,29,38959,0.80%
2026,29,43031,2.70%
2026,29,43056,5.00%
2026,29,43093,8.60%
2026,29,38457,6.30%
2026,29,38492,3.20%
2026,29,38618,1.10%
2026,29,38776,10.00%
2026,29,38986,24.40%
2026,29,43161,21.20%
2026,29,38320,28.60%
2026,29,38323,4.30%
2026,29,38334,7.60%
2026,29,38350,10.40%
2026,29,38362,0.90%
2026,29,38373,8.50%
2026,29,38388,7.90%
2026,29,38518,3.40%
2026,29,38573,22.50%
2026,29,38574,12.20%
2026,29,38598,11.20%
2026,29,38609,4.90%
2026,29,38705,3.00%
2026,29,38759,21.00%
2026,29,38786,10.70%
2026,29,38826,3.60%
2026,29,38955,2.40%
2026,29,38988,4.20%
2026,29,43054,26.30%
2026,29,43088,29.20%
2026,29,43098,5.70%
2026,29,43133,9.30%
2026,29,43134,7.80%
2026,29,38250,8.30%
2026,29,38295,6.70%
2026,29,38467,8.10%
2026,29,38728,3.70%
2026,29,38757,11.20%
2026,29,38864,6.00%
2026,29,38871,1.40%
2026,29,38886,3.50%
2026,29,38916,3.80%
2026,29,38944,5.20%
2026,29,38976,3.30%
2026,29,43033,11.80%
2026,29,43180,31.00%
2026,29,38351,3.10%
2026,29,38375,6.80%
2026,29,38429,16.10%
2026,29,38511,1.20%
2026,29,38567,6.50%
2026,29,38678,5.70%
2026,29,38684,9.80%
2026,29,38716,10.40%
2026,29,38718,10.30%
2026,29,38996,8.00%
2026,29,43034,7.70%
2026,29,43164,10.90%
2026,29,43183,7.40%
2026,29,38357,3.60%
2026,29,38358,6.30%
2026,29,38790,6.40%
2026,29,38793,7.90%
2026,29,38893,12.00%
2026,29,38908,15.20%
2026,29,38939,3.10%
2026,29,43170,3.90%
2026,29,38502,0.10%
2026,29,38594,2.40%
2026,29,38657,7.60%
2026,29,38659,3.00%
2026,29,38800,3.00%
2026,29,38801,2.60%
2026,29,38855,4.30%
2026,29,43026,3.70%
2026,29,43163,8.40%
2026,29,43169,8.40%
2026,29,38193,5.50%
2026,29,38372,2.90%
2026,29,38416,15.80%
2026,29,38499,5.00%
2026,29,38530,4.80%
2026,29,38549,4.90%
2026,29,38715,12.10%
2026,29,38764,1.10%
2026,29,38951,4.70%
2026,29,43105,8.20%
2026,29,38117,13.20%
2026,29,38176,29.10%
2026,29,38197,12.00%
2026,29,38427,6.50%
2026,29,38458,4.70%
2026,29,38475,12.30%
2026,29,38561,8.70%
2026,29,38590,8.20%
2026,29,38656,11.20%
2026,29,38695,8.20%
2026,29,38770,7.20%
2026,29,38859,8.80%
2026,29,43152,12.60%
2026,29,38126,2.40%
2026,29,38179,8.70%
2026,29,38185,7.50%
2026,29,38292,10.20%
2026,29,38439,9.40%
2026,29,38452,10.80%
2026,29,38466,4.20%
2026,29,38553,1.00%
2026,29,38568,3.50%
2026,29,38799,13.10%
2026,29,38815,5.20%
2026,29,38918,10.30%
2026,29,43107,8.00%
2026,29,38178,16.30%
2026,29,38199,9.40%
2026,29,38238,5.60%
2026,29,38244,5.40%
2026,29,38276,14.00%
2026,29,38303,1.70%
2026,29,38510,7.70%
2026,29,38603,13.30%
2026,29,38739,16.90%
2026,29,38844,11.10%
2026,29,38849,7.40%
2026,29,38970,11.60%
2026,29,38333,8.90%
2026,29,38339,22.00%
2026,29,38368,7.90%
2026,29,38401,19.10%
2026,29,38456,25.20%
2026,29,38515,11.00%
2026,29,38604,9.00%
2026,29,38862,13.70%
2026,29,38894,10.90%
2026,29,43193,7.30%
2026,29,38377,8.60%
2026,29,38480,13.20%
2026,29,38559,10.60%
2026,29,38629,18.70%
2026,29,38846,9.00%
2026,29,38882,15.20%
2026,29,43055,12.10%
2026,29,43135,11.90%
2026,29,38154,3.30%
2026,29,38221,12.60%
2026,29,38228,9.50%
2026,29,38241,2.40%
2026,29,38314,13.30%
2026,29,38324,5.20%
2026,29,38384,2.20%
2026,29,38592,14.80%
2026,29,38679,6.50%
2026,29,43030,10.60%
2026,29,43151,28.00%
2026,29,38348,10.50%
2026,29,38396,13.30%
2026,29,38410,5.50%
2026,29,38451,0.60%
2026,29,38536,4.30%
2026,29,38550,5.80%
2026,29,38649,17.60%
2026,29,38682,5.20%
2026,29,43044,13.40%
2026,29,43157,10.50%
2026,29,38255,12.70%
2026,29,38302,22.70%
2026,29,38311,12.50%
2026,29,38434,11.70%
2026,29,38714,8.70%
2026,29,38745,18.60%
2026,29,38814,13.70%
2026,29,38980,9.70%
2026,29,43092,16.80%
2026,29,43145,24.50%
2026,29,43171,26.20%
2026,29,43174,12.70%
2026,29,43219,32.00%
2026,29,38300,18.30%
2026,29,38316,12.60%
2026,29,38329,25.90%
2026,29,38655,7.20%
2026,29,38758,6.00%
2026,29,38867,9.40%
2026,29,38926,5.40%
2026,29,43000,20.60%
2026,29,38318,5.00%
2026,29,38337,1.00%
2026,29,38476,1.60%
2026,29,38621,1.90%
2026,29,38707,6.70%
2026,29,38892,0.60%
2026,29,38971,6.00%
2026,29,38973,18.40%
2026,29,38321,7.60%
2026,29,38325,3.10%
2026,29,38341,11.60%
2026,29,38490,5.70%
2026,29,38708,2.60%
2026,29,38909,6.70%
2026,29,38927,1.40%
2026,29,38932,10.60%
2026,29,38960,20.50%
2026,29,38170,10.30%
2026,29,38218,10.70%
2026,29,38237,6.20%
2026,29,38249,18.10%
2026,29,38287,5.60%
2026,29,38290,7.00%
2026,29,38304,9.50%
2026,29,38330,22.40%
2026,29,38905,1.80%
2026,29,38978,5.10%
2026,29,38431,16.10%
2026,29,38529,7.90%
2026,29,38811,8.50%
2026,29,38903,8.60%
2026,29,38924,11.90%
2026,29,38930,7.70%
2026,29,38937,9.60%
2026,29,38965,2.30%
2026,29,38992,10.00%
2026,29,38995,14.20%
2026,29,38123,10.90%
2026,29,38155,5.90%
2026,29,38203,6.20%
2026,29,38234,9.20%
2026,29,38376,6.20%
2026,29,38463,6.60%
2026,29,38465,5.60%
2026,29,38487,1.50%
2026,29,38497,12.60%
2026,29,38762,2.80%
2026,29,38785,13.00%
2026,29,43123,9.40%
2026,29,38201,3.30%
2026,29,38223,2.00%
2026,29,38224,6.10%
2026,29,38584,6.90%
2026,29,38742,6.80%
2026,29,38907,8.30%
2026,29,38278,9.90%
2026,29,38282,2.10%
2026,29,38310,7.70%
2026,29,38531,14.30%
2026,29,38537,9.50%
2026,29,38643,15.30%
2026,29,38870,12.30%
2026,29,38920,12.40%
2026,29,43018,4.10%
2026,29,38165,
2026,29,38167,
2026,29,38171,
2026,29,38182,
2026,29,38206,
2026,29,38231,
2026,29,38297,
2026,29,38299,
2026,29,38395,
2026,29,38521,
2026,29,38572,
2026,29,38576,
2026,29,38608,
2026,29,38641,
2026,29,38766,
2026,29,38775,
2026,29,38795,
2026,29,38796,
2026,29,38803,
2026,29,38834,
2026,29,38851,
2026,29,38877,
2026,29,38901,
2026,29,38906,
2026,29,38910,
2026,29,38911,
2026,29,38929,
2026,29,38943,
2026,29,43082,
2026,29,43083,
2026,29,43162,
2026,29,43177,
